ISO-10303-21;
HEADER;
FILE_DESCRIPTION (( 'STEP AP203' ),
    '1' );
FILE_NAME ('VLMU5200-serie-140.STEP',
    '2019-10-28T00:35:54',
    ( 'Philippe' ),
    ( '' ),
    'SwSTEP 2.0',
    'SolidWorks 2016',
    '' );
FILE_SCHEMA (( 'CONFIG_CONTROL_DESIGN' ));
ENDSEC;

DATA;
#1 = LOCAL_TIME ( 1, 35, 54.00000000000000000, #3880 ) ;
#2 = CARTESIAN_POINT ( 'NONE',  ( -0.1500000000000002200, 0.5250000000000000200, -0.6250000000000005600 ) ) ;
#3 = CARTESIAN_POINT ( 'NONE',  ( -6.711727734434085700E-015, 0.6049999999999999800, 0.6500000000000010200 ) ) ;
#5 = EDGE_LOOP ( 'NONE', ( #4123, #2532, #3106, #3976 ) ) ;
#4 = ORIENTED_EDGE ( 'NONE', *, *, #1995, .T. ) ;
#6 = EDGE_CURVE ( 'NONE', #1579, #1011, #2757, .T. ) ;
#7 = SHAPE_DEFINITION_REPRESENTATION ( #4958, #1378 ) ;
#8 = DIRECTION ( 'NONE',  ( -1.239088197126290700E-015, 0.0000000000000000000, -1.000000000000000000 ) ) ;
#9 = VERTEX_POINT ( 'NONE', #2428 ) ;
#10 = CARTESIAN_POINT ( 'NONE',  ( -1.124999999999994200, 0.5250000000000000200, 0.2500000000000053300 ) ) ;
#11 = DIRECTION ( 'NONE',  ( 0.0000000000000000000, 0.0000000000000000000, -1.000000000000000000 ) ) ;
#12 = ORIENTED_EDGE ( 'NONE', *, *, #1301, .T. ) ;
#13 = EDGE_CURVE ( 'NONE', #2536, #5120, #5238, .T. ) ;
#14 = CARTESIAN_POINT ( 'NONE',  ( -1.776177714672881000, 0.5000000000000000000, 1.573338007150887600 ) ) ;
#15 = EDGE_CURVE ( 'NONE', #3180, #2816, #94, .T. ) ;
#16 = ADVANCED_FACE ( 'NONE', ( #2354 ), #3757, .F. ) ;
#17 = LINE ( 'NONE', #286, #3018 ) ;
#18 = CIRCLE ( 'NONE', #4622, 0.2500000000000002200 ) ;
#19 = FACE_BOUND ( 'NONE', #1562, .T. ) ;
#20 = PLANE ( 'NONE',  #831 ) ;
#21 = DIRECTION ( 'NONE',  ( -3.407492542097299900E-015, 0.0000000000000000000, 1.000000000000000000 ) ) ;
#22 = DIRECTION ( 'NONE',  ( 2.017120320903264400E-016, 0.0000000000000000000, 1.000000000000000000 ) ) ;
#23 = CARTESIAN_POINT ( 'NONE',  ( 2.400000000000000800, 0.0000000000000000000, 2.450000000000000600 ) ) ;
#24 = VECTOR ( 'NONE', #1078, 1000.000000000000000 ) ;
#25 = VECTOR ( 'NONE', #4286, 1000.000000000000000 ) ;
#26 = DIRECTION ( 'NONE',  ( 0.0000000000000000000, 0.0000000000000000000, 1.000000000000000000 ) ) ;
#27 = DIRECTION ( 'NONE',  ( 1.000000000000000000, -0.0000000000000000000, 0.0000000000000000000 ) ) ;
#28 = LINE ( 'NONE', #3079, #2424 ) ;
#29 = ORIENTED_EDGE ( 'NONE', *, *, #2828, .T. ) ;
#30 = VECTOR ( 'NONE', #1934, 1000.000000000000000 ) ;
#31 = DIRECTION ( 'NONE',  ( 0.0000000000000000000, 1.000000000000000000, 0.0000000000000000000 ) ) ;
#32 = DIRECTION ( 'NONE',  ( 1.000000000000000000, -0.0000000000000000000, 0.0000000000000000000 ) ) ;
#33 = ORIENTED_EDGE ( 'NONE', *, *, #704, .T. ) ;
#34 = CARTESIAN_POINT ( 'NONE',  ( -0.2000000000000002100, 0.5250000000000000200, -1.075000000000000600 ) ) ;
#35 = VECTOR ( 'NONE', #4929, 1000.000000000000000 ) ;
#36 = ORIENTED_EDGE ( 'NONE', *, *, #4233, .T. ) ;
#37 = VERTEX_POINT ( 'NONE', #4983 ) ;
#38 = AXIS2_PLACEMENT_3D ( 'NONE', #3270, #1446, #4109 ) ;
#39 = ORIENTED_EDGE ( 'NONE', *, *, #1186, .F. ) ;
#40 = DIRECTION ( 'NONE',  ( -2.065146995210484400E-016, 0.0000000000000000000, -1.000000000000000000 ) ) ;
#41 = ORIENTED_EDGE ( 'NONE', *, *, #977, .T. ) ;
#42 = CARTESIAN_POINT ( 'NONE',  ( -0.2500000000000001100, 0.5249999999999999100, -0.6500000000000006900 ) ) ;
#43 = EDGE_LOOP ( 'NONE', ( #2551, #3813, #5294, #5460, #3217, #1278, #5025, #3162 ) ) ;
#44 = ORIENTED_EDGE ( 'NONE', *, *, #2404, .T. ) ;
#45 = CARTESIAN_POINT ( 'NONE',  ( 1.900000000000000800, -0.02500000000000000100, 0.3000000000000012100 ) ) ;
#46 = CARTESIAN_POINT ( 'NONE',  ( 0.0000000000000000000, 0.6049999999999999800, -0.3500000000000000300 ) ) ;
#47 = VERTEX_POINT ( 'NONE', #5425 ) ;
#48 = EDGE_CURVE ( 'NONE', #2449, #4017, #3301, .T. ) ;
#49 = DIRECTION ( 'NONE',  ( -0.0000000000000000000, -1.000000000000000000, -0.0000000000000000000 ) ) ;
#50 = DIRECTION ( 'NONE',  ( -2.717733445697237500E-014, 0.0000000000000000000, -1.000000000000000000 ) ) ;
#51 = ORIENTED_EDGE ( 'NONE', *, *, #302, .F. ) ;
#53 = CARTESIAN_POINT ( 'NONE',  ( -1.124999999999994200, 0.5000000000000000000, 0.2500000000000053300 ) ) ;
#52 = CARTESIAN_POINT ( 'NONE',  ( 0.3500000000000004800, 0.6049999999999999800, 1.075167154381460500E-015 ) ) ;
#54 = EDGE_CURVE ( 'NONE', #4110, #4525, #2953, .T. ) ;
#55 = ORIENTED_EDGE ( 'NONE', *, *, #1498, .F. ) ;
#56 = CARTESIAN_POINT ( 'NONE',  ( 1.399999999999998800, 0.6049999999999999800, 6.071532165918822500E-015 ) ) ;
#57 = CARTESIAN_POINT ( 'NONE',  ( 1.399999999999991500, 0.6049999999999999800, 1.400000000000009700 ) ) ;
#58 = VECTOR ( 'NONE', #4066, 1000.000000000000000 ) ;
#59 = EDGE_CURVE ( 'NONE', #1005, #1788, #2149, .T. ) ;
#60 = ORIENTED_EDGE ( 'NONE', *, *, #2442, .T. ) ;
#61 = VECTOR ( 'NONE', #5628, 1000.000000000000000 ) ;
#62 = EDGE_CURVE ( 'NONE', #4110, #4738, #1605, .T. ) ;
#63 = DIRECTION ( 'NONE',  ( 1.000000000000000000, -0.0000000000000000000, 3.252606517456516500E-015 ) ) ;
#64 = CARTESIAN_POINT ( 'NONE',  ( -0.2000000000000002100, 0.5250000000000000200, -0.6500000000000006900 ) ) ;
#65 = PLANE ( 'NONE',  #5403 ) ;
#66 = FACE_BOUND ( 'NONE', #43, .T. ) ;
#67 = CARTESIAN_POINT ( 'NONE',  ( 0.7400569921222783800, 0.6049999999999999800, 0.3500000000000053100 ) ) ;
#68 = EDGE_LOOP ( 'NONE', ( #3690, #4401, #5208, #4626 ) ) ;
#69 = PLANE ( 'NONE',  #3073 ) ;
#70 = AXIS2_PLACEMENT_3D ( 'NONE', #1619, #3227, #4939 ) ;
#71 = ORIENTED_EDGE ( 'NONE', *, *, #2862, .F. ) ;
#72 = CARTESIAN_POINT ( 'NONE',  ( 0.1500000000000060700, 0.5250000000000000200, 0.6249999999999698000 ) ) ;
#73 = DIRECTION ( 'NONE',  ( -1.548860246407861600E-016, 0.0000000000000000000, -1.000000000000000000 ) ) ;
#74 = EDGE_LOOP ( 'NONE', ( #2930, #3273, #1238, #1043 ) ) ;
#75 = APPLICATION_PROTOCOL_DEFINITION ( 'international standard', 'config_control_design', 1994, #2303 ) ;
#76 = CARTESIAN_POINT ( 'NONE',  ( 0.2649513006952652300, 1.066841518943849600, -0.5143892039638818800 ) ) ;
#77 = LINE ( 'NONE', #1785, #1525 ) ;
#78 = DIRECTION ( 'NONE',  ( 1.000000000000000000, 0.0000000000000000000, 0.0000000000000000000 ) ) ;
#79 = DIRECTION ( 'NONE',  ( -7.021499783715647100E-015, 0.0000000000000000000, 1.000000000000000000 ) ) ;
#80 = VERTEX_POINT ( 'NONE', #3260 ) ;
#81 = CARTESIAN_POINT ( 'NONE',  ( 1.400000000000005000, 0.6049999999999999800, -1.399999999999996400 ) ) ;
#82 = PLANE ( 'NONE',  #1475 ) ;
#83 = VECTOR ( 'NONE', #1994, 1000.000000000000000 ) ;
#84 = DIRECTION ( 'NONE',  ( -3.758567531283069900E-015, 0.0000000000000000000, 1.000000000000000000 ) ) ;
#85 = FACE_OUTER_BOUND ( 'NONE', #4997, .T. ) ;
#86 = ORIENTED_EDGE ( 'NONE', *, *, #3630, .T. ) ;
#87 = ORIENTED_EDGE ( 'NONE', *, *, #3013, .F. ) ;
#88 = LINE ( 'NONE', #4347, #2752 ) ;
#89 = EDGE_CURVE ( 'NONE', #1503, #1554, #988, .T. ) ;
#90 = CARTESIAN_POINT ( 'NONE',  ( 0.2649964914990700100, 1.006899971493698800, -0.5789593566461054300 ) ) ;
#91 = VECTOR ( 'NONE', #4216, 1000.000000000000000 ) ;
#92 = EDGE_CURVE ( 'NONE', #4409, #1199, #3897, .T. ) ;
#93 = VECTOR ( 'NONE', #2498, 1000.000000000000000 ) ;
#94 = LINE ( 'NONE', #4594, #5308 ) ;
#95 = EDGE_CURVE ( 'NONE', #1930, #506, #1181, .T. ) ;
#96 = LINE ( 'NONE', #2174, #5246 ) ;
#97 = ORIENTED_EDGE ( 'NONE', *, *, #4953, .T. ) ;
#98 = APPROVAL_ROLE ( '' ) ;
#99 = CARTESIAN_POINT ( 'NONE',  ( 0.4273646559769595000, 0.6161041092203464200, -0.4524353086733879900 ) ) ;
#100 = LINE ( 'NONE', #3125, #4452 ) ;
#101 = CARTESIAN_POINT ( 'NONE',  ( 0.4131747151231454600, 0.6069474020819570800, -1.228842625244249000 ) ) ;
#102 = LINE ( 'NONE', #2125, #641 ) ;
#103 = ORIENTED_EDGE ( 'NONE', *, *, #3594, .T. ) ;
#104 = LINE ( 'NONE', #3973, #2497 ) ;
#105 = CARTESIAN_POINT ( 'NONE',  ( 0.3769067773128248500, 0.6049999999999997600, -1.261263366089002700 ) ) ;
#107 = DIRECTION ( 'NONE',  ( 1.000000000000000000, -0.0000000000000000000, 0.0000000000000000000 ) ) ;
#106 = PLANE ( 'NONE',  #3745 ) ;
#108 = EDGE_LOOP ( 'NONE', ( #944, #5298, #5407, #585 ) ) ;
#109 = LINE ( 'NONE', #3186, #2093 ) ;
#110 = VERTEX_POINT ( 'NONE', #1609 ) ;
#111 = ORIENTED_EDGE ( 'NONE', *, *, #4540, .F. ) ;
#112 = PRODUCT_DEFINITION_FORMATION_WITH_SPECIFIED_SOURCE ( 'ANY', '', #921, .NOT_KNOWN. ) ;
#113 = CARTESIAN_POINT ( 'NONE',  ( 0.4013799196004062500, 0.6049999999999999800, -1.224833702852979900 ) ) ;
#114 = ORIENTED_EDGE ( 'NONE', *, *, #4373, .T. ) ;
#115 = VERTEX_POINT ( 'NONE', #3737 ) ;
#116 = APPROVAL_STATUS ( 'not_yet_approved' ) ;
#117 = ORIENTED_EDGE ( 'NONE', *, *, #4468, .T. ) ;
#118 = DIRECTION ( 'NONE',  ( 1.000000000000000000, 0.0000000000000000000, 0.0000000000000000000 ) ) ;
#119 = DIRECTION ( 'NONE',  ( 3.488302641909915300E-015, 0.0000000000000000000, -1.000000000000000000 ) ) ;
#120 = DIRECTION ( 'NONE',  ( 1.000000000000000000, 0.0000000000000000000, 6.505213034913029000E-015 ) ) ;
#121 = EDGE_CURVE ( 'NONE', #2773, #5601, #4375, .T. ) ;
#122 = DIRECTION ( 'NONE',  ( -1.000000000000000000, 0.0000000000000000000, -1.156482317317871800E-014 ) ) ;
#123 = LINE ( 'NONE', #428, #3197 ) ;
#125 = CARTESIAN_POINT ( 'NONE',  ( -1.400000000000001200, 0.6049999999999999800, -1.399999999999999900 ) ) ;
#124 = CARTESIAN_POINT ( 'NONE',  ( -0.3500000000000068600, 0.6000000000000000900, 0.6499999999999974700 ) ) ;
#126 = VERTEX_POINT ( 'NONE', #4124 ) ;
#127 = LINE ( 'NONE', #4366, #3863 ) ;
#128 = ORIENTED_EDGE ( 'NONE', *, *, #1519, .T. ) ;
#129 = EDGE_CURVE ( 'NONE', #1233, #2909, #835, .T. ) ;
#130 = FACE_BOUND ( 'NONE', #5028, .T. ) ;
#131 = CARTESIAN_POINT ( 'NONE',  ( 2.600000000000000100, 0.5000000000000000000, 2.599999999999999600 ) ) ;
#132 = FACE_OUTER_BOUND ( 'NONE', #5261, .T. ) ;
#133 = EDGE_CURVE ( 'NONE', #2425, #3577, #4035, .T. ) ;
#134 = SECURITY_CLASSIFICATION_LEVEL ( 'unclassified' ) ;
#135 = CARTESIAN_POINT ( 'NONE',  ( -1.400000000000000400, 0.6049999999999999800, -1.416690838714392700E-014 ) ) ;
#136 = CARTESIAN_POINT ( 'NONE',  ( -0.2000000000000002100, 0.5250000000000000200, -1.050000000000000500 ) ) ;
#137 = EDGE_LOOP ( 'NONE', ( #3080, #3946, #2662 ) ) ;
#138 = CARTESIAN_POINT ( 'NONE',  ( -2.276824562219564800E-015, 0.6049999999999999800, 0.3500000000000007000 ) ) ;
#139 = AXIS2_PLACEMENT_3D ( 'NONE', #3740, #2899, #279 ) ;
#140 = DIRECTION ( 'NONE',  ( -0.0000000000000000000, -1.000000000000000000, -0.0000000000000000000 ) ) ;
#141 = ORIENTED_EDGE ( 'NONE', *, *, #2228, .T. ) ;
#142 = ORIENTED_EDGE ( 'NONE', *, *, #2864, .T. ) ;
#143 = APPROVAL_DATE_TIME ( #1308, #2744 ) ;
#144 = AXIS2_PLACEMENT_3D ( 'NONE', #3207, #1019, #3638 ) ;
#145 = DIRECTION ( 'NONE',  ( 0.003478777433787417600, 0.9999939490354760000, -0.0000000000000000000 ) ) ;
#146 = CARTESIAN_POINT ( 'NONE',  ( -0.1933075571673791000, 1.027787101528986800, -0.6980480375071528300 ) ) ;
#148 = ORIENTED_EDGE ( 'NONE', *, *, #4858, .F. ) ;
#147 = VERTEX_POINT ( 'NONE', #246 ) ;
#149 = CARTESIAN_POINT ( 'NONE',  ( 0.3741553554892110800, 0.6049999999999997600, -1.252906375424901700 ) ) ;
#150 = ORIENTED_EDGE ( 'NONE', *, *, #1016, .T. ) ;
#151 = ORIENTED_EDGE ( 'NONE', *, *, #4131, .F. ) ;
#152 = EDGE_CURVE ( 'NONE', #5075, #4568, #2486, .T. ) ;
#153 = CARTESIAN_POINT ( 'NONE',  ( -0.3000000000000062100, 0.6000000000000000900, -1.449999999999993300 ) ) ;
#154 = VECTOR ( 'NONE', #2923, 1000.000000000000000 ) ;
#155 = LINE ( 'NONE', #793, #4034 ) ;
#156 = VECTOR ( 'NONE', #3269, 1000.000000000000000 ) ;
#157 = ADVANCED_FACE ( 'NONE', ( #2077 ), #4581, .T. ) ;
#158 = DIRECTION ( 'NONE',  ( 0.0000000000000000000, 0.0000000000000000000, -1.000000000000000000 ) ) ;
#159 = VECTOR ( 'NONE', #4260, 1000.000000000000000 ) ;
#160 = LINE ( 'NONE', #3981, #1608 ) ;
#161 = EDGE_CURVE ( 'NONE', #1990, #3918, #698, .T. ) ;
#162 = PLANE ( 'NONE',  #1357 ) ;
#163 = CARTESIAN_POINT ( 'NONE',  ( -0.3000000000000233000, 0.6000000000000000900, 1.449999999999992900 ) ) ;
#164 = EDGE_CURVE ( 'NONE', #4017, #4475, #5440, .T. ) ;
#165 = LINE ( 'NONE', #5541, #4582 ) ;
#166 = ORIENTED_EDGE ( 'NONE', *, *, #816, .T. ) ;
#167 = VECTOR ( 'NONE', #3564, 1000.000000000000000 ) ;
#168 = CARTESIAN_POINT ( 'NONE',  ( -2.399999999999999500, -0.02500000000000000100, 0.3000000000000012700 ) ) ;
#169 = ORIENTED_EDGE ( 'NONE', *, *, #2180, .F. ) ;
#170 = LINE ( 'NONE', #1419, #4324 ) ;
#171 = ORIENTED_EDGE ( 'NONE', *, *, #4019, .T. ) ;
#172 = ORIENTED_EDGE ( 'NONE', *, *, #164, .T. ) ;
#173 = DIRECTION ( 'NONE',  ( 0.0000000000000000000, 0.0000000000000000000, -1.000000000000000000 ) ) ;
#174 = ORIENTED_EDGE ( 'NONE', *, *, #3261, .T. ) ;
#175 = CARTESIAN_POINT ( 'NONE',  ( 0.3963023052875284700, 0.6049999999999997600, -0.5250072392710676300 ) ) ;
#176 = ORIENTED_EDGE ( 'NONE', *, *, #3058, .T. ) ;
#177 = EDGE_LOOP ( 'NONE', ( #55, #1677, #3141, #2408, #2696, #2496, #2199, #4057 ) ) ;
#178 = CARTESIAN_POINT ( 'NONE',  ( 2.214870152363249000E-015, 0.6000000000000000900, -0.6500000000000011300 ) ) ;
#179 = ORIENTED_EDGE ( 'NONE', *, *, #2302, .F. ) ;
#180 = ORIENTED_EDGE ( 'NONE', *, *, #694, .T. ) ;
#181 = AXIS2_PLACEMENT_3D ( 'NONE', #5217, #4361, #1368 ) ;
#182 = CARTESIAN_POINT ( 'NONE',  ( 0.4273646559769595000, 0.6161041092203464200, -0.4524353086733879900 ) ) ;
#183 = ADVANCED_FACE ( 'NONE', ( #4645 ), #4159, .F. ) ;
#184 = SECURITY_CLASSIFICATION ( '', '', #2286 ) ;
#185 = DIRECTION ( 'NONE',  ( 3.433306879537430400E-015, 0.0000000000000000000, -1.000000000000000000 ) ) ;
#186 = ORIENTED_EDGE ( 'NONE', *, *, #2584, .F. ) ;
#187 = DIRECTION ( 'NONE',  ( -0.0000000000000000000, -1.000000000000000000, -0.0000000000000000000 ) ) ;
#188 = FACE_OUTER_BOUND ( 'NONE', #4664, .T. ) ;
#189 = CARTESIAN_POINT ( 'NONE',  ( -1.400000000000008100, 0.6000000000000000900, 0.7400569921222661700 ) ) ;
#190 = VERTEX_POINT ( 'NONE', #664 ) ;
#191 = VECTOR ( 'NONE', #3029, 1000.000000000000000 ) ;
#192 = PLANE ( 'NONE',  #3962 ) ;
#193 = EDGE_CURVE ( 'NONE', #4897, #1548, #909, .T. ) ;
#194 = PLANE ( 'NONE',  #2319 ) ;
#195 = VECTOR ( 'NONE', #3256, 1000.000000000000000 ) ;
#196 = EDGE_CURVE ( 'NONE', #3395, #4041, #3761, .T. ) ;
#197 = VERTEX_POINT ( 'NONE', #1152 ) ;
#198 = EDGE_CURVE ( 'NONE', #2182, #5172, #4909, .T. ) ;
#199 = CARTESIAN_POINT ( 'NONE',  ( -3.632077277826450900E-015, 0.6049999999999999800, 0.3500000000000010900 ) ) ;
#200 = VERTEX_POINT ( 'NONE', #1954 ) ;
#201 = DIRECTION ( 'NONE',  ( -0.0000000000000000000, -1.000000000000000000, -0.0000000000000000000 ) ) ;
#203 = ORIENTED_EDGE ( 'NONE', *, *, #1745, .F. ) ;
#202 = VERTEX_POINT ( 'NONE', #3285 ) ;
#204 = DIRECTION ( 'NONE',  ( -3.252606517456516500E-015, 0.0000000000000000000, 1.000000000000000000 ) ) ;
#205 = CARTESIAN_POINT ( 'NONE',  ( -0.2499999999999954500, 0.5250000000000000200, 0.2500000000000084400 ) ) ;
#206 = ADVANCED_FACE ( 'NONE', ( #2220 ), #1471, .F. ) ;
#207 = LINE ( 'NONE', #4747, #280 ) ;
#208 = DIRECTION ( 'NONE',  ( 1.000000000000000000, 0.0000000000000000000, -2.065146995210484200E-016 ) ) ;
#209 = VERTEX_POINT ( 'NONE', #205 ) ;
#210 = LINE ( 'NONE', #2979, #2281 ) ;
#211 = FACE_OUTER_BOUND ( 'NONE', #4256, .T. ) ;
#212 = EDGE_LOOP ( 'NONE', ( #3609, #4538, #2376 ) ) ;
#213 = ORIENTED_EDGE ( 'NONE', *, *, #3169, .F. ) ;
#214 = LINE ( 'NONE', #4715, #4705 ) ;
#215 = LINE ( 'NONE', #2804, #5115 ) ;
#216 = EDGE_CURVE ( 'NONE', #3114, #4951, #2890, .T. ) ;
#217 = CARTESIAN_POINT ( 'NONE',  ( -1.449999999999995700, 0.5250000000000000200, -0.3000000000000080900 ) ) ;
#218 = FACE_OUTER_BOUND ( 'NONE', #5393, .T. ) ;
#219 = CARTESIAN_POINT ( 'NONE',  ( 1.449999999999996000, 0.5250000000000000200, 1.038948516590467600E-014 ) ) ;
#220 = DIRECTION ( 'NONE',  ( -0.9999939490354760000, 0.003478777433787410200, 0.0000000000000000000 ) ) ;
#221 = DIRECTION ( 'NONE',  ( -7.228014483236687700E-016, 0.0000000000000000000, -1.000000000000000000 ) ) ;
#222 = VECTOR ( 'NONE', #3477, 1000.000000000000000 ) ;
#223 = ORIENTED_EDGE ( 'NONE', *, *, #4564, .F. ) ;
#224 = VECTOR ( 'NONE', #1866, 1000.000000000000000 ) ;
#225 = CARTESIAN_POINT ( 'NONE',  ( 0.6499999999999915800, 0.6049999999999999800, 1.400000000000005000 ) ) ;
#226 = EDGE_CURVE ( 'NONE', #3914, #2100, #3096, .T. ) ;
#227 = ORIENTED_EDGE ( 'NONE', *, *, #745, .T. ) ;
#228 = FACE_OUTER_BOUND ( 'NONE', #74, .T. ) ;
#229 = EDGE_LOOP ( 'NONE', ( #782, #2438, #4367, #3535 ) ) ;
#230 = FACE_OUTER_BOUND ( 'NONE', #1624, .T. ) ;
#231 = EDGE_CURVE ( 'NONE', #2371, #3365, #4239, .T. ) ;
#232 = DIRECTION ( 'NONE',  ( 1.000000000000000000, 0.0000000000000000000, -8.673617379884021300E-015 ) ) ;
#233 = ORIENTED_EDGE ( 'NONE', *, *, #742, .F. ) ;
#234 = ADVANCED_FACE ( 'NONE', ( #559 ), #4129, .F. ) ;
#235 = VECTOR ( 'NONE', #462, 1000.000000000000000 ) ;
#236 = VERTEX_POINT ( 'NONE', #3688 ) ;
#237 = VERTEX_POINT ( 'NONE', #1976 ) ;
#238 = DIRECTION ( 'NONE',  ( 2.065146995210485200E-016, 0.0000000000000000000, 1.000000000000000000 ) ) ;
#239 = AXIS2_PLACEMENT_3D ( 'NONE', #1438, #1839, #4873 ) ;
#240 = DIRECTION ( 'NONE',  ( 2.017120320903263200E-016, 0.0000000000000000000, 1.000000000000000000 ) ) ;
#241 = DIRECTION ( 'NONE',  ( -1.000000000000000000, 0.0000000000000000000, 1.734723475976804900E-016 ) ) ;
#242 = CARTESIAN_POINT ( 'NONE',  ( -0.3500000000000010900, 0.6000000000000000900, 3.614007241618359000E-017 ) ) ;
#243 = DIRECTION ( 'NONE',  ( -0.0000000000000000000, -1.000000000000000000, -0.0000000000000000000 ) ) ;
#244 = ORIENTED_EDGE ( 'NONE', *, *, #3311, .T. ) ;
#245 = EDGE_LOOP ( 'NONE', ( #474, #2559, #339, #538 ) ) ;
#246 = CARTESIAN_POINT ( 'NONE',  ( -1.400000000000011200, 0.6049999999999999800, 1.099999999999986500 ) ) ;
#247 = ORIENTED_EDGE ( 'NONE', *, *, #1588, .F. ) ;
#248 = AXIS2_PLACEMENT_3D ( 'NONE', #836, #63, #1724 ) ;
#249 = AXIS2_PLACEMENT_3D ( 'NONE', #153, #2305, #5322 ) ;
#250 = FACE_OUTER_BOUND ( 'NONE', #3982, .T. ) ;
#251 = ORIENTED_EDGE ( 'NONE', *, *, #1776, .T. ) ;
#252 = CARTESIAN_POINT ( 'NONE',  ( -1.400000000000014800, 0.6049999999999999800, 1.399999999999986600 ) ) ;
#253 = VECTOR ( 'NONE', #2606, 1000.000000000000000 ) ;
#254 = EDGE_CURVE ( 'NONE', #2644, #343, #4513, .T. ) ;
#255 = LINE ( 'NONE', #163, #1155 ) ;
#256 = LINE ( 'NONE', #2950, #4485 ) ;
#257 = DIRECTION ( 'NONE',  ( 0.0000000000000000000, 1.000000000000000000, -0.0000000000000000000 ) ) ;
#258 = DIRECTION ( 'NONE',  ( -1.000000000000000000, 0.0000000000000000000, -0.0000000000000000000 ) ) ;
#259 = DIRECTION ( 'NONE',  ( 0.0000000000000000000, 0.0000000000000000000, 1.000000000000000000 ) ) ;
#260 = DIRECTION ( 'NONE',  ( 1.000000000000000000, 0.0000000000000000000, -0.0000000000000000000 ) ) ;
#261 = DIRECTION ( 'NONE',  ( 0.003478777433787417600, 0.9999939490354760000, -0.0000000000000000000 ) ) ;
#262 = ADVANCED_FACE ( 'NONE', ( #763 ), #739, .T. ) ;
#263 = CARTESIAN_POINT ( 'NONE',  ( 2.358213671730667200, 0.5000000000000000000, 2.899038061221088300E-016 ) ) ;
#264 = ORIENTED_EDGE ( 'NONE', *, *, #1883, .F. ) ;
#265 = EDGE_CURVE ( 'NONE', #200, #1136, #5506, .T. ) ;
#266 = VERTEX_POINT ( 'NONE', #301 ) ;
#267 = EDGE_CURVE ( 'NONE', #3872, #1136, #3370, .T. ) ;
#268 = EDGE_CURVE ( 'NONE', #1073, #3457, #2293, .T. ) ;
#269 = DIRECTION ( 'NONE',  ( 1.000000000000000000, 0.0000000000000000000, 3.355863867217037300E-015 ) ) ;
#270 = PLANE ( 'NONE',  #3926 ) ;
#271 = ORIENTED_EDGE ( 'NONE', *, *, #1824, .T. ) ;
#272 = ORIENTED_EDGE ( 'NONE', *, *, #1270, .T. ) ;
#273 = APPROVAL_PERSON_ORGANIZATION ( #892, #3791, #2711 ) ;
#274 = DIRECTION ( 'NONE',  ( -0.0000000000000000000, 1.000000000000000000, -0.0000000000000000000 ) ) ;
#276 = ORIENTED_EDGE ( 'NONE', *, *, #730, .F. ) ;
#275 = ORIENTED_EDGE ( 'NONE', *, *, #618, .T. ) ;
#277 = CARTESIAN_POINT ( 'NONE',  ( 0.4131747151231454600, 0.6069474020819570800, -1.228842625244249000 ) ) ;
#278 = CARTESIAN_POINT ( 'NONE',  ( 0.3000000000000008200, 0.0000000000000000000, -2.449999999999999700 ) ) ;
#279 = DIRECTION ( 'NONE',  ( -1.000000000000000000, 0.0000000000000000000, -8.095376221224623800E-015 ) ) ;
#280 = VECTOR ( 'NONE', #411, 1000.000000000000000 ) ;
#281 = DIRECTION ( 'NONE',  ( 1.032573497605242000E-016, 0.0000000000000000000, 1.000000000000000000 ) ) ;
#282 = DIRECTION ( 'NONE',  ( -0.9999939490354758900, 0.003478777433787432400, 0.0000000000000000000 ) ) ;
#283 = VECTOR ( 'NONE', #4952, 1000.000000000000000 ) ;
#284 = VERTEX_POINT ( 'NONE', #1184 ) ;
#285 = ORIENTED_EDGE ( 'NONE', *, *, #4025, .F. ) ;
#286 = CARTESIAN_POINT ( 'NONE',  ( 0.0000000000000000000, 0.0000000000000000000, 2.100000000000001000 ) ) ;
#287 = FACE_OUTER_BOUND ( 'NONE', #2990, .T. ) ;
#288 = VECTOR ( 'NONE', #3480, 1000.000000000000000 ) ;
#289 = VECTOR ( 'NONE', #5037, 1000.000000000000000 ) ;
#290 = CC_DESIGN_DATE_AND_TIME_ASSIGNMENT ( #2603, #3992, ( #4078 ) ) ;
#291 = CARTESIAN_POINT ( 'NONE',  ( -0.008349065841095756500, 0.7000145223148579500, 0.0000000000000000000 ) ) ;
#292 = FACE_BOUND ( 'NONE', #3435, .T. ) ;
#293 = ADVANCED_FACE ( 'NONE', ( #4310, #3497, #19, #2342 ), #5489, .F. ) ;
#294 = LINE ( 'NONE', #4014, #5312 ) ;
#295 = DIRECTION ( 'NONE',  ( 1.000000000000000000, 0.0000000000000000000, 1.084202172485504400E-016 ) ) ;
#296 = DIRECTION ( 'NONE',  ( -0.0000000000000000000, -1.000000000000000000, -0.0000000000000000000 ) ) ;
#297 = FACE_BOUND ( 'NONE', #1826, .T. ) ;
#298 = ORIENTED_EDGE ( 'NONE', *, *, #3271, .F. ) ;
#299 = CARTESIAN_POINT ( 'NONE',  ( -0.6249999999999942300, 0.5250000000000000200, 0.2500000000000071100 ) ) ;
#300 = FACE_OUTER_BOUND ( 'NONE', #1629, .T. ) ;
#301 = CARTESIAN_POINT ( 'NONE',  ( 0.3500000000000025900, 0.6000000000000000900, -0.7400569921222794900 ) ) ;
#302 = EDGE_CURVE ( 'NONE', #3486, #3352, #3639, .T. ) ;
#303 = ORIENTED_EDGE ( 'NONE', *, *, #4076, .F. ) ;
#304 = LINE ( 'NONE', #2298, #1066 ) ;
#305 = ORIENTED_EDGE ( 'NONE', *, *, #4677, .T. ) ;
#306 = DIRECTION ( 'NONE',  ( 0.7071067811865474600, 0.0000000000000000000, -0.7071067811865474600 ) ) ;
#307 = ORIENTED_EDGE ( 'NONE', *, *, #3554, .T. ) ;
#308 = EDGE_CURVE ( 'NONE', #1851, #3486, #3764, .T. ) ;
#309 = ORIENTED_EDGE ( 'NONE', *, *, #5070, .F. ) ;
#310 = CARTESIAN_POINT ( 'NONE',  ( 1.400000000000000100, -0.02500000000000000100, 0.0000000000000000000 ) ) ;
#311 = ORIENTED_EDGE ( 'NONE', *, *, #941, .F. ) ;
#312 = EDGE_LOOP ( 'NONE', ( #3481, #713, #3862, #176 ) ) ;
#313 = ORIENTED_EDGE ( 'NONE', *, *, #1565, .F. ) ;
#314 = EDGE_LOOP ( 'NONE', ( #819, #5454, #4892, #980 ) ) ;
#315 = AXIS2_PLACEMENT_3D ( 'NONE', #1737, #3890, #873 ) ;
#316 = CARTESIAN_POINT ( 'NONE',  ( 0.2499999999999958900, 0.5250000000000000200, 0.2500000000000028300 ) ) ;
#317 = PLANE ( 'NONE',  #2591 ) ;
#318 = EDGE_LOOP ( 'NONE', ( #494, #4716, #4259, #3021 ) ) ;
#319 = CARTESIAN_POINT ( 'NONE',  ( -8.279362044434763700E-016, 0.0000000000000000000, -2.099999999999999600 ) ) ;
#320 = ADVANCED_FACE ( 'NONE', ( #2013 ), #1369, .F. ) ;
#321 = ADVANCED_FACE ( 'NONE', ( #2762 ), #82, .F. ) ;
#322 = PLANE ( 'NONE',  #609 ) ;
#323 = AXIS2_PLACEMENT_3D ( 'NONE', #1269, #1707, #2942 ) ;
#324 = LINE ( 'NONE', #3136, #1774 ) ;
#325 = FACE_OUTER_BOUND ( 'NONE', #1687, .T. ) ;
#326 = ADVANCED_FACE ( 'NONE', ( #3971 ), #5218, .T. ) ;
#327 = LINE ( 'NONE', #4094, #3934 ) ;
#328 = EDGE_CURVE ( 'NONE', #3628, #4539, #3445, .T. ) ;
#329 = CARTESIAN_POINT ( 'NONE',  ( 0.2851200706794352900, 1.091632514127298700, -1.191493353948167600 ) ) ;
#330 = CARTESIAN_POINT ( 'NONE',  ( -0.2000000000000008200, 0.5250000000000000200, -0.6500000000000006900 ) ) ;
#331 = CARTESIAN_POINT ( 'NONE',  ( -2.375090593447391400, 0.5000000000000000000, 2.897552781341955700E-016 ) ) ;
#332 = EDGE_CURVE ( 'NONE', #3266, #1422, #3901, .T. ) ;
#333 = ORIENTED_EDGE ( 'NONE', *, *, #6, .F. ) ;
#334 = CARTESIAN_POINT ( 'NONE',  ( -1.124999999999994200, 0.5000000000000000000, 0.2500000000000053300 ) ) ;
#335 = PLANE ( 'NONE',  #2492 ) ;
#336 = EDGE_CURVE ( 'NONE', #1096, #3585, #1676, .T. ) ;
#337 = DIRECTION ( 'NONE',  ( -0.0000000000000000000, 0.0000000000000000000, 1.000000000000000000 ) ) ;
#339 = ORIENTED_EDGE ( 'NONE', *, *, #267, .T. ) ;
#338 = ORIENTED_EDGE ( 'NONE', *, *, #5101, .F. ) ;
#340 = EDGE_CURVE ( 'NONE', #4568, #2478, #4315, .T. ) ;
#341 = LINE ( 'NONE', #2636, #477 ) ;
#342 = CARTESIAN_POINT ( 'NONE',  ( -1.040056992122280400, 0.6049999999999999800, -0.3499999999999999800 ) ) ;
#343 = VERTEX_POINT ( 'NONE', #2239 ) ;
#344 = ADVANCED_FACE ( 'NONE', ( #1403 ), #4424, .F. ) ;
#345 = ADVANCED_FACE ( 'NONE', ( #3572 ), #3123, .T. ) ;
#346 = B_SPLINE_CURVE_WITH_KNOTS ( 'NONE', 3,
 ( #888, #3928, #972, #1896 ),
 .UNSPECIFIED., .F., .F.,
 ( 4, 4 ),
 ( 0.0000000000000000000, 7.330094090646794200E-006 ),
 .UNSPECIFIED. ) ;
#347 = CARTESIAN_POINT ( 'NONE',  ( -1.499999999999995600, 0.5250000000000000200, 0.2500000000000038900 ) ) ;
#348 = LINE ( 'NONE', #4047, #5039 ) ;
#349 = ORIENTED_EDGE ( 'NONE', *, *, #3836, .F. ) ;
#350 = DIRECTION ( 'NONE',  ( -1.000000000000000000, 0.0000000000000000000, -0.0000000000000000000 ) ) ;
#351 = CARTESIAN_POINT ( 'NONE',  ( 0.3895375945020958500, 0.6050000000000086400, -0.4771713612691554400 ) ) ;
#352 = ORIENTED_EDGE ( 'NONE', *, *, #5060, .T. ) ;
#353 = ADVANCED_FACE ( 'NONE', ( #5048 ), #1330, .F. ) ;
#354 = VECTOR ( 'NONE', #472, 1000.000000000000000 ) ;
#355 = FACE_OUTER_BOUND ( 'NONE', #3042, .T. ) ;
#356 = FACE_OUTER_BOUND ( 'NONE', #1497, .T. ) ;
#357 = CARTESIAN_POINT ( 'NONE',  ( 2.600000000000000100, 0.0000000000000000000, 2.599999999999999600 ) ) ;
#358 = DIRECTION ( 'NONE',  ( 1.000000000000000000, -0.0000000000000000000, 1.055918637551109700E-014 ) ) ;
#359 = DIRECTION ( 'NONE',  ( 0.0000000000000000000, 1.000000000000000000, 0.0000000000000000000 ) ) ;
#360 = FACE_OUTER_BOUND ( 'NONE', #1794, .T. ) ;
#361 = ORIENTED_EDGE ( 'NONE', *, *, #5073, .F. ) ;
#362 = LINE ( 'NONE', #2313, #1125 ) ;
#363 = CARTESIAN_POINT ( 'NONE',  ( -0.1936026464728630700, 1.002350555393703100, -1.101865894778749000 ) ) ;
#364 = ORIENTED_EDGE ( 'NONE', *, *, #1854, .F. ) ;
#365 = FACE_OUTER_BOUND ( 'NONE', #5467, .T. ) ;
#366 = ORIENTED_EDGE ( 'NONE', *, *, #54, .T. ) ;
#367 = EDGE_LOOP ( 'NONE', ( #2565, #3006, #2448, #2601 ) ) ;
#368 = CARTESIAN_POINT ( 'NONE',  ( -0.3500000000000004800, 0.6049999999999999800, -3.541727096785987200E-015 ) ) ;
#369 = CARTESIAN_POINT ( 'NONE',  ( 0.3500000000000004800, 0.6049999999999999800, 1.075167154381460500E-015 ) ) ;
#370 = DIRECTION ( 'NONE',  ( 1.000000000000000000, 0.0000000000000000000, 3.394024192128579700E-015 ) ) ;
#371 = ORIENTED_EDGE ( 'NONE', *, *, #2020, .T. ) ;
#372 = DIRECTION ( 'NONE',  ( -0.0000000000000000000, -1.000000000000000000, -0.0000000000000000000 ) ) ;
#373 = EDGE_LOOP ( 'NONE', ( #1543, #4049, #439, #1010 ) ) ;
#374 = ORIENTED_EDGE ( 'NONE', *, *, #1270, .F. ) ;
#375 = VERTEX_POINT ( 'NONE', #1755 ) ;
#376 = EDGE_CURVE ( 'NONE', #3921, #3781, #3033, .T. ) ;
#377 = PLANE ( 'NONE',  #430 ) ;
#378 = EDGE_CURVE ( 'NONE', #5123, #200, #1328, .T. ) ;
#379 = ORIENTED_EDGE ( 'NONE', *, *, #2908, .F. ) ;
#380 = DIRECTION ( 'NONE',  ( -1.000000000000000000, 0.0000000000000000000, -6.814985084194599900E-015 ) ) ;
#381 = ORIENTED_EDGE ( 'NONE', *, *, #5109, .F. ) ;
#382 = ORIENTED_EDGE ( 'NONE', *, *, #857, .F. ) ;
#383 = ADVANCED_FACE ( 'NONE', ( #563 ), #904, .T. ) ;
#384 = CARTESIAN_POINT ( 'NONE',  ( 0.3499999999999988100, 0.6049999999999999800, 0.3500000000000026400 ) ) ;
#385 = DIRECTION ( 'NONE',  ( -0.0000000000000000000, -1.000000000000000000, -0.0000000000000000000 ) ) ;
#386 = VECTOR ( 'NONE', #4634, 1000.000000000000000 ) ;
#387 = ORIENTED_EDGE ( 'NONE', *, *, #3554, .F. ) ;
#388 = ORIENTED_EDGE ( 'NONE', *, *, #1235, .T. ) ;
#389 = VECTOR ( 'NONE', #3070, 1000.000000000000000 ) ;
#390 = AXIS2_PLACEMENT_3D ( 'NONE', #4827, #1831, #2659 ) ;
#391 = DIRECTION ( 'NONE',  ( -0.0000000000000000000, -1.000000000000000000, -0.0000000000000000000 ) ) ;
#392 = DIRECTION ( 'NONE',  ( 1.000000000000000000, 0.0000000000000000000, -3.614007241618349300E-016 ) ) ;
#393 = DIRECTION ( 'NONE',  ( -1.548860246407859400E-016, 0.0000000000000000000, -1.000000000000000000 ) ) ;
#394 = LINE ( 'NONE', #4193, #3065 ) ;
#395 = VECTOR ( 'NONE', #4648, 1000.000000000000000 ) ;
#396 = CARTESIAN_POINT ( 'NONE',  ( 0.3500000000000025900, 0.6049999999999999800, -0.7400569921222794900 ) ) ;
#397 = APPROVAL ( #4489, 'UNSPECIFIED' ) ;
#398 = AXIS2_PLACEMENT_3D ( 'NONE', #4547, #5358, #1933 ) ;
#399 = CARTESIAN_POINT ( 'NONE',  ( -0.2999999999999987100, 0.0000000000000000000, 4.646580739223564400E-017 ) ) ;
#400 = DIRECTION ( 'NONE',  ( 7.021499783715649500E-015, 0.0000000000000000000, -1.000000000000000000 ) ) ;
#401 = ORIENTED_EDGE ( 'NONE', *, *, #1783, .F. ) ;
#402 = VERTEX_POINT ( 'NONE', #5206 ) ;
#403 = ADVANCED_FACE ( 'NONE', ( #1477 ), #1428, .T. ) ;
#404 = EDGE_LOOP ( 'NONE', ( #4386, #5247, #2774, #743 ) ) ;
#405 = EDGE_LOOP ( 'NONE', ( #936, #499, #4825, #4085 ) ) ;
#406 = DIRECTION ( 'NONE',  ( 1.000000000000000000, 0.0000000000000000000, 0.0000000000000000000 ) ) ;
#407 = DIRECTION ( 'NONE',  ( -0.0000000000000000000, -1.000000000000000000, -0.0000000000000000000 ) ) ;
#408 = EDGE_CURVE ( 'NONE', #3589, #343, #294, .T. ) ;
#409 = ADVANCED_FACE ( 'NONE', ( #5122 ), #4437, .T. ) ;
#410 = ORIENTED_EDGE ( 'NONE', *, *, #5374, .T. ) ;
#411 = DIRECTION ( 'NONE',  ( -1.000000000000000000, 0.0000000000000000000, -7.228014483236698300E-015 ) ) ;
#412 = CARTESIAN_POINT ( 'NONE',  ( -1.931851143701444800E-015, -0.02500000000000000100, 2.450000000000002000 ) ) ;
#413 = LINE ( 'NONE', #3790, #4229 ) ;
#414 = EDGE_CURVE ( 'NONE', #1042, #2024, #429, .T. ) ;
#415 = CARTESIAN_POINT ( 'NONE',  ( -0.3000000000000062100, 0.6000000000000000900, -0.3000000000000080900 ) ) ;
#416 = LINE ( 'NONE', #4298, #1726 ) ;
#417 = ORIENTED_EDGE ( 'NONE', *, *, #2326, .T. ) ;
#418 = ORIENTED_EDGE ( 'NONE', *, *, #1883, .T. ) ;
#419 = CARTESIAN_POINT ( 'NONE',  ( -1.400000000000001200, 0.6000000000000000900, -1.315498635949080900E-014 ) ) ;
#420 = VECTOR ( 'NONE', #4772, 1000.000000000000000 ) ;
#421 = LINE ( 'NONE', #1871, #2614 ) ;
#422 = LINE ( 'NONE', #3192, #2616 ) ;
#423 = VECTOR ( 'NONE', #5484, 1000.000000000000000 ) ;
#424 = CARTESIAN_POINT ( 'NONE',  ( -0.3500000000000037500, 0.6000000000000000900, 0.3499999999999974200 ) ) ;
#425 = CARTESIAN_POINT ( 'NONE',  ( 1.400000000000003900, 0.6049999999999999800, -1.040056992122275800 ) ) ;
#426 = DIRECTION ( 'NONE',  ( -0.0000000000000000000, -1.000000000000000000, -0.0000000000000000000 ) ) ;
#427 = VECTOR ( 'NONE', #1209, 1000.000000000000000 ) ;
#428 = CARTESIAN_POINT ( 'NONE',  ( -0.1500000000000002200, 0.5250000000000000200, -0.6250000000000005600 ) ) ;
#429 = LINE ( 'NONE', #5309, #2295 ) ;
#430 = AXIS2_PLACEMENT_3D ( 'NONE', #4708, #741, #4297 ) ;
#431 = LINE ( 'NONE', #3391, #4919 ) ;
#432 = ORIENTED_EDGE ( 'NONE', *, *, #3274, .T. ) ;
#433 = CARTESIAN_POINT ( 'NONE',  ( 1.400000000000002400, 0.6049999999999999800, -0.6499999999999963600 ) ) ;
#434 = VECTOR ( 'NONE', #2332, 1000.000000000000000 ) ;
#435 = EDGE_CURVE ( 'NONE', #2270, #37, #362, .T. ) ;
#436 = ORIENTED_EDGE ( 'NONE', *, *, #2229, .T. ) ;
#437 = LINE ( 'NONE', #1284, #3712 ) ;
#438 = VERTEX_POINT ( 'NONE', #2718 ) ;
#439 = ORIENTED_EDGE ( 'NONE', *, *, #2727, .T. ) ;
#440 = ADVANCED_FACE ( 'NONE', ( #4173 ), #968, .F. ) ;
#441 = DIRECTION ( 'NONE',  ( 0.0000000000000000000, 1.000000000000000000, -0.0000000000000000000 ) ) ;
#442 = ORIENTED_EDGE ( 'NONE', *, *, #3670, .F. ) ;
#443 = DIRECTION ( 'NONE',  ( -1.734723475976825800E-015, 0.0000000000000000000, -1.000000000000000000 ) ) ;
#444 = VERTEX_POINT ( 'NONE', #4015 ) ;
#445 = ORIENTED_EDGE ( 'NONE', *, *, #308, .T. ) ;
#446 = ORIENTED_EDGE ( 'NONE', *, *, #4308, .F. ) ;
#447 = ORIENTED_EDGE ( 'NONE', *, *, #1086, .T. ) ;
#448 = DIRECTION ( 'NONE',  ( 0.0000000000000000000, 0.0000000000000000000, -1.000000000000000000 ) ) ;
#449 = CARTESIAN_POINT ( 'NONE',  ( -2.092981585146006800E-015, 0.5250000000000000200, 0.3000000000000082000 ) ) ;
#450 = DIRECTION ( 'NONE',  ( 0.003478777433787417600, 0.9999939490354760000, -0.0000000000000000000 ) ) ;
#451 = EDGE_CURVE ( 'NONE', #2370, #3222, #160, .T. ) ;
#452 = EDGE_CURVE ( 'NONE', #3180, #678, #2964, .T. ) ;
#453 = VERTEX_POINT ( 'NONE', #1411 ) ;
#454 = CARTESIAN_POINT ( 'NONE',  ( -0.3000000000000080900, 0.5250000000000000200, -3.139472377719008800E-015 ) ) ;
#455 = DIRECTION ( 'NONE',  ( -1.000000000000000000, 0.0000000000000000000, 8.340016711426957800E-017 ) ) ;
#456 = CARTESIAN_POINT ( 'NONE',  ( -1.500000000000001300, 0.5250000000000000200, -0.2499999999999998300 ) ) ;
#457 = FACE_OUTER_BOUND ( 'NONE', #3772, .T. ) ;
#458 = CARTESIAN_POINT ( 'NONE',  ( 0.0000000000000000000, 0.0000000000000000000, -2.449999999999999700 ) ) ;
#459 = VECTOR ( 'NONE', #945, 1000.000000000000000 ) ;
#460 = VECTOR ( 'NONE', #4350, 1000.000000000000000 ) ;
#461 = AXIS2_PLACEMENT_3D ( 'NONE', #1736, #5621, #406 ) ;
#462 = DIRECTION ( 'NONE',  ( 0.0000000000000000000, 1.000000000000000000, 0.0000000000000000000 ) ) ;
#463 = CARTESIAN_POINT ( 'NONE',  ( 1.399999999999998800, 0.6049999999999999800, 0.3500000000000098000 ) ) ;
#464 = ORIENTED_EDGE ( 'NONE', *, *, #4999, .F. ) ;
#465 = ORIENTED_EDGE ( 'NONE', *, *, #4543, .T. ) ;
#466 = DIRECTION ( 'NONE',  ( -0.0000000000000000000, -1.000000000000000000, -0.0000000000000000000 ) ) ;
#467 = CARTESIAN_POINT ( 'NONE',  ( 0.4537140862232412800, 0.6199989133842605000, -0.4947500581848891000 ) ) ;
#468 = CARTESIAN_POINT ( 'NONE',  ( 2.400000000000000400, 0.0000000000000000000, 0.3000000000000012700 ) ) ;
#469 = CARTESIAN_POINT ( 'NONE',  ( -0.2500000000000002800, 0.5249999999999999100, -1.050000000000000500 ) ) ;
#470 = VERTEX_POINT ( 'NONE', #125 ) ;
#471 = CARTESIAN_POINT ( 'NONE',  ( 3.252606517456523800E-017, -0.02500000000000000100, 0.3000000000000009900 ) ) ;
#473 = CARTESIAN_POINT ( 'NONE',  ( 0.2999999999999961600, 0.6000000000000000900, 1.449999999999995500 ) ) ;
#472 = DIRECTION ( 'NONE',  ( 0.0000000000000000000, 0.0000000000000000000, 1.000000000000000000 ) ) ;
#475 = VERTEX_POINT ( 'NONE', #2701 ) ;
#474 = ORIENTED_EDGE ( 'NONE', *, *, #5144, .F. ) ;
#476 = EDGE_CURVE ( 'NONE', #197, #800, #1545, .T. ) ;
#477 = VECTOR ( 'NONE', #2618, 1000.000000000000000 ) ;
#478 = CARTESIAN_POINT ( 'NONE',  ( -0.6500000000000011300, 0.6000000000000000900, 6.711727734434086000E-017 ) ) ;
#479 = CARTESIAN_POINT ( 'NONE',  ( 1.399999999999991500, 0.6000000000000000900, 1.400000000000009700 ) ) ;
#480 = ORIENTED_EDGE ( 'NONE', *, *, #2263, .F. ) ;
#481 = EDGE_CURVE ( 'NONE', #2882, #1568, #5585, .T. ) ;
#482 = EDGE_CURVE ( 'NONE', #2370, #2637, #4712, .T. ) ;
#483 = CYLINDRICAL_SURFACE ( 'NONE', #323, 2.366031400530622000 ) ;
#484 = FACE_OUTER_BOUND ( 'NONE', #4848, .T. ) ;
#485 = ORIENTED_EDGE ( 'NONE', *, *, #3130, .F. ) ;
#486 = DIRECTION ( 'NONE',  ( 1.000000000000000000, 0.0000000000000000000, -0.0000000000000000000 ) ) ;
#487 = CARTESIAN_POINT ( 'NONE',  ( 1.100000000000001400, 0.6000000000000000900, 7.723649762087223400E-015 ) ) ;
#488 = LINE ( 'NONE', #5599, #420 ) ;
#489 = CARTESIAN_POINT ( 'NONE',  ( 0.3000000000000042100, 0.5250000000000000200, 0.3000000000000103100 ) ) ;
#490 = FACE_BOUND ( 'NONE', #4473, .T. ) ;
#491 = LINE ( 'NONE', #1447, #4515 ) ;
#492 = DIRECTION ( 'NONE',  ( 1.000000000000000000, -0.0000000000000000000, 0.0000000000000000000 ) ) ;
#493 = VECTOR ( 'NONE', #3510, 1000.000000000000000 ) ;
#494 = ORIENTED_EDGE ( 'NONE', *, *, #3754, .T. ) ;
#495 = VECTOR ( 'NONE', #4886, 1000.000000000000000 ) ;
#496 = CARTESIAN_POINT ( 'NONE',  ( -0.3500000000000012500, 0.6049999999999999800, -1.400000000000000100 ) ) ;
#497 = ORIENTED_EDGE ( 'NONE', *, *, #1451, .T. ) ;
#498 = VECTOR ( 'NONE', #295, 1000.000000000000000 ) ;
#499 = ORIENTED_EDGE ( 'NONE', *, *, #4092, .F. ) ;
#500 = EDGE_LOOP ( 'NONE', ( #2872, #4599, #1268, #141 ) ) ;
#501 = CC_DESIGN_PERSON_AND_ORGANIZATION_ASSIGNMENT ( #1585, #4029, ( #4006 ) ) ;
#502 = PERSON_AND_ORGANIZATION_ROLE ( 'creator' ) ;
#503 = ORIENTED_EDGE ( 'NONE', *, *, #4995, .F. ) ;
#504 = CARTESIAN_POINT ( 'NONE',  ( 0.3000000000000130900, 0.5250000000000000200, -1.449999999999994600 ) ) ;
#505 = ORIENTED_EDGE ( 'NONE', *, *, #5608, .T. ) ;
#506 = VERTEX_POINT ( 'NONE', #3519 ) ;
#507 = CARTESIAN_POINT ( 'NONE',  ( 1.400000000000000100, 0.0000000000000000000, -1.799999999999999400 ) ) ;
#508 = CARTESIAN_POINT ( 'NONE',  ( -0.2000000000000002100, 0.5250000000000000200, -1.100000000000000800 ) ) ;
#509 = ORIENTED_EDGE ( 'NONE', *, *, #2229, .F. ) ;
#510 = EDGE_CURVE ( 'NONE', #3549, #3365, #4982, .T. ) ;
#511 = ORIENTED_EDGE ( 'NONE', *, *, #3163, .T. ) ;
#512 = DIRECTION ( 'NONE',  ( 6.938893903907224400E-016, -0.0000000000000000000, 1.000000000000000000 ) ) ;
#513 = ORIENTED_EDGE ( 'NONE', *, *, #336, .T. ) ;
#514 = EDGE_CURVE ( 'NONE', #343, #2103, #3307, .T. ) ;
#515 = ORIENTED_EDGE ( 'NONE', *, *, #5318, .F. ) ;
#516 = CARTESIAN_POINT ( 'NONE',  ( -0.2000000000000002100, 0.5250000000000000200, -0.6750000000000007100 ) ) ;
#517 = DIRECTION ( 'NONE',  ( 1.000000000000000000, 0.0000000000000000000, -1.734723475976805100E-016 ) ) ;
#518 = LINE ( 'NONE', #5487, #2998 ) ;
#519 = EDGE_CURVE ( 'NONE', #5165, #800, #100, .T. ) ;
#520 = EDGE_LOOP ( 'NONE', ( #4753, #1522, #894, #1444 ) ) ;
#521 = CIRCLE ( 'NONE', #757, 2.366562737571762800 ) ;
#522 = APPLICATION_CONTEXT ( 'configuration controlled 3d designs of mechanical parts and assemblies' ) ;
#523 = VERTEX_POINT ( 'NONE', #1355 ) ;
#524 = CARTESIAN_POINT ( 'NONE',  ( -0.2000000000000002100, 0.5250000000000000200, -0.6500000000000006900 ) ) ;
#525 = CARTESIAN_POINT ( 'NONE',  ( 0.7400569921222807100, 0.6049999999999999800, 5.043477362767259500E-015 ) ) ;
#526 = FACE_BOUND ( 'NONE', #177, .T. ) ;
#527 = CARTESIAN_POINT ( 'NONE',  ( -0.3000000000000233000, 0.6000000000000000900, 1.449999999999992900 ) ) ;
#528 = FACE_OUTER_BOUND ( 'NONE', #639, .T. ) ;
#529 = DIRECTION ( 'NONE',  ( 0.0000000000000000000, 1.000000000000000000, 0.0000000000000000000 ) ) ;
#530 = DIRECTION ( 'NONE',  ( 0.0000000000000000000, 1.000000000000000000, -0.0000000000000000000 ) ) ;
#532 = CARTESIAN_POINT ( 'NONE',  ( -0.7400569921222807100, 0.6049999999999999800, -0.3500000000000000300 ) ) ;
#531 = CARTESIAN_POINT ( 'NONE',  ( -1.040056992122280600, 0.6000000000000000900, -1.400000000000000100 ) ) ;
#533 = EDGE_LOOP ( 'NONE', ( #2867, #503, #3189, #4201 ) ) ;
#534 = PLANE ( 'NONE',  #2457 ) ;
#535 = CARTESIAN_POINT ( 'NONE',  ( -0.6500000000000011300, 0.6049999999999999800, -0.3500000000000000300 ) ) ;
#536 = CARTESIAN_POINT ( 'NONE',  ( 0.3899708264231038200, 0.6050000000039440500, -1.226519937243549100 ) ) ;
#537 = VERTEX_POINT ( 'NONE', #5235 ) ;
#538 = ORIENTED_EDGE ( 'NONE', *, *, #265, .F. ) ;
#539 = DIRECTION ( 'NONE',  ( 1.000000000000000000, 0.0000000000000000000, 0.0000000000000000000 ) ) ;
#540 = EDGE_CURVE ( 'NONE', #1579, #1828, #2894, .T. ) ;
#541 = CARTESIAN_POINT ( 'NONE',  ( -2.099999999999999600, 0.4500000000000000100, 2.099999999999999600 ) ) ;
#542 = DIRECTION ( 'NONE',  ( 1.000000000000000000, 0.0000000000000000000, -1.807003620809175100E-016 ) ) ;
#543 = CARTESIAN_POINT ( 'NONE',  ( -0.1935534813419279000, 1.006019104030001700, -1.101880234608605000 ) ) ;
#545 = VERTEX_POINT ( 'NONE', #2661 ) ;
#544 = EDGE_LOOP ( 'NONE', ( #515, #2429, #721, #861 ) ) ;
#546 = CARTESIAN_POINT ( 'NONE',  ( 1.900000000000000800, -0.02500000000000000100, 2.450000000000000600 ) ) ;
#548 = CARTESIAN_POINT ( 'NONE',  ( 0.3858324186356450500, 0.6049999999999140500, -1.270710818111792300 ) ) ;
#547 = DIRECTION ( 'NONE',  ( 0.0000000000000000000, 0.0000000000000000000, -1.000000000000000000 ) ) ;
#549 = LINE ( 'NONE', #798, #3020 ) ;
#550 = ORIENTED_EDGE ( 'NONE', *, *, #216, .F. ) ;
#551 = ORIENTED_EDGE ( 'NONE', *, *, #4428, .F. ) ;
#552 = LINE ( 'NONE', #867, #5035 ) ;
#553 = EDGE_CURVE ( 'NONE', #4689, #2479, #5444, .T. ) ;
#554 = CARTESIAN_POINT ( 'NONE',  ( -1.776177714672881000, 0.5000000000000000000, -1.573338007150887600 ) ) ;
#555 = CARTESIAN_POINT ( 'NONE',  ( 0.0000000000000000000, -0.02500000000000000100, 0.0000000000000000000 ) ) ;
#556 = VECTOR ( 'NONE', #296, 1000.000000000000000 ) ;
#557 = EDGE_CURVE ( 'NONE', #4865, #643, #702, .T. ) ;
#558 = VECTOR ( 'NONE', #3083, 1000.000000000000000 ) ;
#559 = FACE_OUTER_BOUND ( 'NONE', #1518, .T. ) ;
#560 = EDGE_CURVE ( 'NONE', #3834, #3386, #4915, .T. ) ;
#561 = DIRECTION ( 'NONE',  ( 1.000000000000000000, 0.0000000000000000000, 7.228014483236695200E-015 ) ) ;
#562 = VECTOR ( 'NONE', #5431, 1000.000000000000000 ) ;
#563 = FACE_OUTER_BOUND ( 'NONE', #2025, .T. ) ;
#564 = CARTESIAN_POINT ( 'NONE',  ( -0.3500000000000037500, 0.6049999999999999800, 0.3499999999999974200 ) ) ;
#565 = CARTESIAN_POINT ( 'NONE',  ( 0.0000000000000000000, -0.02500000000000000100, 0.0000000000000000000 ) ) ;
#566 = LINE ( 'NONE', #2506, #780 ) ;
#567 = ORIENTED_EDGE ( 'NONE', *, *, #1012, .T. ) ;
#568 = VECTOR ( 'NONE', #837, 1000.000000000000000 ) ;
#570 = DIRECTION ( 'NONE',  ( 0.9999939490354760000, -0.003478777433787415000, 0.0000000000000000000 ) ) ;
#569 = CARTESIAN_POINT ( 'NONE',  ( -0.2499999999999997200, 0.5250000000000000200, -0.2500000000000000600 ) ) ;
#571 = AXIS2_PLACEMENT_3D ( 'NONE', #291, #2928, #2446 ) ;
#572 = ORIENTED_EDGE ( 'NONE', *, *, #2116, .F. ) ;
#573 = LINE ( 'NONE', #2262, #3241 ) ;
#574 = VERTEX_POINT ( 'NONE', #2316 ) ;
#575 = ORIENTED_EDGE ( 'NONE', *, *, #4091, .F. ) ;
#576 = ORIENTED_EDGE ( 'NONE', *, *, #1630, .F. ) ;
#577 = DIRECTION ( 'NONE',  ( -7.885106708985482100E-016, 0.0000000000000000000, 1.000000000000000000 ) ) ;
#578 = CARTESIAN_POINT ( 'NONE',  ( -0.2500000000000003900, 0.5000000000000000000, -1.125000000000000700 ) ) ;
#579 = ORIENTED_EDGE ( 'NONE', *, *, #5565, .T. ) ;
#580 = ADVANCED_FACE ( 'NONE', ( #4780 ), #4584, .F. ) ;
#581 = APPROVAL ( #981, 'UNSPECIFIED' ) ;
#582 = CARTESIAN_POINT ( 'NONE',  ( 0.3790461033776547100, 0.6050000000001583000, -1.234566607680923000 ) ) ;
#583 = ORIENTED_EDGE ( 'NONE', *, *, #2761, .T. ) ;
#584 = VERTEX_POINT ( 'NONE', #5287 ) ;
#585 = ORIENTED_EDGE ( 'NONE', *, *, #4283, .T. ) ;
#586 = CARTESIAN_POINT ( 'NONE',  ( 1.449999999999985500, 0.6000000000000000900, 1.450000000000003700 ) ) ;
#587 = CARTESIAN_POINT ( 'NONE',  ( 0.3904464958601807600, 0.6050000000028154000, -0.5234175663484043100 ) ) ;
#588 = AXIS2_PLACEMENT_3D ( 'NONE', #3329, #4620, #1541 ) ;
#589 = CARTESIAN_POINT ( 'NONE',  ( -8.095376221225108200E-015, 0.6000000000000000900, 1.400000000000001500 ) ) ;
#590 = ORIENTED_EDGE ( 'NONE', *, *, #2037, .F. ) ;
#591 = EDGE_CURVE ( 'NONE', #2380, #197, #4849, .T. ) ;
#592 = EDGE_CURVE ( 'NONE', #2310, #1416, #1816, .T. ) ;
#593 = LINE ( 'NONE', #1311, #4314 ) ;
#594 =( BOUNDED_SURFACE ( )  B_SPLINE_SURFACE ( 3, 3, ( 
 ( #5525, #5097, #329, #277 ),
 ( #5038, #5470, #3400, #768 ),
 ( #4616, #2027, #2466, #5485 ),
 ( #3321, #2505, #4174, #1205 ),
 ( #3357, #1225, #2005, #2915 ),
 ( #4257, #1178, #2874, #695 ),
 ( #1589, #3738, #4197, #1147 ) ),
 .UNSPECIFIED., .T., .F., .F. ) 
 B_SPLINE_SURFACE_WITH_KNOTS ( ( 4, 3, 4 ),
 ( 4, 4 ),
 ( 0.0000000000000000000, 0.5000000000000000000, 1.000000000000000000 ),
 ( 0.0000000000000000000, 1.000000000000000000 ),
 .UNSPECIFIED. ) 
 GEOMETRIC_REPRESENTATION_ITEM ( )  RATIONAL_B_SPLINE_SURFACE ( (
 ( 1.000000000000000000, 0.4269957486570999400, 0.4269957486570999400, 1.000000000000000000),
 ( 0.3333333333333333700, 0.1423319162190333200, 0.1423319162190333200, 0.3333333333333333700),
 ( 0.3333333333333333700, 0.1423319162190333200, 0.1423319162190333200, 0.3333333333333333700),
 ( 1.000000000000000000, 0.4269957486570999400, 0.4269957486570999400, 1.000000000000000000),
 ( 0.3333333333333333700, 0.1423319162190333200, 0.1423319162190333200, 0.3333333333333333700),
 ( 0.3333333333333333700, 0.1423319162190333200, 0.1423319162190333200, 0.3333333333333333700),
 ( 1.000000000000000000, 0.4269957486570999400, 0.4269957486570999400, 1.000000000000000000) ) ) 
 REPRESENTATION_ITEM ( '' )  SURFACE ( )  );
#595 = CARTESIAN_POINT ( 'NONE',  ( -1.073935286064491100E-014, 0.6049999999999999800, 1.040056992122280400 ) ) ;
#596 = LINE ( 'NONE', #4802, #3476 ) ;
#597 = CARTESIAN_POINT ( 'NONE',  ( 0.3744383440673124700, 0.6050000000015696200, -1.244446070010789800 ) ) ;
#598 = LINE ( 'NONE', #4126, #2854 ) ;
#599 = CARTESIAN_POINT ( 'NONE',  ( 1.399999999999998800, 0.6049999999999999800, 0.3500000000000098000 ) ) ;
#600 = PLANE ( 'NONE',  #604 ) ;
#601 = DIRECTION ( 'NONE',  ( -1.000000000000000000, 0.0000000000000000000, -5.782411586589356500E-015 ) ) ;
#602 = ORIENTED_EDGE ( 'NONE', *, *, #3233, .T. ) ;
#603 = CARTESIAN_POINT ( 'NONE',  ( 0.3773043729483091000, 0.6050000000000928000, -0.5123558590219603500 ) ) ;
#604 = AXIS2_PLACEMENT_3D ( 'NONE', #5377, #3302, #3263 ) ;
#605 = ADVANCED_FACE ( 'NONE', ( #2621 ), #2333, .F. ) ;
#606 = DIRECTION ( 'NONE',  ( 1.000000000000000000, -0.0000000000000000000, 3.407492542097299900E-015 ) ) ;
#607 = VERTEX_POINT ( 'NONE', #2294 ) ;
#608 = DATE_AND_TIME ( #4081, #4360 ) ;
#609 = AXIS2_PLACEMENT_3D ( 'NONE', #5127, #3842, #3015 ) ;
#610 = DIRECTION ( 'NONE',  ( 1.000000000000000000, 0.0000000000000000000, 1.084202172485505800E-016 ) ) ;
#611 = CARTESIAN_POINT ( 'NONE',  ( -1.899999999999999200, -0.0000000000000000000, -2.449999999999999700 ) ) ;
#613 = ORIENTED_EDGE ( 'NONE', *, *, #59, .F. ) ;
#612 = ORIENTED_EDGE ( 'NONE', *, *, #3016, .F. ) ;
#614 = CARTESIAN_POINT ( 'NONE',  ( -0.008349065841095756500, 0.7000145223148579500, 0.0000000000000000000 ) ) ;
#615 = LOCAL_TIME ( 1, 35, 54.00000000000000000, #1797 ) ;
#616 = EDGE_LOOP ( 'NONE', ( #5402, #2749, #4637, #4080 ) ) ;
#617 = ORIENTED_EDGE ( 'NONE', *, *, #893, .F. ) ;
#618 = EDGE_CURVE ( 'NONE', #1410, #5200, #3172, .T. ) ;
#619 = DIRECTION ( 'NONE',  ( -0.0000000000000000000, -1.000000000000000000, -0.0000000000000000000 ) ) ;
#620 = LINE ( 'NONE', #5049, #154 ) ;
#621 = DIRECTION ( 'NONE',  ( -1.000000000000000000, 0.0000000000000000000, -0.0000000000000000000 ) ) ;
#622 = CARTESIAN_POINT ( 'NONE',  ( 0.3993036028005533300, 0.6049999999999997600, -0.5250396636159114800 ) ) ;
#623 = SPHERICAL_SURFACE ( 'NONE', #3328, 2.399999999999999500 ) ;
#624 = ORIENTED_EDGE ( 'NONE', *, *, #4821, .T. ) ;
#625 = EDGE_CURVE ( 'NONE', #5387, #1195, #4244, .T. ) ;
#626 = VECTOR ( 'NONE', #4813, 1000.000000000000000 ) ;
#627 = FACE_OUTER_BOUND ( 'NONE', #3825, .T. ) ;
#628 = FACE_OUTER_BOUND ( 'NONE', #3983, .T. ) ;
#629 = EDGE_CURVE ( 'NONE', #537, #5172, #2227, .T. ) ;
#630 = PLANE ( 'NONE',  #5478 ) ;
#631 = CARTESIAN_POINT ( 'NONE',  ( 0.2649513006952652300, 1.066841518943849600, -0.5143892039638818800 ) ) ;
#632 = EDGE_CURVE ( 'NONE', #1315, #1115, #3566, .T. ) ;
#633 = LINE ( 'NONE', #1642, #5443 ) ;
#634 = ORIENTED_EDGE ( 'NONE', *, *, #4675, .F. ) ;
#635 = ADVANCED_FACE ( 'NONE', ( #696 ), #2355, .F. ) ;
#636 = VECTOR ( 'NONE', #4382, 1000.000000000000000 ) ;
#637 = DIRECTION ( 'NONE',  ( -1.000000000000000000, 0.0000000000000000000, 0.0000000000000000000 ) ) ;
#638 = DIRECTION ( 'NONE',  ( -1.000000000000000000, 0.0000000000000000000, -1.224639388853017000E-016 ) ) ;
#639 = EDGE_LOOP ( 'NONE', ( #1237, #3193, #1963, #1956 ) ) ;
#640 = CARTESIAN_POINT ( 'NONE',  ( -1.449999999999996400, 0.6000000000000000900, 0.2999999999999910500 ) ) ;
#641 = VECTOR ( 'NONE', #4277, 1000.000000000000000 ) ;
#642 = ORIENTED_EDGE ( 'NONE', *, *, #5499, .T. ) ;
#643 = VERTEX_POINT ( 'NONE', #4932 ) ;
#644 = PLANE ( 'NONE',  #4899 ) ;
#645 = DIRECTION ( 'NONE',  ( 2.017120320903263200E-016, 0.0000000000000000000, 1.000000000000000000 ) ) ;
#646 = ORIENTED_EDGE ( 'NONE', *, *, #3546, .F. ) ;
#647 = EDGE_LOOP ( 'NONE', ( #5068, #2561, #5490, #1336 ) ) ;
#648 = CARTESIAN_POINT ( 'NONE',  ( -1.399999999999999700, 0.0000000000000000000, 2.450000000000000600 ) ) ;
#649 = VERTEX_POINT ( 'NONE', #3239 ) ;
#650 = ORIENTED_EDGE ( 'NONE', *, *, #4704, .T. ) ;
#651 = AXIS2_PLACEMENT_3D ( 'NONE', #2071, #3406, #2941 ) ;
#652 = ORIENTED_EDGE ( 'NONE', *, *, #2396, .T. ) ;
#653 = CARTESIAN_POINT ( 'NONE',  ( 0.2854757372075408300, 1.151464880049944500, -0.4938195766478015700 ) ) ;
#654 = CARTESIAN_POINT ( 'NONE',  ( -0.1933075571673791600, 1.027787101528986600, -0.6980480375071529400 ) ) ;
#655 = VERTEX_POINT ( 'NONE', #5353 ) ;
#656 = CARTESIAN_POINT ( 'NONE',  ( -1.124999999999994200, 0.5000000000000000000, 0.2500000000000053300 ) ) ;
#657 = CARTESIAN_POINT ( 'NONE',  ( 0.2354397956054701000, 0.6049999999999999800, 0.06866994038492857400 ) ) ;
#658 = DIRECTION ( 'NONE',  ( 1.000000000000000000, 0.0000000000000000000, -3.614007241618349300E-016 ) ) ;
#659 = CARTESIAN_POINT ( 'NONE',  ( -1.400000000000001200, 0.6049999999999999800, -1.315498635949080700E-014 ) ) ;
#660 = CARTESIAN_POINT ( 'NONE',  ( -0.6500000000000011300, 0.6049999999999999800, 6.711727734434086000E-017 ) ) ;
#661 = LINE ( 'NONE', #1077, #868 ) ;
#662 = ORIENTED_EDGE ( 'NONE', *, *, #1854, .T. ) ;
#663 = VECTOR ( 'NONE', #3538, 1000.000000000000000 ) ;
#664 = CARTESIAN_POINT ( 'NONE',  ( 1.500000000000006400, 0.5250000000000000200, -0.2500000000000052200 ) ) ;
#665 = ADVANCED_FACE ( 'NONE', ( #218 ), #2338, .F. ) ;
#666 = DIRECTION ( 'NONE',  ( 0.0000000000000000000, 0.0000000000000000000, 1.000000000000000000 ) ) ;
#667 = VECTOR ( 'NONE', #5369, 1000.000000000000000 ) ;
#668 = LINE ( 'NONE', #2202, #1429 ) ;
#669 = EDGE_CURVE ( 'NONE', #4022, #5262, #3100, .T. ) ;
#670 = EDGE_CURVE ( 'NONE', #1096, #3941, #2082, .T. ) ;
#671 = CARTESIAN_POINT ( 'NONE',  ( 0.2855209280113455400, 1.091523332599794200, -0.5583897293300249500 ) ) ;
#672 = VERTEX_POINT ( 'NONE', #2785 ) ;
#673 = CARTESIAN_POINT ( 'NONE',  ( 1.099999999999999000, 0.6000000000000000900, 0.3500000000000078600 ) ) ;
#674 = CARTESIAN_POINT ( 'NONE',  ( -0.1500000000000002200, 0.5000000000000000000, -0.6250000000000005600 ) ) ;
#675 = DIRECTION ( 'NONE',  ( -0.0000000000000000000, 0.0000000000000000000, 1.000000000000000000 ) ) ;
#676 = CARTESIAN_POINT ( 'NONE',  ( -1.400000000000001000, 0.6049999999999999800, -0.3499999999999999200 ) ) ;
#677 = CARTESIAN_POINT ( 'NONE',  ( -1.500000000000001300, 0.5000000000000000000, -0.2499999999999998300 ) ) ;
#678 = VERTEX_POINT ( 'NONE', #1502 ) ;
#679 = ORIENTED_EDGE ( 'NONE', *, *, #3734, .F. ) ;
#680 = CALENDAR_DATE ( 2019, 28, 10 ) ;
#681 = CARTESIAN_POINT ( 'NONE',  ( 0.2500000000000060500, 0.5000000000000000000, 1.124999999999969800 ) ) ;
#682 = VERTEX_POINT ( 'NONE', #168 ) ;
#683 = CC_DESIGN_PERSON_AND_ORGANIZATION_ASSIGNMENT ( #2276, #960, ( #112 ) ) ;
#684 = VECTOR ( 'NONE', #4640, 1000.000000000000000 ) ;
#685 = AXIS2_PLACEMENT_3D ( 'NONE', #1098, #2414, #1057 ) ;
#686 = PLANE ( 'NONE',  #4073 ) ;
#687 = DIRECTION ( 'NONE',  ( -1.000000000000000000, 0.0000000000000000000, -7.165162183382530900E-015 ) ) ;
#688 = VECTOR ( 'NONE', #359, 1000.000000000000000 ) ;
#689 = ORIENTED_EDGE ( 'NONE', *, *, #4696, .F. ) ;
#690 = ORIENTED_EDGE ( 'NONE', *, *, #2409, .F. ) ;
#691 = ADVANCED_FACE ( 'NONE', ( #2292 ), #1458, .T. ) ;
#692 = LINE ( 'NONE', #1354, #354 ) ;
#693 = VECTOR ( 'NONE', #5486, 1000.000000000000000 ) ;
#694 = EDGE_CURVE ( 'NONE', #4227, #869, #4976, .T. ) ;
#695 = CARTESIAN_POINT ( 'NONE',  ( 0.4535156188246833900, 0.6203010163582339800, -1.255192055490531100 ) ) ;
#696 = FACE_OUTER_BOUND ( 'NONE', #318, .T. ) ;
#697 = DIRECTION ( 'NONE',  ( 0.0000000000000000000, 1.000000000000000000, 0.0000000000000000000 ) ) ;
#698 = LINE ( 'NONE', #2415, #1803 ) ;
#699 = CARTESIAN_POINT ( 'NONE',  ( -1.400000000000011200, 0.6000000000000000900, 1.099999999999986500 ) ) ;
#700 = CARTESIAN_POINT ( 'NONE',  ( -1.899999999999999200, 0.0000000000000000000, -0.0000000000000000000 ) ) ;
#701 = VECTOR ( 'NONE', #1924, 1000.000000000000000 ) ;
#702 = LINE ( 'NONE', #2257, #992 ) ;
#703 = DIRECTION ( 'NONE',  ( -0.0000000000000000000, -1.000000000000000000, -0.0000000000000000000 ) ) ;
#704 = EDGE_CURVE ( 'NONE', #2478, #3940, #3698, .T. ) ;
#705 = LINE ( 'NONE', #10, #5448 ) ;
#706 = ORIENTED_EDGE ( 'NONE', *, *, #2580, .T. ) ;
#707 = FACE_OUTER_BOUND ( 'NONE', #520, .T. ) ;
#708 = EDGE_CURVE ( 'NONE', #3921, #3465, #4812, .T. ) ;
#709 = CARTESIAN_POINT ( 'NONE',  ( 0.0000000000000000000, 0.5250000000000000200, -0.3000000000000080900 ) ) ;
#710 = CARTESIAN_POINT ( 'NONE',  ( 0.3000000000000008200, -0.02500000000000000100, 2.450000000000001500 ) ) ;
#711 = ORIENTED_EDGE ( 'NONE', *, *, #1377, .F. ) ;
#712 = VECTOR ( 'NONE', #2952, 1000.000000000000000 ) ;
#713 = ORIENTED_EDGE ( 'NONE', *, *, #3463, .F. ) ;
#714 = ORIENTED_EDGE ( 'NONE', *, *, #670, .F. ) ;
#715 = VERTEX_POINT ( 'NONE', #4555 ) ;
#716 = DIRECTION ( 'NONE',  ( 1.000000000000000000, 0.0000000000000000000, 3.407492542097298400E-015 ) ) ;
#717 = PLANE ( 'NONE',  #3368 ) ;
#718 = CARTESIAN_POINT ( 'NONE',  ( 0.1500000000000060700, 0.5250000000000000200, 0.6249999999999698000 ) ) ;
#719 = DIRECTION ( 'NONE',  ( -1.046490792572974600E-014, 0.0000000000000000000, 1.000000000000000000 ) ) ;
#720 = ORIENTED_EDGE ( 'NONE', *, *, #1601, .T. ) ;
#721 = ORIENTED_EDGE ( 'NONE', *, *, #1157, .T. ) ;
#722 = ORIENTED_EDGE ( 'NONE', *, *, #976, .F. ) ;
#723 = CARTESIAN_POINT ( 'NONE',  ( -0.6500000000000011300, 0.6049999999999999800, 6.711727734434086000E-017 ) ) ;
#724 = ADVANCED_FACE ( 'NONE', ( #3234 ), #5394, .F. ) ;
#725 = CARTESIAN_POINT ( 'NONE',  ( -0.3500000000000109100, 0.6049999999999999800, 1.040056992122276900 ) ) ;
#726 = DIRECTION ( 'NONE',  ( -0.0000000000000000000, -1.000000000000000000, -0.0000000000000000000 ) ) ;
#727 = AXIS2_PLACEMENT_3D ( 'NONE', #1279, #5207, #3467 ) ;
#728 = DIRECTION ( 'NONE',  ( -6.814985084194599900E-015, 0.0000000000000000000, 1.000000000000000000 ) ) ;
#729 = ORIENTED_EDGE ( 'NONE', *, *, #3666, .T. ) ;
#730 = EDGE_CURVE ( 'NONE', #584, #1655, #2555, .T. ) ;
#731 = LINE ( 'NONE', #3995, #2588 ) ;
#732 = FACE_OUTER_BOUND ( 'NONE', #4107, .T. ) ;
#733 = CARTESIAN_POINT ( 'NONE',  ( -1.399999999999999700, -0.02500000000000000100, 0.0000000000000000000 ) ) ;
#734 = CARTESIAN_POINT ( 'NONE',  ( 2.383301868317807300, 0.5000000000000000000, 0.0000000000000000000 ) ) ;
#735 = DIRECTION ( 'NONE',  ( 0.0000000000000000000, 0.0000000000000000000, 1.000000000000000000 ) ) ;
#736 = PLANE ( 'NONE',  #1796 ) ;
#737 = DIRECTION ( 'NONE',  ( 0.0000000000000000000, 0.0000000000000000000, 1.000000000000000000 ) ) ;
#738 = VECTOR ( 'NONE', #2821, 1000.000000000000000 ) ;
#739 = PLANE ( 'NONE',  #3448 ) ;
#740 = CARTESIAN_POINT ( 'NONE',  ( -0.6249999999999942300, 0.5250000000000000200, 0.2500000000000071100 ) ) ;
#741 = DIRECTION ( 'NONE',  ( -6.938893903907232300E-015, 0.0000000000000000000, -1.000000000000000000 ) ) ;
#742 = EDGE_CURVE ( 'NONE', #4755, #3486, #2958, .T. ) ;
#743 = ORIENTED_EDGE ( 'NONE', *, *, #3796, .T. ) ;
#744 = CARTESIAN_POINT ( 'NONE',  ( 3.634658711570457200E-015, 0.6049999999999999800, -1.100000000000001000 ) ) ;
#745 = EDGE_CURVE ( 'NONE', #266, #1422, #491, .T. ) ;
#746 = ORIENTED_EDGE ( 'NONE', *, *, #376, .T. ) ;
#747 = ADVANCED_FACE ( 'NONE', ( #5176 ), #686, .T. ) ;
#748 = ADVANCED_FACE ( 'NONE', ( #2358 ), #4609, .T. ) ;
#749 = COORDINATED_UNIVERSAL_TIME_OFFSET ( 1, 0, .AHEAD. ) ;
#751 = EDGE_LOOP ( 'NONE', ( #4232, #227, #4768, #4429 ) ) ;
#750 = EDGE_LOOP ( 'NONE', ( #1303, #926, #1210, #4718 ) ) ;
#752 = CARTESIAN_POINT ( 'NONE',  ( -1.776177714672881000, 0.5000000000000000000, 1.573338007150887600 ) ) ;
#753 = CARTESIAN_POINT ( 'NONE',  ( -1.400000000000001000, 0.6049999999999999800, -0.3499999999999999200 ) ) ;
#754 = CARTESIAN_POINT ( 'NONE',  ( -1.100000000000001400, 0.6049999999999999800, -1.399999999999999700 ) ) ;
#755 = DIRECTION ( 'NONE',  ( -0.0000000000000000000, -1.000000000000000000, -0.0000000000000000000 ) ) ;
#756 = ADVANCED_FACE ( 'NONE', ( #1398 ), #1581, .T. ) ;
#757 = AXIS2_PLACEMENT_3D ( 'NONE', #3471, #3869, #5188 ) ;
#758 = ORIENTED_EDGE ( 'NONE', *, *, #514, .F. ) ;
#759 = DIRECTION ( 'NONE',  ( -6.866613759074866400E-015, 0.0000000000000000000, 1.000000000000000000 ) ) ;
#760 = VECTOR ( 'NONE', #5567, 1000.000000000000000 ) ;
#761 = CARTESIAN_POINT ( 'NONE',  ( -1.399999999999999700, -0.02500000000000000100, -1.499999999999999300 ) ) ;
#762 = VECTOR ( 'NONE', #2215, 1000.000000000000000 ) ;
#763 = FACE_OUTER_BOUND ( 'NONE', #4255, .T. ) ;
#764 = DIRECTION ( 'NONE',  ( -6.866613759074860900E-015, 0.0000000000000000000, 1.000000000000000000 ) ) ;
#765 = VECTOR ( 'NONE', #844, 1000.000000000000000 ) ;
#766 = VECTOR ( 'NONE', #2901, 1000.000000000000000 ) ;
#767 = BREP_WITH_VOIDS ( 'NONE', #1202, ( #3429 ) );
#768 = CARTESIAN_POINT ( 'NONE',  ( 0.3728338114216074300, 0.5935937878056800600, -1.202493194997967600 ) ) ;
#769 = CARTESIAN_POINT ( 'NONE',  ( 1.900000000000000800, -0.02500000000000000100, -0.2999999999999986000 ) ) ;
#770 = DIRECTION ( 'NONE',  ( -1.011922027653137300E-014, 0.0000000000000000000, 1.000000000000000000 ) ) ;
#771 = VECTOR ( 'NONE', #2075, 1000.000000000000000 ) ;
#772 = ORIENTED_EDGE ( 'NONE', *, *, #2580, .F. ) ;
#773 = CARTESIAN_POINT ( 'NONE',  ( 1.040056992122278200, 0.6049999999999999800, 0.3500000000000073600 ) ) ;
#774 = VECTOR ( 'NONE', #1367, 1000.000000000000000 ) ;
#775 = CARTESIAN_POINT ( 'NONE',  ( 1.900000000000000800, -0.02500000000000000100, -2.449999999999999700 ) ) ;
#776 = EDGE_CURVE ( 'NONE', #995, #4783, #914, .T. ) ;
#777 = EDGE_CURVE ( 'NONE', #4730, #3805, #1810, .T. ) ;
#778 = ORIENTED_EDGE ( 'NONE', *, *, #5145, .T. ) ;
#779 = CARTESIAN_POINT ( 'NONE',  ( -1.531082024449110200E-014, 0.5250000000000000200, 1.449999999999996000 ) ) ;
#780 = VECTOR ( 'NONE', #2856, 1000.000000000000000 ) ;
#781 = ORIENTED_EDGE ( 'NONE', *, *, #2296, .T. ) ;
#782 = ORIENTED_EDGE ( 'NONE', *, *, #5315, .T. ) ;
#783 = EDGE_CURVE ( 'NONE', #4927, #438, #3167, .T. ) ;
#784 = CARTESIAN_POINT ( 'NONE',  ( -1.099999999999999900, -0.02500000000000000100, -1.799999999999999400 ) ) ;
#785 = ORIENTED_EDGE ( 'NONE', *, *, #5204, .T. ) ;
#786 = VERTEX_POINT ( 'NONE', #5463 ) ;
#787 = ORIENTED_EDGE ( 'NONE', *, *, #1107, .T. ) ;
#788 = ADVANCED_FACE ( 'NONE', ( #3027 ), #4192, .T. ) ;
#789 = ORIENTED_EDGE ( 'NONE', *, *, #5536, .T. ) ;
#790 = EDGE_LOOP ( 'NONE', ( #4184, #2441, #662, #2300 ) ) ;
#791 = AXIS2_PLACEMENT_3D ( 'NONE', #3938, #2254, #2716 ) ;
#792 = CARTESIAN_POINT ( 'NONE',  ( 1.900000000000000800, 0.0000000000000000000, -2.449999999999999700 ) ) ;
#793 = CARTESIAN_POINT ( 'NONE',  ( 1.400000000000000400, 0.6049999999999999800, 4.047688110612550900E-015 ) ) ;
#794 = CARTESIAN_POINT ( 'NONE',  ( 1.400000000000000100, -0.02500000000000000100, 0.0000000000000000000 ) ) ;
#795 = DIRECTION ( 'NONE',  ( 8.340016711426957800E-017, -0.0000000000000000000, 1.000000000000000000 ) ) ;
#796 = ORIENTED_EDGE ( 'NONE', *, *, #2615, .F. ) ;
#797 = CARTESIAN_POINT ( 'NONE',  ( 0.3832655298103895800, 0.6049999999999995400, -0.4812144783214363200 ) ) ;
#798 = CARTESIAN_POINT ( 'NONE',  ( -1.073935286064491100E-014, 0.6049999999999999800, 1.040056992122280400 ) ) ;
#799 = LINE ( 'NONE', #299, #386 ) ;
#800 = VERTEX_POINT ( 'NONE', #5076 ) ;
#801 = VERTEX_POINT ( 'NONE', #5053 ) ;
#802 = VECTOR ( 'NONE', #5117, 1000.000000000000000 ) ;
#803 = CARTESIAN_POINT ( 'NONE',  ( -1.899999999999999200, -0.02500000000000000100, 0.0000000000000000000 ) ) ;
#804 = VECTOR ( 'NONE', #1915, 1000.000000000000000 ) ;
#805 = FACE_OUTER_BOUND ( 'NONE', #5528, .T. ) ;
#806 = EDGE_CURVE ( 'NONE', #801, #5128, #1538, .T. ) ;
#807 = CARTESIAN_POINT ( 'NONE',  ( -0.3500000000000115800, 0.6000000000000000900, 1.099999999999997400 ) ) ;
#808 = CARTESIAN_POINT ( 'NONE',  ( 1.500000000000006400, 0.5250000000000000200, -0.2500000000000052200 ) ) ;
#809 = DIRECTION ( 'NONE',  ( 1.000000000000000000, -0.0000000000000000000, 0.0000000000000000000 ) ) ;
#810 = CARTESIAN_POINT ( 'NONE',  ( -0.1933664342476284500, 1.001912856137460600, -0.6480652099888925000 ) ) ;
#811 = EDGE_CURVE ( 'NONE', #2575, #3959, #3438, .T. ) ;
#812 = ADVANCED_FACE ( 'NONE', ( #628 ), #1606, .T. ) ;
#813 = ORIENTED_EDGE ( 'NONE', *, *, #4389, .T. ) ;
#814 = CARTESIAN_POINT ( 'NONE',  ( 0.7400569921222807100, 0.6049999999999999800, 5.043477362767259500E-015 ) ) ;
#815 = DIRECTION ( 'NONE',  ( 0.0000000000000000000, 1.000000000000000000, 0.0000000000000000000 ) ) ;
#816 = EDGE_CURVE ( 'NONE', #4679, #1827, #4102, .T. ) ;
#817 = CARTESIAN_POINT ( 'NONE',  ( 1.040056992122271100, 0.6000000000000000900, 1.400000000000007700 ) ) ;
#818 = ORIENTED_EDGE ( 'NONE', *, *, #4394, .F. ) ;
#819 = ORIENTED_EDGE ( 'NONE', *, *, #704, .F. ) ;
#820 = PERSON_AND_ORGANIZATION ( #5627, #2878 ) ;
#821 = CARTESIAN_POINT ( 'NONE',  ( -1.449999999999996400, 0.6000000000000000900, 0.2999999999999910500 ) ) ;
#822 = PLANE ( 'NONE',  #727 ) ;
#824 = ORIENTED_EDGE ( 'NONE', *, *, #3659, .T. ) ;
#823 = ORIENTED_EDGE ( 'NONE', *, *, #2542, .F. ) ;
#825 = LINE ( 'NONE', #3330, #684 ) ;
#826 = PLANE ( 'NONE',  #2920 ) ;
#827 = LINE ( 'NONE', #3000, #4301 ) ;
#828 = ORIENTED_EDGE ( 'NONE', *, *, #5392, .F. ) ;
#829 = CARTESIAN_POINT ( 'NONE',  ( 0.3870821410835264500, 0.6050000000000086400, -0.4785589321546528400 ) ) ;
#830 = ORIENTED_EDGE ( 'NONE', *, *, #336, .F. ) ;
#831 = AXIS2_PLACEMENT_3D ( 'NONE', #3461, #5625, #3874 ) ;
#832 = FACE_OUTER_BOUND ( 'NONE', #3923, .T. ) ;
#833 = LINE ( 'NONE', #1591, #3166 ) ;
#834 = LINE ( 'NONE', #419, #1873 ) ;
#835 = LINE ( 'NONE', #4614, #156 ) ;
#836 = CARTESIAN_POINT ( 'NONE',  ( 0.3500000000000002000, 0.6049999999999999800, 1.138412281109781400E-015 ) ) ;
#837 = DIRECTION ( 'NONE',  ( 3.252606517456516500E-015, 0.0000000000000000000, -1.000000000000000000 ) ) ;
#838 = CARTESIAN_POINT ( 'NONE',  ( -1.400000000000001200, 0.6049999999999999800, -1.399999999999999900 ) ) ;
#839 = VECTOR ( 'NONE', #923, 1000.000000000000000 ) ;
#840 = EDGE_CURVE ( 'NONE', #3386, #3524, #1256, .T. ) ;
#841 = VECTOR ( 'NONE', #2700, 1000.000000000000000 ) ;
#842 = ADVANCED_FACE ( 'NONE', ( #3966 ), #5580, .F. ) ;
#843 = DIRECTION ( 'NONE',  ( 0.0000000000000000000, 1.000000000000000000, 0.0000000000000000000 ) ) ;
#844 = DIRECTION ( 'NONE',  ( 6.814985084194599900E-015, 0.0000000000000000000, -1.000000000000000000 ) ) ;
#845 = LINE ( 'NONE', #4693, #5316 ) ;
#846 = ORIENTED_EDGE ( 'NONE', *, *, #4168, .T. ) ;
#847 = VECTOR ( 'NONE', #2715, 1000.000000000000000 ) ;
#848 = DIRECTION ( 'NONE',  ( 1.084202172485505800E-016, -0.0000000000000000000, 1.000000000000000000 ) ) ;
#849 = DIRECTION ( 'NONE',  ( 0.0000000000000000000, 0.0000000000000000000, -1.000000000000000000 ) ) ;
#850 = CARTESIAN_POINT ( 'NONE',  ( -0.1500000000000002200, 0.5000000000000000000, -0.6250000000000005600 ) ) ;
#851 = ORIENTED_EDGE ( 'NONE', *, *, #4816, .T. ) ;
#852 = CARTESIAN_POINT ( 'NONE',  ( 2.600000000000000100, 0.5000000000000000000, -2.600000000000000500 ) ) ;
#853 = FACE_OUTER_BOUND ( 'NONE', #3977, .T. ) ;
#854 = ORIENTED_EDGE ( 'NONE', *, *, #2291, .T. ) ;
#855 = ORIENTED_EDGE ( 'NONE', *, *, #2761, .F. ) ;
#856 = ORIENTED_EDGE ( 'NONE', *, *, #2073, .T. ) ;
#857 = EDGE_CURVE ( 'NONE', #2837, #4475, #3375, .T. ) ;
#858 = DIRECTION ( 'NONE',  ( 1.000000000000000000, 0.0000000000000000000, -2.065146995210484400E-016 ) ) ;
#859 = EDGE_CURVE ( 'NONE', #3122, #655, #4574, .T. ) ;
#860 = CARTESIAN_POINT ( 'NONE',  ( -0.1935534813419279000, 1.027660447005099400, -1.051880234608604900 ) ) ;
#861 = ORIENTED_EDGE ( 'NONE', *, *, #3349, .F. ) ;
#862 = ORIENTED_EDGE ( 'NONE', *, *, #4138, .T. ) ;
#863 = DIRECTION ( 'NONE',  ( 0.0000000000000000000, 0.0000000000000000000, 1.000000000000000000 ) ) ;
#864 = CARTESIAN_POINT ( 'NONE',  ( 1.400000000000001500, 0.6000000000000000900, -0.3499999999999963700 ) ) ;
#865 = VERTEX_POINT ( 'NONE', #4682 ) ;
#866 = ORIENTED_EDGE ( 'NONE', *, *, #2801, .T. ) ;
#867 = CARTESIAN_POINT ( 'NONE',  ( 0.6249999999999845700, 0.5250000000000000200, -0.1500000000000082700 ) ) ;
#868 = VECTOR ( 'NONE', #2398, 1000.000000000000000 ) ;
#869 = VERTEX_POINT ( 'NONE', #2522 ) ;
#870 = AXIS2_PLACEMENT_3D ( 'NONE', #3532, #4793, #26 ) ;
#871 = CARTESIAN_POINT ( 'NONE',  ( -1.135830847365768000E-014, 0.6049999999999999800, 1.100000000000001200 ) ) ;
#872 = CARTESIAN_POINT ( 'NONE',  ( 1.900000000000000800, 0.0000000000000000000, 2.450000000000000600 ) ) ;
#873 = DIRECTION ( 'NONE',  ( 1.000000000000000000, 0.0000000000000000000, 0.0000000000000000000 ) ) ;
#874 = PLANE ( 'NONE',  #2128 ) ;
#875 = ADVANCED_FACE ( 'NONE', ( #356 ), #2822, .T. ) ;
#876 = FACE_OUTER_BOUND ( 'NONE', #1983, .T. ) ;
#877 = VECTOR ( 'NONE', #1364, 1000.000000000000000 ) ;
#878 = CARTESIAN_POINT ( 'NONE',  ( -1.011922027653137400E-014, 0.6049999999999999800, 1.399999999999999500 ) ) ;
#879 = CC_DESIGN_SECURITY_CLASSIFICATION ( #4078, ( #112 ) ) ;
#880 = DIRECTION ( 'NONE',  ( 0.0000000000000000000, 1.000000000000000000, 0.0000000000000000000 ) ) ;
#881 = FACE_OUTER_BOUND ( 'NONE', #4751, .T. ) ;
#882 = DIRECTION ( 'NONE',  ( 1.000000000000000000, 0.0000000000000000000, 0.0000000000000000000 ) ) ;
#883 = CARTESIAN_POINT ( 'NONE',  ( -0.2999999999999990500, -0.02500000000000000100, -2.099999999999999600 ) ) ;
#884 = DIRECTION ( 'NONE',  ( -0.5269886049256356000, -0.07789608327828175000, 0.8462949902300234100 ) ) ;
#885 = ORIENTED_EDGE ( 'NONE', *, *, #3458, .F. ) ;
#886 = EDGE_CURVE ( 'NONE', #4927, #190, #3830, .T. ) ;
#887 = ORIENTED_EDGE ( 'NONE', *, *, #5282, .F. ) ;
#888 = CARTESIAN_POINT ( 'NONE',  ( 0.3930000000000041800, 0.6049999999999999800, -1.274000000000000000 ) ) ;
#889 = PLANE ( 'NONE',  #461 ) ;
#890 = DIRECTION ( 'NONE',  ( -1.548860246407859400E-016, 0.0000000000000000000, -1.000000000000000000 ) ) ;
#891 = EDGE_CURVE ( 'NONE', #2689, #4876, #1055, .T. ) ;
#892 = PERSON_AND_ORGANIZATION ( #5627, #2878 ) ;
#893 = EDGE_CURVE ( 'NONE', #4897, #3356, #2226, .T. ) ;
#895 = EDGE_LOOP ( 'NONE', ( #4253, #3182, #3927, #1074 ) ) ;
#894 = ORIENTED_EDGE ( 'NONE', *, *, #1781, .F. ) ;
#896 = PLANE ( 'NONE',  #5012 ) ;
#897 = DIRECTION ( 'NONE',  ( -1.000000000000000000, 0.0000000000000000000, 1.734723475976807100E-016 ) ) ;
#898 = LINE ( 'NONE', #1767, #1725 ) ;
#899 = DIRECTION ( 'NONE',  ( 1.000000000000000000, 0.0000000000000000000, 1.084202172485505800E-016 ) ) ;
#900 = CARTESIAN_POINT ( 'NONE',  ( 0.7400569921222711600, 0.6000000000000000900, 1.400000000000005900 ) ) ;
#901 = ORIENTED_EDGE ( 'NONE', *, *, #2265, .T. ) ;
#902 = ORIENTED_EDGE ( 'NONE', *, *, #3094, .T. ) ;
#903 = PLANE ( 'NONE',  #4408 ) ;
#904 = PLANE ( 'NONE',  #791 ) ;
#905 = LINE ( 'NONE', #1472, #5234 ) ;
#906 = DIRECTION ( 'NONE',  ( 0.2670722855255381300, -0.9605230838007323700, 0.07789608327828170800 ) ) ;
#907 = AXIS2_PLACEMENT_3D ( 'NONE', #2934, #2509, #2045 ) ;
#908 = LINE ( 'NONE', #2553, #288 ) ;
#909 = LINE ( 'NONE', #5453, #5371 ) ;
#910 = DIRECTION ( 'NONE',  ( 0.0000000000000000000, 0.0000000000000000000, 1.000000000000000000 ) ) ;
#911 = CARTESIAN_POINT ( 'NONE',  ( -0.6249999999999937800, 0.5000000000000000000, 0.1500000000000071000 ) ) ;
#912 = FACE_OUTER_BOUND ( 'NONE', #974, .T. ) ;
#913 = DIRECTION ( 'NONE',  ( -1.239088197126290700E-015, 0.0000000000000000000, -1.000000000000000000 ) ) ;
#914 = LINE ( 'NONE', #709, #4647 ) ;
#915 = AXIS2_PLACEMENT_3D ( 'NONE', #2119, #2926, #4681 ) ;
#916 = VECTOR ( 'NONE', #3719, 1000.000000000000000 ) ;
#917 = ORIENTED_EDGE ( 'NONE', *, *, #2185, .F. ) ;
#918 = CARTESIAN_POINT ( 'NONE',  ( -1.400000000000001200, 0.6049999999999999800, -1.399999999999999900 ) ) ;
#919 = CARTESIAN_POINT ( 'NONE',  ( -0.1933075571673791000, 1.006145758553888900, -0.6480480375071530100 ) ) ;
#920 = VECTOR ( 'NONE', #2161, 1000.000000000000000 ) ;
#921 = PRODUCT ( 'VLMU5200-serie-140', 'VLMU5200-serie-140', '', ( #942 ) ) ;
#922 = CARTESIAN_POINT ( 'NONE',  ( 0.0000000000000000000, 0.5250000000000000200, 0.0000000000000000000 ) ) ;
#923 = DIRECTION ( 'NONE',  ( 1.032573497605242100E-016, 0.0000000000000000000, 1.000000000000000000 ) ) ;
#924 = DIRECTION ( 'NONE',  ( 1.000000000000000000, 0.0000000000000000000, -7.885106708985492000E-016 ) ) ;
#925 = EDGE_CURVE ( 'NONE', #3580, #537, #1204, .T. ) ;
#926 = ORIENTED_EDGE ( 'NONE', *, *, #632, .F. ) ;
#927 = LINE ( 'NONE', #3964, #2501 ) ;
#928 = ORIENTED_EDGE ( 'NONE', *, *, #1107, .F. ) ;
#929 = ORIENTED_EDGE ( 'NONE', *, *, #4316, .F. ) ;
#930 = CARTESIAN_POINT ( 'NONE',  ( 0.0000000000000000000, 0.6049999999999999800, 0.0000000000000000000 ) ) ;
#931 = DIRECTION ( 'NONE',  ( 0.0000000000000000000, 0.0000000000000000000, -1.000000000000000000 ) ) ;
#932 = CARTESIAN_POINT ( 'NONE',  ( -2.099999999999999600, 0.4500000000000000100, 2.099999999999999600 ) ) ;
#933 = ORIENTED_EDGE ( 'NONE', *, *, #1085, .T. ) ;
#934 = ORIENTED_EDGE ( 'NONE', *, *, #2966, .F. ) ;
#935 = EDGE_CURVE ( 'NONE', #2479, #1655, #834, .T. ) ;
#936 = ORIENTED_EDGE ( 'NONE', *, *, #2517, .F. ) ;
#937 = ORIENTED_EDGE ( 'NONE', *, *, #1117, .F. ) ;
#938 = CARTESIAN_POINT ( 'NONE',  ( 2.400000000000000400, -0.02500000000000000100, -0.2999999999999986600 ) ) ;
#939 = ORIENTED_EDGE ( 'NONE', *, *, #2214, .T. ) ;
#940 = EDGE_CURVE ( 'NONE', #3295, #5102, #2148, .T. ) ;
#941 = EDGE_CURVE ( 'NONE', #2520, #4545, #5307, .T. ) ;
#942 = MECHANICAL_CONTEXT ( 'NONE', #2266, 'mechanical' ) ;
#943 = CARTESIAN_POINT ( 'NONE',  ( -0.3500000000000115800, 0.6049999999999999800, 1.099999999999997400 ) ) ;
#944 = ORIENTED_EDGE ( 'NONE', *, *, #2650, .T. ) ;
#945 = DIRECTION ( 'NONE',  ( -0.0000000000000000000, -1.000000000000000000, -0.0000000000000000000 ) ) ;
#946 = CARTESIAN_POINT ( 'NONE',  ( 4.625929269271487700E-015, 0.6049999999999999800, -1.400000000000000800 ) ) ;
#947 = DIRECTION ( 'NONE',  ( 1.000000000000000000, 0.0000000000000000000, 3.304235192336776300E-015 ) ) ;
#948 = DIRECTION ( 'NONE',  ( -1.000000000000000000, 0.0000000000000000000, -0.0000000000000000000 ) ) ;
#949 = VECTOR ( 'NONE', #2487, 1000.000000000000000 ) ;
#951 = DIRECTION ( 'NONE',  ( -0.0000000000000000000, 1.000000000000000000, -0.0000000000000000000 ) ) ;
#950 = CARTESIAN_POINT ( 'NONE',  ( 2.600000000000000100, 0.5000000000000000000, 2.599999999999999600 ) ) ;
#952 = ORIENTED_EDGE ( 'NONE', *, *, #2652, .F. ) ;
#953 = LINE ( 'NONE', #1778, #1292 ) ;
#954 = AXIS2_PLACEMENT_3D ( 'NONE', #4276, #1682, #5620 ) ;
#955 = VECTOR ( 'NONE', #3667, 1000.000000000000000 ) ;
#956 = AXIS2_PLACEMENT_3D ( 'NONE', #2311, #3140, #2695 ) ;
#957 = PLANE ( 'NONE',  #5508 ) ;
#958 = DIRECTION ( 'NONE',  ( 1.734723475976805100E-016, -0.0000000000000000000, 1.000000000000000000 ) ) ;
#959 = ORIENTED_EDGE ( 'NONE', *, *, #2787, .T. ) ;
#960 = PERSON_AND_ORGANIZATION_ROLE ( 'design_supplier' ) ;
#961 = CARTESIAN_POINT ( 'NONE',  ( 2.399999999999999900, 0.0000000000000000000, -2.449999999999999700 ) ) ;
#962 = DIRECTION ( 'NONE',  ( -1.000000000000000000, 0.0000000000000000000, -1.037736365093268500E-014 ) ) ;
#963 = CARTESIAN_POINT ( 'NONE',  ( 0.2645956341671594800, 1.007009153021203100, -1.170923726632087500 ) ) ;
#964 = ORIENTED_EDGE ( 'NONE', *, *, #2939, .F. ) ;
#965 = DIRECTION ( 'NONE',  ( 1.548860246407861400E-016, 0.0000000000000000000, -1.000000000000000000 ) ) ;
#966 = DIRECTION ( 'NONE',  ( 3.642919299551294900E-015, 0.0000000000000000000, -1.000000000000000000 ) ) ;
#968 = PLANE ( 'NONE',  #4482 ) ;
#967 = DIRECTION ( 'NONE',  ( -0.0000000000000000000, -1.000000000000000000, -0.0000000000000000000 ) ) ;
#969 = ORIENTED_EDGE ( 'NONE', *, *, #1372, .T. ) ;
#970 = ORIENTED_EDGE ( 'NONE', *, *, #3622, .T. ) ;
#971 = LOCAL_TIME ( 1, 35, 54.00000000000000000, #2132 ) ;
#972 = CARTESIAN_POINT ( 'NONE',  ( 0.3883798188038664600, 0.6049999999999140500, -1.272299136136447100 ) ) ;
#973 = CARTESIAN_POINT ( 'NONE',  ( 2.400000000000000800, -0.02500000000000000100, 2.450000000000000600 ) ) ;
#975 = ORIENTED_EDGE ( 'NONE', *, *, #481, .F. ) ;
#974 = EDGE_LOOP ( 'NONE', ( #3857, #5354, #1835, #5156 ) ) ;
#976 = EDGE_CURVE ( 'NONE', #3150, #3465, #2550, .T. ) ;
#977 = EDGE_CURVE ( 'NONE', #2816, #2371, #2889, .T. ) ;
#978 = VECTOR ( 'NONE', #3844, 1000.000000000000000 ) ;
#979 = ORIENTED_EDGE ( 'NONE', *, *, #2975, .T. ) ;
#980 = ORIENTED_EDGE ( 'NONE', *, *, #5390, .T. ) ;
#981 = APPROVAL_STATUS ( 'not_yet_approved' ) ;
#982 = CARTESIAN_POINT ( 'NONE',  ( -1.400000000000007000, 0.6049999999999999800, 0.6499999999999865900 ) ) ;
#983 = DIRECTION ( 'NONE',  ( -6.814985084194595100E-015, 0.0000000000000000000, 1.000000000000000000 ) ) ;
#984 = LINE ( 'NONE', #458, #1466 ) ;
#985 = DIRECTION ( 'NONE',  ( -1.000000000000000000, 0.0000000000000000000, -7.021499783715647100E-015 ) ) ;
#986 = LINE ( 'NONE', #1559, #5036 ) ;
#987 = VECTOR ( 'NONE', #4504, 1000.000000000000000 ) ;
#988 = LINE ( 'NONE', #2871, #423 ) ;
#989 = CARTESIAN_POINT ( 'NONE',  ( -1.399999999999998600, 0.6049999999999999800, -1.619075244245018800E-014 ) ) ;
#990 = CARTESIAN_POINT ( 'NONE',  ( 1.400000000000000100, -0.02500000000000000100, 2.450000000000000600 ) ) ;
#991 = VECTOR ( 'NONE', #3265, 1000.000000000000000 ) ;
#992 = VECTOR ( 'NONE', #3534, 1000.000000000000000 ) ;
#993 = DIRECTION ( 'NONE',  ( 6.814985084194595100E-015, 0.0000000000000000000, -1.000000000000000000 ) ) ;
#994 = VECTOR ( 'NONE', #4575, 1000.000000000000000 ) ;
#995 = VERTEX_POINT ( 'NONE', #1711 ) ;
#996 = VECTOR ( 'NONE', #1508, 1000.000000000000000 ) ;
#997 = CARTESIAN_POINT ( 'NONE',  ( 0.3983821374641551300, 0.6049999999999999800, -1.224786854928047200 ) ) ;
#998 = VERTEX_POINT ( 'NONE', #4750 ) ;
#999 = DIRECTION ( 'NONE',  ( 0.0000000000000000000, 1.000000000000000000, -0.0000000000000000000 ) ) ;
#1000 = FACE_OUTER_BOUND ( 'NONE', #3613, .T. ) ;
#1001 = ORIENTED_EDGE ( 'NONE', *, *, #3130, .T. ) ;
#1002 = ORIENTED_EDGE ( 'NONE', *, *, #5107, .T. ) ;
#1003 = CARTESIAN_POINT ( 'NONE',  ( -1.449999999999995700, 0.5250000000000000200, 0.0000000000000000000 ) ) ;
#1004 = CARTESIAN_POINT ( 'NONE',  ( 0.6499999999999915800, 0.6049999999999999800, 1.400000000000005000 ) ) ;
#1005 = VERTEX_POINT ( 'NONE', #1730 ) ;
#1006 = CARTESIAN_POINT ( 'NONE',  ( 1.499999999999995300, 0.5000000000000000000, -1.500000000000005800 ) ) ;
#1007 = EDGE_CURVE ( 'NONE', #649, #2464, #2353, .T. ) ;
#1008 = ORIENTED_EDGE ( 'NONE', *, *, #1045, .F. ) ;
#1009 = DIRECTION ( 'NONE',  ( -1.000000000000000000, 0.0000000000000000000, -7.165162183382554600E-015 ) ) ;
#1010 = ORIENTED_EDGE ( 'NONE', *, *, #2544, .T. ) ;
#1011 = VERTEX_POINT ( 'NONE', #4304 ) ;
#1012 = EDGE_CURVE ( 'NONE', #682, #4303, #3689, .T. ) ;
#1013 = ORIENTED_EDGE ( 'NONE', *, *, #129, .T. ) ;
#1014 = CARTESIAN_POINT ( 'NONE',  ( 0.3466828485738840900, 0.5893968806677927200, -0.5051341691659514400 ) ) ;
#1015 = VECTOR ( 'NONE', #1686, 1000.000000000000000 ) ;
#1016 = EDGE_CURVE ( 'NONE', #5456, #4528, #908, .T. ) ;
#1017 = ORIENTED_EDGE ( 'NONE', *, *, #378, .F. ) ;
#1018 = PERSON_AND_ORGANIZATION_ROLE ( 'design_owner' ) ;
#1019 = DIRECTION ( 'NONE',  ( 0.0000000000000000000, -1.000000000000000000, 0.0000000000000000000 ) ) ;
#1020 = CARTESIAN_POINT ( 'NONE',  ( 0.2499999999999932800, 0.5250000000000000200, -1.499999999999994900 ) ) ;
#1021 = VECTOR ( 'NONE', #1426, 1000.000000000000000 ) ;
#1022 = CARTESIAN_POINT ( 'NONE',  ( 0.1500000000000060700, 0.5000000000000000000, 1.124999999999969800 ) ) ;
#1023 = VECTOR ( 'NONE', #5503, 1000.000000000000000 ) ;
#1024 = CARTESIAN_POINT ( 'NONE',  ( 0.3500000000000002000, 0.6049999999999999800, 1.138412281109781400E-015 ) ) ;
#1025 = ADVANCED_FACE ( 'NONE', ( #484 ), #5113, .T. ) ;
#1026 = CARTESIAN_POINT ( 'NONE',  ( 0.6249999999999845700, 0.5250000000000000200, -0.2500000000000082700 ) ) ;
#1027 = LINE ( 'NONE', #2335, #1511 ) ;
#1028 = AXIS2_PLACEMENT_3D ( 'NONE', #3957, #3999, #2256 ) ;
#1029 = AXIS2_PLACEMENT_3D ( 'NONE', #1271, #2547, #2599 ) ;
#1030 = ORIENTED_EDGE ( 'NONE', *, *, #1117, .T. ) ;
#1031 = CARTESIAN_POINT ( 'NONE',  ( -1.399999999999999200, 0.0000000000000000000, -2.100000000000000100 ) ) ;
#1032 = CARTESIAN_POINT ( 'NONE',  ( 0.3739115093974185200, 0.6050000000015696200, -1.249990440655606800 ) ) ;
#1033 = ORIENTED_EDGE ( 'NONE', *, *, #2864, .F. ) ;
#1034 = EDGE_CURVE ( 'NONE', #3487, #1138, #4970, .T. ) ;
#1035 = PLANE ( 'NONE',  #3288 ) ;
#1036 = PERSON_AND_ORGANIZATION ( #5627, #2878 ) ;
#1037 = CARTESIAN_POINT ( 'NONE',  ( -1.011922027653138500E-015, 0.6000000000000000900, -1.400000000000000800 ) ) ;
#1038 = DIRECTION ( 'NONE',  ( 1.000000000000000000, 0.0000000000000000000, 1.224639388853017300E-016 ) ) ;
#1039 = ORIENTED_EDGE ( 'NONE', *, *, #3909, .T. ) ;
#1040 = APPROVAL_DATE_TIME ( #1314, #397 ) ;
#1041 = DIRECTION ( 'NONE',  ( 1.000000000000000000, -0.0000000000000000000, 2.891205793294678200E-015 ) ) ;
#1042 = VERTEX_POINT ( 'NONE', #5575 ) ;
#1043 = ORIENTED_EDGE ( 'NONE', *, *, #2187, .T. ) ;
#1044 = VECTOR ( 'NONE', #3744, 1000.000000000000000 ) ;
#1045 = EDGE_CURVE ( 'NONE', #1614, #3318, #4774, .T. ) ;
#1046 = DIRECTION ( 'NONE',  ( 0.0000000000000000000, -0.0000000000000000000, 1.000000000000000000 ) ) ;
#1047 = CARTESIAN_POINT ( 'NONE',  ( -2.600000000000000100, 0.5000000000000000000, 2.600000000000000100 ) ) ;
#1048 = EDGE_CURVE ( 'NONE', #115, #3524, #1049, .T. ) ;
#1049 = LINE ( 'NONE', #384, #1533 ) ;
#1050 = VECTOR ( 'NONE', #1637, 1000.000000000000000 ) ;
#1051 = ADVANCED_FACE ( 'NONE', ( #85 ), #3064, .T. ) ;
#1052 = CARTESIAN_POINT ( 'NONE',  ( 0.4042528342670544400, 0.6049999999999999800, -1.225352993718476800 ) ) ;
#1053 = VECTOR ( 'NONE', #1467, 1000.000000000000000 ) ;
#1054 = CARTESIAN_POINT ( 'NONE',  ( -0.6500000000000012400, 0.6000000000000000900, -1.400000000000000100 ) ) ;
#1055 = LINE ( 'NONE', #342, #5439 ) ;
#1056 = DIRECTION ( 'NONE',  ( -1.032573497605242100E-016, 0.0000000000000000000, -1.000000000000000000 ) ) ;
#1057 = DIRECTION ( 'NONE',  ( 1.000000000000000000, 0.0000000000000000000, -1.734723475976807100E-016 ) ) ;
#1058 = CARTESIAN_POINT ( 'NONE',  ( 0.3805923995034898900, 0.6050000000001224400, -0.5171004540339265700 ) ) ;
#1059 = FACE_OUTER_BOUND ( 'NONE', #4799, .T. ) ;
#1060 = ORIENTED_EDGE ( 'NONE', *, *, #1499, .T. ) ;
#1061 = FACE_OUTER_BOUND ( 'NONE', #2883, .T. ) ;
#1062 = CARTESIAN_POINT ( 'NONE',  ( -0.3500000000000011400, 0.6000000000000000900, -0.3500000000000000300 ) ) ;
#1063 = AXIS2_PLACEMENT_3D ( 'NONE', #516, #31, #2200 ) ;
#1064 = AXIS2_PLACEMENT_3D ( 'NONE', #4758, #2184, #2609 ) ;
#1065 = ORIENTED_EDGE ( 'NONE', *, *, #1532, .F. ) ;
#1066 = VECTOR ( 'NONE', #2725, 1000.000000000000000 ) ;
#1067 = VERTEX_POINT ( 'NONE', #2253 ) ;
#1068 = VERTEX_POINT ( 'NONE', #1329 ) ;
#1069 = DIRECTION ( 'NONE',  ( -0.0000000000000000000, -1.000000000000000000, -0.0000000000000000000 ) ) ;
#1070 = ORIENTED_EDGE ( 'NONE', *, *, #3049, .F. ) ;
#1071 = CC_DESIGN_PERSON_AND_ORGANIZATION_ASSIGNMENT ( #1789, #4008, ( #1100 ) ) ;
#1072 = DIRECTION ( 'NONE',  ( -1.000000000000000000, 0.0000000000000000000, 0.0000000000000000000 ) ) ;
#1073 = VERTEX_POINT ( 'NONE', #3955 ) ;
#1074 = ORIENTED_EDGE ( 'NONE', *, *, #2615, .T. ) ;
#1075 = ORIENTED_EDGE ( 'NONE', *, *, #4984, .T. ) ;
#1076 = PLANE ( 'NONE',  #4337 ) ;
#1077 = CARTESIAN_POINT ( 'NONE',  ( 0.0000000000000000000, 0.0000000000000000000, 1.800000000000000700 ) ) ;
#1078 = DIRECTION ( 'NONE',  ( -5.782411586588803500E-016, 0.0000000000000000000, 1.000000000000000000 ) ) ;
#1079 = EDGE_LOOP ( 'NONE', ( #3850, #3450, #979, #3664 ) ) ;
#1080 = CARTESIAN_POINT ( 'NONE',  ( -1.449999999999995700, 0.6000000000000000900, -0.3000000000000080900 ) ) ;
#1081 = AXIS2_PLACEMENT_3D ( 'NONE', #1968, #1105, #1984 ) ;
#1082 = ADVANCED_FACE ( 'NONE', ( #211 ), #2645, .T. ) ;
#1083 = CARTESIAN_POINT ( 'NONE',  ( 1.449999999999998400, 0.6000000000000000900, -1.449999999999990900 ) ) ;
#1084 = EDGE_LOOP ( 'NONE', ( #44, #1626, #2598, #975 ) ) ;
#1085 = EDGE_CURVE ( 'NONE', #682, #3748, #5110, .T. ) ;
#1086 = EDGE_CURVE ( 'NONE', #80, #284, #1802, .T. ) ;
#1087 = EDGE_CURVE ( 'NONE', #237, #1625, #2815, .T. ) ;
#1088 = LINE ( 'NONE', #1003, #58 ) ;
#1089 = EDGE_LOOP ( 'NONE', ( #2101, #572, #2537, #2969 ) ) ;
#1090 = DIRECTION ( 'NONE',  ( -0.0000000000000000000, 1.000000000000000000, -0.0000000000000000000 ) ) ;
#1091 = VECTOR ( 'NONE', #3062, 1000.000000000000000 ) ;
#1092 = DIRECTION ( 'NONE',  ( 1.000000000000000000, -0.0000000000000000000, 0.0000000000000000000 ) ) ;
#1093 = DIRECTION ( 'NONE',  ( 0.0000000000000000000, 0.0000000000000000000, 1.000000000000000000 ) ) ;
#1094 = VECTOR ( 'NONE', #4101, 1000.000000000000000 ) ;
#1095 = CARTESIAN_POINT ( 'NONE',  ( 0.3000000000000042100, 0.6000000000000000900, 0.3000000000000103100 ) ) ;
#1096 = VERTEX_POINT ( 'NONE', #883 ) ;
#1097 = DIRECTION ( 'NONE',  ( -1.000000000000000000, 0.0000000000000000000, -3.394024192128566700E-015 ) ) ;
#1098 = CARTESIAN_POINT ( 'NONE',  ( -0.2500000000000000000, 0.5250000000000000200, 1.500000000000003800 ) ) ;
#1099 = VERTEX_POINT ( 'NONE', #3515 ) ;
#1100 = PRODUCT_DEFINITION ( 'UNKNOWN', '', #112, #2984 ) ;
#1101 = CARTESIAN_POINT ( 'NONE',  ( 0.0000000000000000000, 0.6000000000000000900, 0.0000000000000000000 ) ) ;
#1102 = EDGE_LOOP ( 'NONE', ( #5515, #5264, #2136, #2534 ) ) ;
#1103 = ADVANCED_FACE ( 'NONE', ( #1321 ), #903, .F. ) ;
#1104 = APPROVAL_PERSON_ORGANIZATION ( #820, #2744, #3171 ) ;
#1105 = DIRECTION ( 'NONE',  ( -0.0000000000000000000, 0.0000000000000000000, 1.000000000000000000 ) ) ;
#1106 = ORIENTED_EDGE ( 'NONE', *, *, #5213, .F. ) ;
#1107 = EDGE_CURVE ( 'NONE', #1503, #2611, #4908, .T. ) ;
#1108 = DIRECTION ( 'NONE',  ( 6.976605283819831400E-015, 0.0000000000000000000, -1.000000000000000000 ) ) ;
#1109 = CARTESIAN_POINT ( 'NONE',  ( -1.400000000000001000, 0.6000000000000000900, -0.3499999999999999200 ) ) ;
#1110 = FACE_OUTER_BOUND ( 'NONE', #1373, .T. ) ;
#1111 = CARTESIAN_POINT ( 'NONE',  ( -7.641632367829181700E-015, 0.6049999999999999800, 0.7400569921222806000 ) ) ;
#1112 = DIRECTION ( 'NONE',  ( 2.065146995210484400E-016, 0.0000000000000000000, 1.000000000000000000 ) ) ;
#1113 = LINE ( 'NONE', #3441, #2607 ) ;
#1114 = ORIENTED_EDGE ( 'NONE', *, *, #1087, .T. ) ;
#1115 = VERTEX_POINT ( 'NONE', #3101 ) ;
#1116 = CARTESIAN_POINT ( 'NONE',  ( 0.2500000000000060500, 0.5000000000000000000, 0.6249999999999698000 ) ) ;
#1117 = EDGE_CURVE ( 'NONE', #1073, #5054, #3896, .T. ) ;
#1118 = VECTOR ( 'NONE', #967, 1000.000000000000000 ) ;
#1119 = FACE_OUTER_BOUND ( 'NONE', #405, .T. ) ;
#1120 = VECTOR ( 'NONE', #1658, 1000.000000000000000 ) ;
#1121 = ORIENTED_EDGE ( 'NONE', *, *, #2647, .F. ) ;
#1122 = EDGE_CURVE ( 'NONE', #4927, #4441, #3095, .T. ) ;
#1123 = CARTESIAN_POINT ( 'NONE',  ( -0.1500000000000002200, 0.5000000000000000000, -1.125000000000000700 ) ) ;
#1124 = VECTOR ( 'NONE', #3041, 1000.000000000000000 ) ;
#1125 = VECTOR ( 'NONE', #3354, 1000.000000000000000 ) ;
#1126 = CARTESIAN_POINT ( 'NONE',  ( -0.2500000000000003900, 0.5000000000000000000, -1.125000000000000700 ) ) ;
#1127 = DIRECTION ( 'NONE',  ( -7.021499783715649500E-015, 0.0000000000000000000, 1.000000000000000000 ) ) ;
#1128 = DIRECTION ( 'NONE',  ( -1.000000000000000000, 0.0000000000000000000, -9.396418828207711900E-015 ) ) ;
#1129 = VECTOR ( 'NONE', #4649, 1000.000000000000000 ) ;
#1130 = ORIENTED_EDGE ( 'NONE', *, *, #4733, .F. ) ;
#1131 = DIRECTION ( 'NONE',  ( 0.0000000000000000000, 0.0000000000000000000, 1.000000000000000000 ) ) ;
#1132 = LINE ( 'NONE', #3453, #920 ) ;
#1133 = ORIENTED_EDGE ( 'NONE', *, *, #4604, .F. ) ;
#1134 = ADVANCED_FACE ( 'NONE', ( #4374 ), #623, .T. ) ;
#1135 = VECTOR ( 'NONE', #450, 1000.000000000000000 ) ;
#1136 = VERTEX_POINT ( 'NONE', #504 ) ;
#1137 = DIRECTION ( 'NONE',  ( -1.000000000000000000, 0.0000000000000000000, 0.0000000000000000000 ) ) ;
#1138 = VERTEX_POINT ( 'NONE', #3560 ) ;
#1139 = ORIENTED_EDGE ( 'NONE', *, *, #1377, .T. ) ;
#1140 = ORIENTED_EDGE ( 'NONE', *, *, #3734, .T. ) ;
#1141 = CARTESIAN_POINT ( 'NONE',  ( 0.2499999999999954500, 0.5250000000000000200, -0.2500000000000082700 ) ) ;
#1142 = DIRECTION ( 'NONE',  ( 0.0000000000000000000, 0.0000000000000000000, -1.000000000000000000 ) ) ;
#1143 = EDGE_LOOP ( 'NONE', ( #3200, #1212, #4414, #929 ) ) ;
#1144 = EDGE_CURVE ( 'NONE', #470, #3619, #1392, .T. ) ;
#1145 = ORIENTED_EDGE ( 'NONE', *, *, #976, .T. ) ;
#1146 = DIRECTION ( 'NONE',  ( 1.000000000000000000, 0.0000000000000000000, 0.0000000000000000000 ) ) ;
#1147 = CARTESIAN_POINT ( 'NONE',  ( 0.4131747151231454600, 0.6069474020819570800, -1.228842625244249000 ) ) ;
#1148 = CARTESIAN_POINT ( 'NONE',  ( 0.0000000000000000000, -0.02500000000000000100, 0.0000000000000000000 ) ) ;
#1149 = LINE ( 'NONE', #2030, #4874 ) ;
#1150 = ORIENTED_EDGE ( 'NONE', *, *, #3392, .T. ) ;
#1151 = VECTOR ( 'NONE', #1514, 1000.000000000000000 ) ;
#1152 = CARTESIAN_POINT ( 'NONE',  ( 0.2499999999999954500, 0.5000000000000000000, -0.2500000000000082700 ) ) ;
#1153 = ORIENTED_EDGE ( 'NONE', *, *, #2362, .T. ) ;
#1154 = CARTESIAN_POINT ( 'NONE',  ( 0.6249999999999845700, 0.5000000000000000000, -0.2500000000000082700 ) ) ;
#1155 = VECTOR ( 'NONE', #1069, 1000.000000000000000 ) ;
#1156 = FACE_OUTER_BOUND ( 'NONE', #2963, .T. ) ;
#1157 = EDGE_CURVE ( 'NONE', #4012, #1432, #5504, .T. ) ;
#1158 = EDGE_CURVE ( 'NONE', #4991, #2058, #2951, .T. ) ;
#1159 = DIRECTION ( 'NONE',  ( -1.000000000000000000, 0.0000000000000000000, 0.0000000000000000000 ) ) ;
#1160 = EDGE_LOOP ( 'NONE', ( #5426, #2568, #1380, #2796 ) ) ;
#1161 = DIRECTION ( 'NONE',  ( 1.000000000000000000, 0.0000000000000000000, 0.0000000000000000000 ) ) ;
#1162 = PLANE ( 'NONE',  #4263 ) ;
#1163 = DIRECTION ( 'NONE',  ( 0.0000000000000000000, -0.0000000000000000000, -1.000000000000000000 ) ) ;
#1164 = PLANE ( 'NONE',  #4141 ) ;
#1165 = DIRECTION ( 'NONE',  ( 1.000000000000000000, -0.0000000000000000000, 1.548860246407861600E-016 ) ) ;
#1166 = ORIENTED_EDGE ( 'NONE', *, *, #3847, .F. ) ;
#1167 = CARTESIAN_POINT ( 'NONE',  ( 0.3000000000000007700, -0.02500000000000000100, 2.100000000000000500 ) ) ;
#1168 = PLANE ( 'NONE',  #3718 ) ;
#1170 = ORIENTED_EDGE ( 'NONE', *, *, #1034, .F. ) ;
#1169 = ORIENTED_EDGE ( 'NONE', *, *, #231, .T. ) ;
#1171 = CC_DESIGN_DATE_AND_TIME_ASSIGNMENT ( #5290, #4893, ( #184 ) ) ;
#1172 = FACE_OUTER_BOUND ( 'NONE', #5134, .T. ) ;
#1173 = CARTESIAN_POINT ( 'NONE',  ( -0.3500000000000011400, 0.6049999999999999800, -0.3500000000000000300 ) ) ;
#1174 = VERTEX_POINT ( 'NONE', #982 ) ;
#1175 = VERTEX_POINT ( 'NONE', #4822 ) ;
#1176 = LINE ( 'NONE', #4187, #5367 ) ;
#1177 = EDGE_CURVE ( 'NONE', #5423, #5147, #3229, .T. ) ;
#1178 = CARTESIAN_POINT ( 'NONE',  ( -0.2435534813419279700, 1.101859337205435100, -1.051880234608604900 ) ) ;
#1179 = VECTOR ( 'NONE', #2638, 1000.000000000000000 ) ;
#1180 = CARTESIAN_POINT ( 'NONE',  ( 3.252606517456523800E-017, 0.0000000000000000000, 0.3000000000000009900 ) ) ;
#1181 = LINE ( 'NONE', #2895, #2008 ) ;
#1182 = DIRECTION ( 'NONE',  ( -1.000000000000000000, 0.0000000000000000000, -6.866613759074866400E-015 ) ) ;
#1183 = DIRECTION ( 'NONE',  ( 1.000000000000000000, -0.0000000000000000000, 2.891205793294680600E-015 ) ) ;
#1184 = CARTESIAN_POINT ( 'NONE',  ( -1.500000000000001300, 0.5000000000000000000, -0.2499999999999998300 ) ) ;
#1185 = CIRCLE ( 'NONE', #4300, 2.391650934158903400 ) ;
#1186 = EDGE_CURVE ( 'NONE', #3914, #4525, #2076, .T. ) ;
#1187 = ADVANCED_FACE ( 'NONE', ( #1935 ), #2656, .F. ) ;
#1188 = ADVANCED_FACE ( 'NONE', ( #1662 ), #3993, .F. ) ;
#1189 = VECTOR ( 'NONE', #4211, 1000.000000000000000 ) ;
#1190 = CARTESIAN_POINT ( 'NONE',  ( 0.3758524467153766000, 0.6049999999999997600, -0.4912576395120456000 ) ) ;
#1191 = DIRECTION ( 'NONE',  ( 1.000000000000000000, 0.0000000000000000000, -7.885106708985491000E-016 ) ) ;
#1192 = EDGE_CURVE ( 'NONE', #4295, #3776, #5370, .T. ) ;
#1193 = PLANE ( 'NONE',  #2205 ) ;
#1194 = LINE ( 'NONE', #1350, #5379 ) ;
#1195 = VERTEX_POINT ( 'NONE', #943 ) ;
#1196 = FACE_OUTER_BOUND ( 'NONE', #1980, .T. ) ;
#1197 = ADVANCED_FACE ( 'NONE', ( #3556 ), #3979, .T. ) ;
#1198 = DIRECTION ( 'NONE',  ( 1.000000000000000000, 0.0000000000000000000, 6.976605283819830600E-015 ) ) ;
#1199 = VERTEX_POINT ( 'NONE', #961 ) ;
#1200 = LINE ( 'NONE', #2084, #712 ) ;
#1201 = ORIENTED_EDGE ( 'NONE', *, *, #2291, .F. ) ;
#1202 = CLOSED_SHELL ( 'NONE', ( #4684, #1134, #2052, #2957, #3060, #234, #4242, #2869, #1689, #2793, #3218, #1599, #5586, #4668, #3645, #2177, #4327, #320, #3893, #1937, #2597, #1657, #3858, #5136, #4172, #4570, #4270, #345, #2845, #3743, #5352, #2137, #3023, #353, #2956, #16, #383, #2090, #183, #2204, #262, #4062, #5549, #3459, #3371, #1188, #5135, #4317, #2622, #812, #3924, #724, #4658, #5492, #875, #580, #2965 ) ) ;
#1203 = ORIENTED_EDGE ( 'NONE', *, *, #625, .F. ) ;
#1204 =( BOUNDED_CURVE ( )  B_SPLINE_CURVE ( 3, ( #2133, #363, #3426, #1754 ),
 .UNSPECIFIED., .F., .F. ) 
 B_SPLINE_CURVE_WITH_KNOTS ( ( 4, 4 ),
 ( 0.0000000000000000000, 0.9967291730330726200 ),
 .UNSPECIFIED. ) 
 CURVE ( )  GEOMETRIC_REPRESENTATION_ITEM ( )  RATIONAL_B_SPLINE_CURVE ( ( 1.000000000000000000, 0.4288699464145563400, 0.4270018788336664200, 0.9943957972573302900 ) ) 
 REPRESENTATION_ITEM ( '' )  );
#1205 = CARTESIAN_POINT ( 'NONE',  ( 0.3868252848768638000, 0.6030525979180430000, -1.271157374755750500 ) ) ;
#1206 = DIRECTION ( 'NONE',  ( -3.394024192128579700E-015, 0.0000000000000000000, 1.000000000000000000 ) ) ;
#1207 = EDGE_LOOP ( 'NONE', ( #1008, #3514, #5111, #4586 ) ) ;
#1208 = PLANE ( 'NONE',  #3280 ) ;
#1209 = DIRECTION ( 'NONE',  ( -0.0000000000000000000, -1.000000000000000000, -0.0000000000000000000 ) ) ;
#1210 = ORIENTED_EDGE ( 'NONE', *, *, #5384, .T. ) ;
#1211 = VERTEX_POINT ( 'NONE', #4879 ) ;
#1212 = ORIENTED_EDGE ( 'NONE', *, *, #4322, .T. ) ;
#1213 = PLANE ( 'NONE',  #4904 ) ;
#1214 = DIRECTION ( 'NONE',  ( 2.065146995210485200E-016, 0.0000000000000000000, 1.000000000000000000 ) ) ;
#1215 = EDGE_LOOP ( 'NONE', ( #171, #787, #1647, #1461 ) ) ;
#1216 = AXIS2_PLACEMENT_3D ( 'NONE', #5471, #5428, #3300 ) ;
#1217 = DIRECTION ( 'NONE',  ( -3.488302641909915700E-015, 0.0000000000000000000, 1.000000000000000000 ) ) ;
#1218 = ORIENTED_EDGE ( 'NONE', *, *, #3081, .T. ) ;
#1219 = DIRECTION ( 'NONE',  ( 0.7071067811865474600, 0.0000000000000000000, -0.7071067811865474600 ) ) ;
#1220 = EDGE_CURVE ( 'NONE', #2633, #3524, #348, .T. ) ;
#1221 = ADVANCED_FACE ( 'NONE', ( #3634 ), #2771, .T. ) ;
#1222 = FACE_BOUND ( 'NONE', #2417, .T. ) ;
#1223 = ORIENTED_EDGE ( 'NONE', *, *, #3990, .F. ) ;
#1224 = FACE_BOUND ( 'NONE', #2503, .T. ) ;
#1225 = CARTESIAN_POINT ( 'NONE',  ( -0.2435534813419279700, 1.080217994230337400, -1.101880234608605000 ) ) ;
#1226 = CARTESIAN_POINT ( 'NONE',  ( -1.400000000000001200, 0.6049999999999999800, -1.315498635949080700E-014 ) ) ;
#1227 = CARTESIAN_POINT ( 'NONE',  ( 0.3864233366454614700, 0.6049999999999998700, -0.4789598601450765800 ) ) ;
#1228 = DIRECTION ( 'NONE',  ( 0.0000000000000000000, 0.0000000000000000000, 1.000000000000000000 ) ) ;
#1229 = DIRECTION ( 'NONE',  ( 1.000000000000000000, 0.0000000000000000000, 1.084202172485504400E-016 ) ) ;
#1230 = EDGE_CURVE ( 'NONE', #2882, #3122, #422, .T. ) ;
#1231 = ADVANCED_FACE ( 'NONE', ( #2416 ), #1035, .T. ) ;
#1232 = FACE_OUTER_BOUND ( 'NONE', #2512, .T. ) ;
#1233 = VERTEX_POINT ( 'NONE', #4508 ) ;
#1234 = DIRECTION ( 'NONE',  ( -0.0000000000000000000, -1.000000000000000000, -0.0000000000000000000 ) ) ;
#1235 = EDGE_CURVE ( 'NONE', #1885, #1930, #4644, .T. ) ;
#1236 = EDGE_CURVE ( 'NONE', #3350, #506, #18, .T. ) ;
#1237 = ORIENTED_EDGE ( 'NONE', *, *, #476, .T. ) ;
#1238 = ORIENTED_EDGE ( 'NONE', *, *, #4957, .F. ) ;
#1239 = CARTESIAN_POINT ( 'NONE',  ( -1.400000000000014800, 0.6049999999999999800, 1.399999999999986600 ) ) ;
#1240 = CARTESIAN_POINT ( 'NONE',  ( 0.6500000000000011300, 0.6049999999999999800, 4.429740304726498000E-015 ) ) ;
#1241 = DIRECTION ( 'NONE',  ( 0.0000000000000000000, 0.0000000000000000000, 1.000000000000000000 ) ) ;
#1242 = DIRECTION ( 'NONE',  ( 0.0000000000000000000, 0.0000000000000000000, -1.000000000000000000 ) ) ;
#1243 = VECTOR ( 'NONE', #1234, 1000.000000000000000 ) ;
#1244 = EDGE_LOOP ( 'NONE', ( #2907, #349, #3722, #29 ) ) ;
#1245 = ADVANCED_FACE ( 'NONE', ( #4836, #4699 ), #3615, .F. ) ;
#1246 = DIRECTION ( 'NONE',  ( 1.000000000000000000, 0.0000000000000000000, 7.228014483236698300E-015 ) ) ;
#1247 = LINE ( 'NONE', #2999, #2948 ) ;
#1248 = CARTESIAN_POINT ( 'NONE',  ( 1.900000000000000800, -0.02500000000000000100, 0.3000000000000012100 ) ) ;
#1249 = VECTOR ( 'NONE', #4589, 1000.000000000000000 ) ;
#1250 = VERTEX_POINT ( 'NONE', #3600 ) ;
#1251 = ORIENTED_EDGE ( 'NONE', *, *, #3520, .F. ) ;
#1252 = ADVANCED_FACE ( 'NONE', ( #4567 ), #5158, .T. ) ;
#1253 = DIRECTION ( 'NONE',  ( 0.9999939490354760000, -0.003478777433787415000, 0.0000000000000000000 ) ) ;
#1254 = FACE_OUTER_BOUND ( 'NONE', #5203, .T. ) ;
#1255 = LINE ( 'NONE', #2935, #1468 ) ;
#1256 = LINE ( 'NONE', #3313, #93 ) ;
#1257 = ORIENTED_EDGE ( 'NONE', *, *, #15, .T. ) ;
#1258 = DIRECTION ( 'NONE',  ( -1.000000000000000000, 0.0000000000000000000, -4.336808689942016200E-015 ) ) ;
#1259 = DIRECTION ( 'NONE',  ( -9.020562075079395300E-015, 0.0000000000000000000, -1.000000000000000000 ) ) ;
#1260 = CARTESIAN_POINT ( 'NONE',  ( -0.3500000000000012500, 0.6000000000000000900, -1.400000000000000100 ) ) ;
#1261 = LINE ( 'NONE', #946, #991 ) ;
#1262 = VERTEX_POINT ( 'NONE', #1464 ) ;
#1263 = CARTESIAN_POINT ( 'NONE',  ( 0.2614885533512397200, 1.066366850184612600, -0.5153991719392226900 ) ) ;
#1264 = VECTOR ( 'NONE', #4814, 1000.000000000000000 ) ;
#1265 = EDGE_CURVE ( 'NONE', #5067, #4876, #3496, .T. ) ;
#1266 = ORIENTED_EDGE ( 'NONE', *, *, #254, .T. ) ;
#1267 = FACE_BOUND ( 'NONE', #2258, .T. ) ;
#1268 = ORIENTED_EDGE ( 'NONE', *, *, #161, .F. ) ;
#1269 = CARTESIAN_POINT ( 'NONE',  ( 0.0000000000000000000, 3.100000000000000100, 0.0000000000000000000 ) ) ;
#1270 = EDGE_CURVE ( 'NONE', #607, #3589, #1113, .T. ) ;
#1271 = CARTESIAN_POINT ( 'NONE',  ( 0.0000000000000000000, 0.6049999999999999800, 0.0000000000000000000 ) ) ;
#1272 = LINE ( 'NONE', #5361, #4387 ) ;
#1273 = DIRECTION ( 'NONE',  ( -1.548860246407861400E-016, 0.0000000000000000000, -1.000000000000000000 ) ) ;
#1274 = ORIENTED_EDGE ( 'NONE', *, *, #591, .F. ) ;
#1275 = FACE_OUTER_BOUND ( 'NONE', #4896, .T. ) ;
#1276 = ORIENTED_EDGE ( 'NONE', *, *, #4853, .T. ) ;
#1277 = CARTESIAN_POINT ( 'NONE',  ( -1.899999999999999200, -0.02500000000000000100, -0.2999999999999986000 ) ) ;
#1278 = ORIENTED_EDGE ( 'NONE', *, *, #1961, .T. ) ;
#1279 = CARTESIAN_POINT ( 'NONE',  ( 0.4000000000000045200, 0.6049999999999998700, -1.249999999999999800 ) ) ;
#1280 = VERTEX_POINT ( 'NONE', #5611 ) ;
#1281 = ORIENTED_EDGE ( 'NONE', *, *, #510, .F. ) ;
#1282 = DIRECTION ( 'NONE',  ( 1.000000000000000000, 0.0000000000000000000, -8.673617379884021300E-015 ) ) ;
#1283 = CARTESIAN_POINT ( 'NONE',  ( -0.2500000000000003900, 0.5000000000000000000, -1.125000000000000700 ) ) ;
#1284 = CARTESIAN_POINT ( 'NONE',  ( -1.040056992122280600, 0.6049999999999999800, -1.400000000000000100 ) ) ;
#1285 = CARTESIAN_POINT ( 'NONE',  ( -1.899999999999999200, -0.02500000000000000100, -0.0000000000000000000 ) ) ;
#1286 = VERTEX_POINT ( 'NONE', #1673 ) ;
#1287 = ADVANCED_FACE ( 'NONE', ( #2283 ), #5591, .T. ) ;
#1288 = PRODUCT_DEFINITION ( 'UNKNOWN', '', #4006, #3074 ) ;
#1289 = VECTOR ( 'NONE', #1634, 1000.000000000000000 ) ;
#1290 = AXIS2_PLACEMENT_3D ( 'NONE', #2961, #337, #3411 ) ;
#1291 = ORIENTED_EDGE ( 'NONE', *, *, #3163, .F. ) ;
#1292 = VECTOR ( 'NONE', #2246, 1000.000000000000000 ) ;
#1293 = DIRECTION ( 'NONE',  ( -1.029992063861229800E-014, 0.0000000000000000000, 1.000000000000000000 ) ) ;
#1294 = DIRECTION ( 'NONE',  ( -0.5269886049256344900, -0.07789608327828025100, 0.8462949902300241900 ) ) ;
#1295 = VECTOR ( 'NONE', #2452, 1000.000000000000000 ) ;
#1296 = CARTESIAN_POINT ( 'NONE',  ( -0.3500000000000146300, 0.6000000000000000900, 1.399999999999997500 ) ) ;
#1297 = VECTOR ( 'NONE', #1558, 1000.000000000000000 ) ;
#1298 = AXIS2_PLACEMENT_3D ( 'NONE', #2011, #261, #282 ) ;
#1299 = EDGE_CURVE ( 'NONE', #1410, #1386, #1595, .T. ) ;
#1300 = CARTESIAN_POINT ( 'NONE',  ( 0.3864233366454614700, 0.6049999999999998700, -0.4789598601450765800 ) ) ;
#1301 = EDGE_CURVE ( 'NONE', #5266, #2182, #2982, .T. ) ;
#1302 = EDGE_LOOP ( 'NONE', ( #4135, #4891, #928, #2543 ) ) ;
#1303 = ORIENTED_EDGE ( 'NONE', *, *, #5345, .F. ) ;
#1304 = CARTESIAN_POINT ( 'NONE',  ( -1.124999999999994200, 0.5250000000000000200, 0.2500000000000053300 ) ) ;
#1305 = CARTESIAN_POINT ( 'NONE',  ( -0.7400569921222807100, 0.6049999999999999800, -0.3500000000000000300 ) ) ;
#1306 = VERTEX_POINT ( 'NONE', #396 ) ;
#1307 = ORIENTED_EDGE ( 'NONE', *, *, #4675, .T. ) ;
#1308 = DATE_AND_TIME ( #4499, #3286 ) ;
#1309 = ADVANCED_FACE ( 'NONE', ( #5168 ), #4338, .F. ) ;
#1310 = CARTESIAN_POINT ( 'NONE',  ( -1.899999999999999200, 0.0000000000000000000, -0.0000000000000000000 ) ) ;
#1311 = CARTESIAN_POINT ( 'NONE',  ( 0.2499999999999954500, 0.5250000000000000200, -0.2500000000000082700 ) ) ;
#1313 = ORIENTED_EDGE ( 'NONE', *, *, #4076, .T. ) ;
#1312 = EDGE_LOOP ( 'NONE', ( #1535, #3905, #2608, #2564 ) ) ;
#1314 = DATE_AND_TIME ( #2346, #2946 ) ;
#1315 = VERTEX_POINT ( 'NONE', #3422 ) ;
#1316 = EDGE_LOOP ( 'NONE', ( #1039, #2627, #1945, #2567 ) ) ;
#1317 = ORIENTED_EDGE ( 'NONE', *, *, #2687, .F. ) ;
#1318 = DIRECTION ( 'NONE',  ( 0.0000000000000000000, 1.000000000000000000, 0.0000000000000000000 ) ) ;
#1319 = AXIS2_PLACEMENT_3D ( 'NONE', #4306, #3003, #3447 ) ;
#1320 = LINE ( 'NONE', #1430, #4841 ) ;
#1321 = FACE_OUTER_BOUND ( 'NONE', #3854, .T. ) ;
#1322 = VECTOR ( 'NONE', #5003, 1000.000000000000000 ) ;
#1323 = DIRECTION ( 'NONE',  ( -1.000000000000000000, 0.0000000000000000000, -7.228014483236698500E-016 ) ) ;
#1324 = DIRECTION ( 'NONE',  ( -7.228014483236687700E-016, 0.0000000000000000000, -1.000000000000000000 ) ) ;
#1325 = DIRECTION ( 'NONE',  ( 0.0000000000000000000, 0.0000000000000000000, -1.000000000000000000 ) ) ;
#1326 = LINE ( 'NONE', #3257, #701 ) ;
#1327 = EDGE_CURVE ( 'NONE', #672, #3395, #549, .T. ) ;
#1328 = LINE ( 'NONE', #2216, #5182 ) ;
#1329 = CARTESIAN_POINT ( 'NONE',  ( 1.400000000000000100, -0.02500000000000000100, -2.449999999999999700 ) ) ;
#1330 = PLANE ( 'NONE',  #3608 ) ;
#1331 = DIRECTION ( 'NONE',  ( 1.000000000000000000, -0.0000000000000000000, 3.355863867217037300E-015 ) ) ;
#1332 = VECTOR ( 'NONE', #4011, 1000.000000000000000 ) ;
#1333 = ORIENTED_EDGE ( 'NONE', *, *, #4389, .F. ) ;
#1334 = LINE ( 'NONE', #2384, #996 ) ;
#1335 = CARTESIAN_POINT ( 'NONE',  ( -2.099999999999999600, 0.4500000000000000100, 2.349999999999999600 ) ) ;
#1336 = ORIENTED_EDGE ( 'NONE', *, *, #408, .T. ) ;
#1337 = DIRECTION ( 'NONE',  ( 1.000000000000000000, 0.0000000000000000000, 1.046490792572978700E-014 ) ) ;
#1338 = VECTOR ( 'NONE', #2630, 1000.000000000000000 ) ;
#1339 = EDGE_LOOP ( 'NONE', ( #3953, #3399, #2832, #2945 ) ) ;
#1340 = ORIENTED_EDGE ( 'NONE', *, *, #435, .F. ) ;
#1341 = VERTEX_POINT ( 'NONE', #2114 ) ;
#1342 = EDGE_CURVE ( 'NONE', #470, #3914, #416, .T. ) ;
#1343 = EDGE_CURVE ( 'NONE', #2449, #1286, #1867, .T. ) ;
#1344 = CARTESIAN_POINT ( 'NONE',  ( 1.500000000000006400, 0.5250000000000000200, -0.2500000000000052200 ) ) ;
#1345 = ORIENTED_EDGE ( 'NONE', *, *, #4643, .F. ) ;
#1346 = CARTESIAN_POINT ( 'NONE',  ( 0.3870237522754217400, 0.6027504949440695100, -0.4787847389196696600 ) ) ;
#1347 = ORIENTED_EDGE ( 'NONE', *, *, #95, .F. ) ;
#1348 = ORIENTED_EDGE ( 'NONE', *, *, #3989, .T. ) ;
#1349 = CARTESIAN_POINT ( 'NONE',  ( 1.900000000000000800, 0.0000000000000000000, 0.3000000000000012100 ) ) ;
#1350 = CARTESIAN_POINT ( 'NONE',  ( 1.400000000000000100, -0.02500000000000000100, 0.0000000000000000000 ) ) ;
#1351 = ORIENTED_EDGE ( 'NONE', *, *, #3374, .T. ) ;
#1352 = CARTESIAN_POINT ( 'NONE',  ( 1.040056992122280400, 0.6049999999999999800, 6.873185830812742000E-015 ) ) ;
#1353 = CARTESIAN_POINT ( 'NONE',  ( -0.1500000000000002200, 0.5250000000000000200, -1.125000000000000700 ) ) ;
#1355 = CARTESIAN_POINT ( 'NONE',  ( 0.1500000000000060700, 0.5250000000000000200, 1.124999999999969800 ) ) ;
#1354 = CARTESIAN_POINT ( 'NONE',  ( 0.1500000000000060700, 0.5250000000000000200, 0.6249999999999698000 ) ) ;
#1356 = ORIENTED_EDGE ( 'NONE', *, *, #5458, .F. ) ;
#1357 = AXIS2_PLACEMENT_3D ( 'NONE', #3215, #1046, #2723 ) ;
#1358 = CARTESIAN_POINT ( 'NONE',  ( -0.3500000000000068600, 0.6049999999999999800, 0.6499999999999974700 ) ) ;
#1359 = CARTESIAN_POINT ( 'NONE',  ( 1.449999999999994400, 0.5250000000000000200, -0.3000000000000011500 ) ) ;
#1360 = VECTOR ( 'NONE', #962, 1000.000000000000000 ) ;
#1361 = LINE ( 'NONE', #3224, #1151 ) ;
#1362 = PLANE ( 'NONE',  #4114 ) ;
#1363 = DIRECTION ( 'NONE',  ( 0.0000000000000000000, 0.0000000000000000000, 1.000000000000000000 ) ) ;
#1364 = DIRECTION ( 'NONE',  ( 1.000000000000000000, 0.0000000000000000000, 1.084202172485505800E-016 ) ) ;
#1365 = LINE ( 'NONE', #199, #195 ) ;
#1366 = CARTESIAN_POINT ( 'NONE',  ( -0.1500000000000001100, 0.5249999999999999100, -1.050000000000000500 ) ) ;
#1367 = DIRECTION ( 'NONE',  ( -0.0000000000000000000, -1.000000000000000000, -0.0000000000000000000 ) ) ;
#1368 = DIRECTION ( 'NONE',  ( -1.032573497605242100E-016, 0.0000000000000000000, -1.000000000000000000 ) ) ;
#1369 = PLANE ( 'NONE',  #5509 ) ;
#1371 = DIRECTION ( 'NONE',  ( -0.0000000000000000000, -1.000000000000000000, -0.0000000000000000000 ) ) ;
#1370 = DIRECTION ( 'NONE',  ( 1.000000000000000000, -0.0000000000000000000, 3.071906155375597300E-015 ) ) ;
#1372 = EDGE_CURVE ( 'NONE', #2370, #1929, #827, .T. ) ;
#1373 = EDGE_LOOP ( 'NONE', ( #1900, #382, #2699, #785 ) ) ;
#1374 = CARTESIAN_POINT ( 'NONE',  ( -0.3000000000000062100, 0.5250000000000000200, -1.449999999999993300 ) ) ;
#1375 = CARTESIAN_POINT ( 'NONE',  ( -1.500000000000001300, 0.5000000000000000000, -1.500000000000000000 ) ) ;
#1376 = EDGE_CURVE ( 'NONE', #2471, #3365, #3293, .T. ) ;
#1377 = EDGE_CURVE ( 'NONE', #1174, #4794, #4026, .T. ) ;
#1378 = ADVANCED_BREP_SHAPE_REPRESENTATION ( 'VLMU5200-serie-140', ( #767, #4377 ), #2639 ) ;
#1380 = ORIENTED_EDGE ( 'NONE', *, *, #5482, .T. ) ;
#1379 = ORIENTED_EDGE ( 'NONE', *, *, #3520, .T. ) ;
#1381 = DIRECTION ( 'NONE',  ( -1.000000000000000000, 0.0000000000000000000, 9.020562075079395300E-015 ) ) ;
#1382 = CARTESIAN_POINT ( 'NONE',  ( -0.2000000000000002100, 0.5250000000000000200, -0.7000000000000006200 ) ) ;
#1383 = LINE ( 'NONE', #2169, #5362 ) ;
#1384 = DIRECTION ( 'NONE',  ( 7.744301232039306800E-016, 0.0000000000000000000, -1.000000000000000000 ) ) ;
#1385 = CARTESIAN_POINT ( 'NONE',  ( -0.1500000000000001100, 0.5249999999999999100, -1.100000000000000500 ) ) ;
#1386 = VERTEX_POINT ( 'NONE', #3876 ) ;
#1387 = PLANE ( 'NONE',  #2706 ) ;
#1388 = CARTESIAN_POINT ( 'NONE',  ( 1.400000000000000100, 0.0000000000000000000, 0.0000000000000000000 ) ) ;
#1389 = VECTOR ( 'NONE', #3730, 1000.000000000000000 ) ;
#1391 = DIRECTION ( 'NONE',  ( 1.000000000000000000, 0.0000000000000000000, 3.304235192336774700E-015 ) ) ;
#1390 = CARTESIAN_POINT ( 'NONE',  ( 0.3500000000000022500, 0.6049999999999999800, -0.6500000000000000200 ) ) ;
#1392 = LINE ( 'NONE', #3950, #4096 ) ;
#1393 = ORIENTED_EDGE ( 'NONE', *, *, #5107, .F. ) ;
#1394 = ORIENTED_EDGE ( 'NONE', *, *, #4249, .T. ) ;
#1395 = LINE ( 'NONE', #4460, #1536 ) ;
#1396 = CARTESIAN_POINT ( 'NONE',  ( 0.0000000000000000000, 0.6049999999999999800, 0.0000000000000000000 ) ) ;
#1397 = FACE_BOUND ( 'NONE', #2455, .T. ) ;
#1398 = FACE_OUTER_BOUND ( 'NONE', #367, .T. ) ;
#1399 = APPROVAL ( #116, 'UNSPECIFIED' ) ;
#1400 = VECTOR ( 'NONE', #2671, 1000.000000000000000 ) ;
#1401 = VERTEX_POINT ( 'NONE', #2170 ) ;
#1402 = CARTESIAN_POINT ( 'NONE',  ( 2.214870152363249000E-015, 0.6049999999999999800, -0.6500000000000011300 ) ) ;
#1403 = FACE_OUTER_BOUND ( 'NONE', #5186, .T. ) ;
#1404 = CARTESIAN_POINT ( 'NONE',  ( -0.3500000000000146300, 0.6049999999999999800, 1.399999999999997500 ) ) ;
#1405 = CARTESIAN_POINT ( 'NONE',  ( -0.2000000000000002100, 0.5250000000000000200, -1.050000000000000500 ) ) ;
#1406 = CARTESIAN_POINT ( 'NONE',  ( 1.400000000000000100, -0.02500000000000000100, 1.800000000000000700 ) ) ;
#1407 = EDGE_CURVE ( 'NONE', #1099, #2167, #4767, .T. ) ;
#1408 = ORIENTED_EDGE ( 'NONE', *, *, #3339, .T. ) ;
#1409 = LINE ( 'NONE', #5016, #916 ) ;
#1410 = VERTEX_POINT ( 'NONE', #3860 ) ;
#1411 = CARTESIAN_POINT ( 'NONE',  ( 1.400000000000000100, -0.02500000000000000100, 1.800000000000000700 ) ) ;
#1412 = ORIENTED_EDGE ( 'NONE', *, *, #2228, .F. ) ;
#1413 = CIRCLE ( 'NONE', #315, 2.399999999999999500 ) ;
#1414 = ORIENTED_EDGE ( 'NONE', *, *, #1809, .T. ) ;
#1415 = EDGE_CURVE ( 'NONE', #3393, #4188, #5572, .T. ) ;
#1416 = VERTEX_POINT ( 'NONE', #2130 ) ;
#1417 = ORIENTED_EDGE ( 'NONE', *, *, #1085, .F. ) ;
#1418 = CARTESIAN_POINT ( 'NONE',  ( 1.400000000000003700, 0.6000000000000000900, -1.099999999999996300 ) ) ;
#1419 = CARTESIAN_POINT ( 'NONE',  ( 1.124999999999984500, 0.5000000000000000000, -0.2500000000000082700 ) ) ;
#1420 = ORIENTED_EDGE ( 'NONE', *, *, #2726, .T. ) ;
#1421 = EDGE_CURVE ( 'NONE', #4288, #2058, #2747, .T. ) ;
#1422 = VERTEX_POINT ( 'NONE', #4105 ) ;
#1423 = APPLICATION_PROTOCOL_DEFINITION ( 'international standard', 'config_control_design', 1994, #2266 ) ;
#1424 = DIRECTION ( 'NONE',  ( 6.976605283819857400E-015, 0.0000000000000000000, -1.000000000000000000 ) ) ;
#1425 = ORIENTED_EDGE ( 'NONE', *, *, #2476, .T. ) ;
#1426 = DIRECTION ( 'NONE',  ( 2.891205793294680600E-015, 0.0000000000000000000, -1.000000000000000000 ) ) ;
#1427 = CARTESIAN_POINT ( 'NONE',  ( -0.2435534813419279700, 1.101859337205435100, -1.051880234608604900 ) ) ;
#1428 = PLANE ( 'NONE',  #2049 ) ;
#1429 = VECTOR ( 'NONE', #1242, 1000.000000000000000 ) ;
#1431 = CARTESIAN_POINT ( 'NONE',  ( 0.0000000000000000000, 0.0000000000000000000, -2.449999999999999700 ) ) ;
#1430 = CARTESIAN_POINT ( 'NONE',  ( 1.449999999999994400, 0.6000000000000000900, -0.3000000000000011500 ) ) ;
#1432 = VERTEX_POINT ( 'NONE', #1080 ) ;
#1433 = LINE ( 'NONE', #4776, #1842 ) ;
#1434 = VECTOR ( 'NONE', #5022, 1000.000000000000000 ) ;
#1435 = AXIS2_PLACEMENT_3D ( 'NONE', #4351, #1764, #849 ) ;
#1436 = DIRECTION ( 'NONE',  ( -1.000000000000000000, 0.0000000000000000000, -1.032573497605242300E-014 ) ) ;
#1437 = FACE_OUTER_BOUND ( 'NONE', #4562, .T. ) ;
#1438 = CARTESIAN_POINT ( 'NONE',  ( -0.6249999999999942300, 0.5250000000000000200, 0.2500000000000071100 ) ) ;
#1439 = CARTESIAN_POINT ( 'NONE',  ( 0.3763361242437103200, 0.6050000000000921300, -1.239261641598973700 ) ) ;
#1440 = CARTESIAN_POINT ( 'NONE',  ( 0.0000000000000000000, 0.0000000000000000000, 0.0000000000000000000 ) ) ;
#1441 = EDGE_CURVE ( 'NONE', #3918, #1306, #3431, .T. ) ;
#1442 = DIRECTION ( 'NONE',  ( 0.0000000000000000000, 1.000000000000000000, -0.0000000000000000000 ) ) ;
#1443 = CARTESIAN_POINT ( 'NONE',  ( 0.3942064023550359000, 0.6049999999999999800, -0.4756727113278703700 ) ) ;
#1444 = ORIENTED_EDGE ( 'NONE', *, *, #3828, .F. ) ;
#1445 = CARTESIAN_POINT ( 'NONE',  ( -0.3500000000000000300, 0.6049999999999999800, -3.668217350242624400E-015 ) ) ;
#1447 = CARTESIAN_POINT ( 'NONE',  ( 2.521738681383630500E-015, 0.6000000000000000900, -0.7400569921222807100 ) ) ;
#1446 = DIRECTION ( 'NONE',  ( -1.807003620809175400E-016, 0.0000000000000000000, -1.000000000000000000 ) ) ;
#1448 = ORIENTED_EDGE ( 'NONE', *, *, #3093, .T. ) ;
#1449 = EDGE_LOOP ( 'NONE', ( #1918, #3558, #1950, #3937 ) ) ;
#1450 = COORDINATED_UNIVERSAL_TIME_OFFSET ( 1, 0, .AHEAD. ) ;
#1451 = EDGE_CURVE ( 'NONE', #1990, #3266, #1460, .T. ) ;
#1452 = DIRECTION ( 'NONE',  ( 1.000000000000000000, 0.0000000000000000000, 7.885106708985482100E-016 ) ) ;
#1453 = CARTESIAN_POINT ( 'NONE',  ( -1.124999999999994200, 0.5250000000000000200, 0.2500000000000053300 ) ) ;
#1455 = ORIENTED_EDGE ( 'NONE', *, *, #1327, .F. ) ;
#1454 = VERTEX_POINT ( 'NONE', #1953 ) ;
#1456 = EDGE_CURVE ( 'NONE', #3395, #584, #5432, .T. ) ;
#1457 = EDGE_CURVE ( 'NONE', #2702, #3457, #1272, .T. ) ;
#1458 = PLANE ( 'NONE',  #5045 ) ;
#1459 = VECTOR ( 'NONE', #3036, 1000.000000000000000 ) ;
#1460 = LINE ( 'NONE', #2344, #3626 ) ;
#1461 = ORIENTED_EDGE ( 'NONE', *, *, #670, .T. ) ;
#1462 = ORIENTED_EDGE ( 'NONE', *, *, #268, .T. ) ;
#1463 = CARTESIAN_POINT ( 'NONE',  ( 0.0000000000000000000, 0.0000000000000000000, 0.0000000000000000000 ) ) ;
#1464 = CARTESIAN_POINT ( 'NONE',  ( -1.450000000000008600, 0.5250000000000000200, 1.449999999999980600 ) ) ;
#1465 = CARTESIAN_POINT ( 'NONE',  ( -0.2999999999999990500, 0.0000000000000000000, -2.099999999999999600 ) ) ;
#1466 = VECTOR ( 'NONE', #2179, 1000.000000000000000 ) ;
#1467 = DIRECTION ( 'NONE',  ( -0.0000000000000000000, -1.000000000000000000, -0.0000000000000000000 ) ) ;
#1468 = VECTOR ( 'NONE', #601, 1000.000000000000000 ) ;
#1469 = CARTESIAN_POINT ( 'NONE',  ( 0.3745372142705470400, 0.6050000000081301500, -0.5046120056056971900 ) ) ;
#1470 = VECTOR ( 'NONE', #1811, 1000.000000000000000 ) ;
#1471 = CYLINDRICAL_SURFACE ( 'NONE', #1298, 2.366031400530622000 ) ;
#1473 = DIRECTION ( 'NONE',  ( 1.000000000000000000, -0.0000000000000000000, 3.407492542097298400E-015 ) ) ;
#1472 = CARTESIAN_POINT ( 'NONE',  ( 0.1500000000000060700, 0.5000000000000000000, 0.6249999999999698000 ) ) ;
#1474 = AXIS2_PLACEMENT_3D ( 'NONE', #4075, #145, #3610 ) ;
#1475 = AXIS2_PLACEMENT_3D ( 'NONE', #2196, #4404, #966 ) ;
#1476 = VECTOR ( 'NONE', #385, 1000.000000000000000 ) ;
#1477 = FACE_OUTER_BOUND ( 'NONE', #3540, .T. ) ;
#1478 = CARTESIAN_POINT ( 'NONE',  ( -0.2499999999999997200, 0.5250000000000000200, -0.2500000000000000600 ) ) ;
#1479 = LINE ( 'NONE', #5139, #1884 ) ;
#1480 = ORIENTED_EDGE ( 'NONE', *, *, #1236, .F. ) ;
#1481 = LINE ( 'NONE', #5170, #4845 ) ;
#1482 = CARTESIAN_POINT ( 'NONE',  ( -1.400000000000001000, 0.6049999999999999800, -0.3499999999999999200 ) ) ;
#1483 = ORIENTED_EDGE ( 'NONE', *, *, #5301, .T. ) ;
#1484 = LINE ( 'NONE', #794, #3043 ) ;
#1485 = ORIENTED_EDGE ( 'NONE', *, *, #1343, .T. ) ;
#1486 = EDGE_LOOP ( 'NONE', ( #720, #959, #480, #1784 ) ) ;
#1487 = PLANE ( 'NONE',  #4615 ) ;
#1488 = DIRECTION ( 'NONE',  ( 0.0000000000000000000, 0.0000000000000000000, 1.000000000000000000 ) ) ;
#1489 = ORIENTED_EDGE ( 'NONE', *, *, #5278, .T. ) ;
#1490 = CARTESIAN_POINT ( 'NONE',  ( 0.3745125670986727000, 0.6049999999999999800, -0.4965596082348644500 ) ) ;
#1491 = EDGE_CURVE ( 'NONE', #1401, #998, #2365, .T. ) ;
#1492 = ORIENTED_EDGE ( 'NONE', *, *, #4913, .F. ) ;
#1493 = ADVANCED_FACE ( 'NONE', ( #3107 ), #1919, .F. ) ;
#1494 = ORIENTED_EDGE ( 'NONE', *, *, #1491, .T. ) ;
#1495 = DIRECTION ( 'NONE',  ( 2.891205793294678200E-015, 0.0000000000000000000, -1.000000000000000000 ) ) ;
#1496 = ORIENTED_EDGE ( 'NONE', *, *, #5101, .T. ) ;
#1497 = EDGE_LOOP ( 'NONE', ( #613, #952, #902 ) ) ;
#1498 = EDGE_CURVE ( 'NONE', #4058, #4656, #1334, .T. ) ;
#1499 = EDGE_CURVE ( 'NONE', #5360, #2480, #4587, .T. ) ;
#1500 = DIRECTION ( 'NONE',  ( -1.029992063861229800E-014, 0.0000000000000000000, 1.000000000000000000 ) ) ;
#1501 = CARTESIAN_POINT ( 'NONE',  ( -0.1933075571673791000, 1.006145758553888900, -0.6480480375071530100 ) ) ;
#1502 = CARTESIAN_POINT ( 'NONE',  ( -2.399999999999999500, 0.0000000000000000000, -0.2999999999999986600 ) ) ;
#1503 = VERTEX_POINT ( 'NONE', #2401 ) ;
#1504 = CARTESIAN_POINT ( 'NONE',  ( 0.0000000000000000000, 0.6049999999999999800, 0.0000000000000000000 ) ) ;
#1505 = VECTOR ( 'NONE', #3617, 1000.000000000000000 ) ;
#1506 = DIRECTION ( 'NONE',  ( 1.000000000000000000, -0.0000000000000000000, 0.0000000000000000000 ) ) ;
#1507 = VECTOR ( 'NONE', #5154, 1000.000000000000000 ) ;
#1508 = DIRECTION ( 'NONE',  ( -1.000000000000000000, 0.0000000000000000000, -3.614007241618359400E-015 ) ) ;
#1509 = AXIS2_PLACEMENT_3D ( 'NONE', #2610, #1765, #73 ) ;
#1510 = CARTESIAN_POINT ( 'NONE',  ( 1.400000000000000400, 0.6049999999999999800, 4.047688110612550900E-015 ) ) ;
#1511 = VECTOR ( 'NONE', #993, 1000.000000000000000 ) ;
#1512 = EDGE_LOOP ( 'NONE', ( #166, #2334, #2511, #5400, #5483 ) ) ;
#1513 = AXIS2_PLACEMENT_3D ( 'NONE', #2516, #1653, #5538 ) ;
#1514 = DIRECTION ( 'NONE',  ( 2.717733445697237200E-014, 0.0000000000000000000, 1.000000000000000000 ) ) ;
#1515 = CARTESIAN_POINT ( 'NONE',  ( 0.3499999999999916000, 0.6000000000000000900, 1.400000000000002800 ) ) ;
#1516 = ADVANCED_FACE ( 'NONE', ( #300 ), #3663, .T. ) ;
#1517 = CARTESIAN_POINT ( 'NONE',  ( -0.008349065841095756500, 0.5000000000000000000, 0.0000000000000000000 ) ) ;
#1518 = EDGE_LOOP ( 'NONE', ( #2440, #1948, #4161, #4219 ) ) ;
#1519 = EDGE_CURVE ( 'NONE', #1068, #5054, #4252, .T. ) ;
#1520 = CARTESIAN_POINT ( 'NONE',  ( -0.2500000000000003900, 0.5250000000000000200, -1.125000000000000700 ) ) ;
#1521 = CARTESIAN_POINT ( 'NONE',  ( -1.500000000000001300, 0.5250000000000000200, -0.2499999999999998300 ) ) ;
#1523 = ORIENTED_EDGE ( 'NONE', *, *, #4344, .T. ) ;
#1522 = ORIENTED_EDGE ( 'NONE', *, *, #1825, .T. ) ;
#1524 = CARTESIAN_POINT ( 'NONE',  ( 0.3827680711982248700, 0.6050000000001224400, -0.5189472803901175000 ) ) ;
#1525 = VECTOR ( 'NONE', #5198, 1000.000000000000000 ) ;
#1526 = EDGE_CURVE ( 'NONE', #197, #110, #3177, .T. ) ;
#1527 = ORIENTED_EDGE ( 'NONE', *, *, #1532, .T. ) ;
#1528 = FACE_OUTER_BOUND ( 'NONE', #1207, .T. ) ;
#1529 = EDGE_CURVE ( 'NONE', #3150, #5624, #3808, .T. ) ;
#1530 = DIRECTION ( 'NONE',  ( -3.632077277826439900E-015, 0.0000000000000000000, 1.000000000000000000 ) ) ;
#1531 = CARTESIAN_POINT ( 'NONE',  ( 1.400000000000005000, 0.6000000000000000900, -1.399999999999996400 ) ) ;
#1532 = EDGE_CURVE ( 'NONE', #2720, #2898, #3507, .T. ) ;
#1533 = VECTOR ( 'NONE', #5233, 1000.000000000000000 ) ;
#1534 = ORIENTED_EDGE ( 'NONE', *, *, #4696, .T. ) ;
#1535 = ORIENTED_EDGE ( 'NONE', *, *, #5236, .T. ) ;
#1536 = VECTOR ( 'NONE', #2272, 1000.000000000000000 ) ;
#1537 = VECTOR ( 'NONE', #4558, 1000.000000000000000 ) ;
#1538 = LINE ( 'NONE', #1173, #3503 ) ;
#1539 = DIRECTION ( 'NONE',  ( -0.0000000000000000000, -1.000000000000000000, -0.0000000000000000000 ) ) ;
#1540 = CARTESIAN_POINT ( 'NONE',  ( -2.399999999999999500, 0.0000000000000000000, 4.841088770167829500E-016 ) ) ;
#1541 = DIRECTION ( 'NONE',  ( 0.0000000000000000000, 0.0000000000000000000, 1.000000000000000000 ) ) ;
#1542 = LINE ( 'NONE', #4731, #493 ) ;
#1543 = ORIENTED_EDGE ( 'NONE', *, *, #5143, .F. ) ;
#1544 = ADVANCED_FACE ( 'NONE', ( #1061 ), #192, .T. ) ;
#1545 = LINE ( 'NONE', #2241, #2427 ) ;
#1546 = PLANE ( 'NONE',  #1908 ) ;
#1547 = AXIS2_PLACEMENT_3D ( 'NONE', #2577, #5561, #350 ) ;
#1548 = VERTEX_POINT ( 'NONE', #2515 ) ;
#1549 = LINE ( 'NONE', #2570, #1129 ) ;
#1550 = ORIENTED_EDGE ( 'NONE', *, *, #553, .T. ) ;
#1551 = ORIENTED_EDGE ( 'NONE', *, *, #2302, .T. ) ;
#1552 = CARTESIAN_POINT ( 'NONE',  ( 0.0000000000000000000, 0.6049999999999999800, -0.3500000000000000300 ) ) ;
#1553 = ORIENTED_EDGE ( 'NONE', *, *, #4733, .T. ) ;
#1554 = VERTEX_POINT ( 'NONE', #3820 ) ;
#1555 = VERTEX_POINT ( 'NONE', #740 ) ;
#1556 = VERTEX_POINT ( 'NONE', #357 ) ;
#1557 = CARTESIAN_POINT ( 'NONE',  ( -0.008349065841095756500, 0.7000145223148579500, 0.0000000000000000000 ) ) ;
#1558 = DIRECTION ( 'NONE',  ( -0.0000000000000000000, -1.000000000000000000, -0.0000000000000000000 ) ) ;
#1559 = CARTESIAN_POINT ( 'NONE',  ( 0.3000000000000042100, 0.6000000000000000900, 0.3000000000000103100 ) ) ;
#1560 = CARTESIAN_POINT ( 'NONE',  ( -2.399999999999999000, 0.0000000000000000000, 2.450000000000000600 ) ) ;
#1561 = EDGE_LOOP ( 'NONE', ( #2672, #1274, #1651, #4434 ) ) ;
#1562 = EDGE_LOOP ( 'NONE', ( #4834, #652, #3882, #2248 ) ) ;
#1563 = CARTESIAN_POINT ( 'NONE',  ( 0.0000000000000000000, 0.0000000000000000000, -1.799999999999999400 ) ) ;
#1564 = EDGE_LOOP ( 'NONE', ( #5531, #1587, #4529, #3552 ) ) ;
#1565 = EDGE_CURVE ( 'NONE', #3414, #126, #3451, .T. ) ;
#1566 = EDGE_CURVE ( 'NONE', #1280, #2182, #2159, .T. ) ;
#1567 = LINE ( 'NONE', #2579, #4004 ) ;
#1568 = VERTEX_POINT ( 'NONE', #3384 ) ;
#1569 = LINE ( 'NONE', #2971, #3729 ) ;
#1570 = CARTESIAN_POINT ( 'NONE',  ( -0.3000000000000062100, 0.6000000000000000900, -0.3000000000000080900 ) ) ;
#1571 = ADVANCED_FACE ( 'NONE', ( #1196 ), #1213, .F. ) ;
#1572 = LINE ( 'NONE', #1404, #3732 ) ;
#1573 = LINE ( 'NONE', #4235, #4209 ) ;
#1574 = CARTESIAN_POINT ( 'NONE',  ( -1.264902534566423900E-016, 0.6000000000000000900, -0.3500000000000004200 ) ) ;
#1575 = DIRECTION ( 'NONE',  ( 0.0000000000000000000, 0.0000000000000000000, 1.000000000000000000 ) ) ;
#1576 = DIRECTION ( 'NONE',  ( -0.5269886049256344900, -0.07789608327828025100, 0.8462949902300241900 ) ) ;
#1577 = AXIS2_PLACEMENT_3D ( 'NONE', #3771, #2102, #2865 ) ;
#1578 = CARTESIAN_POINT ( 'NONE',  ( -0.3500000000000001400, 0.6049999999999999800, -3.604972223514306200E-015 ) ) ;
#1579 = VERTEX_POINT ( 'NONE', #334 ) ;
#1580 = AXIS2_PLACEMENT_3D ( 'NONE', #1440, #2340, #4839 ) ;
#1581 = PLANE ( 'NONE',  #4291 ) ;
#1582 = CARTESIAN_POINT ( 'NONE',  ( -1.450000000000008600, 0.6000000000000000900, 1.449999999999980600 ) ) ;
#1583 = ORIENTED_EDGE ( 'NONE', *, *, #3347, .F. ) ;
#1584 = ORIENTED_EDGE ( 'NONE', *, *, #2573, .T. ) ;
#1585 = PERSON_AND_ORGANIZATION ( #5627, #2878 ) ;
#1587 = ORIENTED_EDGE ( 'NONE', *, *, #5536, .F. ) ;
#1586 = EDGE_LOOP ( 'NONE', ( #511, #5519, #2826, #969 ) ) ;
#1588 = EDGE_CURVE ( 'NONE', #1250, #4227, #3646, .T. ) ;
#1589 = CARTESIAN_POINT ( 'NONE',  ( -0.2000000000000002100, 0.5250000000000000200, -1.050000000000000500 ) ) ;
#1590 = CARTESIAN_POINT ( 'NONE',  ( -0.2499999999999997200, 0.5000000000000000000, -0.2500000000000000600 ) ) ;
#1591 = CARTESIAN_POINT ( 'NONE',  ( -1.400000000000000400, 0.6000000000000000900, -1.416690838714392700E-014 ) ) ;
#1592 = FACE_OUTER_BOUND ( 'NONE', #3059, .T. ) ;
#1593 = CARTESIAN_POINT ( 'NONE',  ( 1.900000000000000800, -0.02500000000000000100, 0.3000000000000012100 ) ) ;
#1594 = DIRECTION ( 'NONE',  ( 0.0000000000000000000, 0.0000000000000000000, -1.000000000000000000 ) ) ;
#1595 = LINE ( 'NONE', #412, #3751 ) ;
#1596 = ORIENTED_EDGE ( 'NONE', *, *, #1441, .T. ) ;
#1597 = ORIENTED_EDGE ( 'NONE', *, *, #451, .F. ) ;
#1598 = EDGE_CURVE ( 'NONE', #1262, #545, #1886, .T. ) ;
#1599 = ADVANCED_FACE ( 'NONE', ( #5319 ), #2734, .T. ) ;
#1600 = CARTESIAN_POINT ( 'NONE',  ( -2.403314815676204400E-015, 0.6049999999999999800, 0.3500000000000002000 ) ) ;
#1601 = EDGE_CURVE ( 'NONE', #2702, #2709, #104, .T. ) ;
#1602 = LINE ( 'NONE', #1390, #2613 ) ;
#1603 = VECTOR ( 'NONE', #3416, 1000.000000000000000 ) ;
#1604 = VECTOR ( 'NONE', #3932, 1000.000000000000000 ) ;
#1605 = LINE ( 'NONE', #4573, #1874 ) ;
#1606 = PLANE ( 'NONE',  #4685 ) ;
#1607 = FACE_BOUND ( 'NONE', #5197, .T. ) ;
#1608 = VECTOR ( 'NONE', #5260, 1000.000000000000000 ) ;
#1609 = CARTESIAN_POINT ( 'NONE',  ( 0.2499999999999932800, 0.5000000000000000000, -1.499999999999994900 ) ) ;
#1610 = AXIS2_PLACEMENT_3D ( 'NONE', #4673, #1684, #5604 ) ;
#1611 = PLANE ( 'NONE',  #2530 ) ;
#1612 = DIRECTION ( 'NONE',  ( 4.336808689942016900E-015, 0.0000000000000000000, -1.000000000000000000 ) ) ;
#1613 = FACE_OUTER_BOUND ( 'NONE', #1715, .T. ) ;
#1614 = VERTEX_POINT ( 'NONE', #3605 ) ;
#1615 = DIRECTION ( 'NONE',  ( -1.000000000000000000, 0.0000000000000000000, 8.673617379884021300E-015 ) ) ;
#1616 = VECTOR ( 'NONE', #2107, 1000.000000000000000 ) ;
#1617 = DIRECTION ( 'NONE',  ( 1.032573497605242100E-016, 0.0000000000000000000, 1.000000000000000000 ) ) ;
#1618 = VERTEX_POINT ( 'NONE', #3173 ) ;
#1619 = CARTESIAN_POINT ( 'NONE',  ( 0.0000000000000000000, 0.6049999999999999800, 0.0000000000000000000 ) ) ;
#1620 = VECTOR ( 'NONE', #3128, 1000.000000000000000 ) ;
#1621 = ORIENTED_EDGE ( 'NONE', *, *, #2214, .F. ) ;
#1622 = CARTESIAN_POINT ( 'NONE',  ( -1.399999999999999700, 0.0000000000000000000, 1.800000000000000700 ) ) ;
#1623 = EDGE_LOOP ( 'NONE', ( #5276, #3747, #5589, #1139 ) ) ;
#1624 = EDGE_LOOP ( 'NONE', ( #2176, #381, #1680, #3702 ) ) ;
#1625 = VERTEX_POINT ( 'NONE', #1006 ) ;
#1626 = ORIENTED_EDGE ( 'NONE', *, *, #2983, .T. ) ;
#1627 = ORIENTED_EDGE ( 'NONE', *, *, #925, .F. ) ;
#1628 = CARTESIAN_POINT ( 'NONE',  ( 1.124999999999984500, 0.5250000000000000200, -0.2500000000000082700 ) ) ;
#1629 = EDGE_LOOP ( 'NONE', ( #213, #2069, #4593, #3711 ) ) ;
#1630 = EDGE_CURVE ( 'NONE', #3787, #2473, #3312, .T. ) ;
#1631 = DIRECTION ( 'NONE',  ( 1.000000000000000000, 0.0000000000000000000, 0.0000000000000000000 ) ) ;
#1632 = DIRECTION ( 'NONE',  ( 7.165162183382554600E-015, 0.0000000000000000000, -1.000000000000000000 ) ) ;
#1633 = PLANE ( 'NONE',  #2493 ) ;
#1634 = DIRECTION ( 'NONE',  ( -0.0000000000000000000, -1.000000000000000000, -0.0000000000000000000 ) ) ;
#1635 = DIRECTION ( 'NONE',  ( 0.0000000000000000000, 0.0000000000000000000, -1.000000000000000000 ) ) ;
#1636 = ORIENTED_EDGE ( 'NONE', *, *, #1230, .F. ) ;
#1637 = DIRECTION ( 'NONE',  ( 3.488302641909915700E-015, 0.0000000000000000000, -1.000000000000000000 ) ) ;
#1638 = CARTESIAN_POINT ( 'NONE',  ( 0.3771257871588721300, 0.6049999999999997600, -0.4888678624615760400 ) ) ;
#1639 = VECTOR ( 'NONE', #4960, 1000.000000000000000 ) ;
#1640 = EDGE_CURVE ( 'NONE', #5614, #37, #3381, .T. ) ;
#1641 = VECTOR ( 'NONE', #880, 1000.000000000000000 ) ;
#1642 = CARTESIAN_POINT ( 'NONE',  ( 0.3500000000000038600, 0.6049999999999999800, -1.099999999999999900 ) ) ;
#1643 = EDGE_CURVE ( 'NONE', #453, #4625, #3770, .T. ) ;
#1644 = CARTESIAN_POINT ( 'NONE',  ( 1.174552353525966800E-015, 0.6049999999999999800, -0.3500000000000010900 ) ) ;
#1645 = FACE_OUTER_BOUND ( 'NONE', #5132, .T. ) ;
#1646 = ORIENTED_EDGE ( 'NONE', *, *, #1565, .T. ) ;
#1647 = ORIENTED_EDGE ( 'NONE', *, *, #2151, .F. ) ;
#1648 = PLANE ( 'NONE',  #3498 ) ;
#1649 = DIRECTION ( 'NONE',  ( 1.000000000000000000, 0.0000000000000000000, -2.065146995210485200E-016 ) ) ;
#1650 = CARTESIAN_POINT ( 'NONE',  ( 0.2499999999999958900, 0.5250000000000000200, 0.2500000000000028300 ) ) ;
#1651 = ORIENTED_EDGE ( 'NONE', *, *, #4887, .T. ) ;
#1652 = ADVANCED_FACE ( 'NONE', ( #707 ), #1387, .F. ) ;
#1653 = DIRECTION ( 'NONE',  ( 1.000000000000000000, 0.0000000000000000000, 0.0000000000000000000 ) ) ;
#1654 = DIRECTION ( 'NONE',  ( -5.782411586588803500E-016, 0.0000000000000000000, 1.000000000000000000 ) ) ;
#1655 = VERTEX_POINT ( 'NONE', #4478 ) ;
#1656 = LINE ( 'NONE', #5227, #4964 ) ;
#1657 = ADVANCED_FACE ( 'NONE', ( #2301 ), #1848, .T. ) ;
#1658 = DIRECTION ( 'NONE',  ( -0.0000000000000000000, -1.000000000000000000, -0.0000000000000000000 ) ) ;
#1659 = ORIENTED_EDGE ( 'NONE', *, *, #5565, .F. ) ;
#1660 = VECTOR ( 'NONE', #3693, 1000.000000000000000 ) ;
#1661 = PLANE ( 'NONE',  #3786 ) ;
#1662 = FACE_OUTER_BOUND ( 'NONE', #5523, .T. ) ;
#1663 = PLANE ( 'NONE',  #5368 ) ;
#1664 = ORIENTED_EDGE ( 'NONE', *, *, #268, .F. ) ;
#1665 = DIRECTION ( 'NONE',  ( -1.000000000000000000, 0.0000000000000000000, -0.0000000000000000000 ) ) ;
#1666 = VECTOR ( 'NONE', #4055, 1000.000000000000000 ) ;
#1667 = EDGE_CURVE ( 'NONE', #3427, #1890, #5592, .T. ) ;
#1668 = FACE_OUTER_BOUND ( 'NONE', #647, .T. ) ;
#1669 = EDGE_CURVE ( 'NONE', #9, #1829, #4042, .T. ) ;
#1670 = VECTOR ( 'NONE', #1198, 1000.000000000000000 ) ;
#1671 = CARTESIAN_POINT ( 'NONE',  ( 0.3864233366454614700, 0.6049999999999998700, -0.4789598601450765800 ) ) ;
#1672 = EDGE_CURVE ( 'NONE', #5051, #115, #5451, .T. ) ;
#1673 = CARTESIAN_POINT ( 'NONE',  ( 0.2500000000000060500, 0.5000000000000000000, 0.6249999999999698000 ) ) ;
#1674 = LINE ( 'NONE', #4766, #4250 ) ;
#1675 = ORIENTED_EDGE ( 'NONE', *, *, #1643, .T. ) ;
#1676 = LINE ( 'NONE', #3978, #2560 ) ;
#1677 = ORIENTED_EDGE ( 'NONE', *, *, #4355, .T. ) ;
#1678 = FACE_OUTER_BOUND ( 'NONE', #751, .T. ) ;
#1679 = ORIENTED_EDGE ( 'NONE', *, *, #5539, .F. ) ;
#1680 = ORIENTED_EDGE ( 'NONE', *, *, #4384, .F. ) ;
#1681 = AXIS2_PLACEMENT_3D ( 'NONE', #930, #441, #4403 ) ;
#1682 = DIRECTION ( 'NONE',  ( 1.032573497605242600E-014, 0.0000000000000000000, -1.000000000000000000 ) ) ;
#1683 = CARTESIAN_POINT ( 'NONE',  ( -0.1500000000000002200, 0.5250000000000000200, -0.6250000000000005600 ) ) ;
#1684 = DIRECTION ( 'NONE',  ( 0.0000000000000000000, 1.000000000000000000, -0.0000000000000000000 ) ) ;
#1685 = VERTEX_POINT ( 'NONE', #5306 ) ;
#1686 = DIRECTION ( 'NONE',  ( -0.0000000000000000000, -1.000000000000000000, -0.0000000000000000000 ) ) ;
#1687 = EDGE_LOOP ( 'NONE', ( #5558, #1759, #352, #2766, #3423, #5191, #5058, #4569 ) ) ;
#1688 = ORIENTED_EDGE ( 'NONE', *, *, #2110, .T. ) ;
#1689 = ADVANCED_FACE ( 'NONE', ( #4522 ), #5271, .F. ) ;
#1690 = EDGE_LOOP ( 'NONE', ( #3242, #2123, #2850, #3678 ) ) ;
#1691 = PLANE ( 'NONE',  #1720 ) ;
#1692 = CARTESIAN_POINT ( 'NONE',  ( -1.400000000000007000, 0.6049999999999999800, 0.6499999999999865900 ) ) ;
#1693 = CC_DESIGN_APPROVAL ( #581, ( #1100 ) ) ;
#1694 = ORIENTED_EDGE ( 'NONE', *, *, #2185, .T. ) ;
#1695 = AXIS2_PLACEMENT_3D ( 'NONE', #1971, #4083, #1038 ) ;
#1696 = CARTESIAN_POINT ( 'NONE',  ( 0.4131747151231465700, 0.6069474020819573000, -1.228842625244249700 ) ) ;
#1697 = ORIENTED_EDGE ( 'NONE', *, *, #3049, .T. ) ;
#1698 = AXIS2_PLACEMENT_3D ( 'NONE', #1557, #2482, #638 ) ;
#1699 = FACE_OUTER_BOUND ( 'NONE', #3853, .T. ) ;
#1700 = ORIENTED_EDGE ( 'NONE', *, *, #2326, .F. ) ;
#1701 = FACE_OUTER_BOUND ( 'NONE', #3513, .T. ) ;
#1702 = CARTESIAN_POINT ( 'NONE',  ( 0.3500000000000047500, 0.6000000000000000900, -1.399999999999999700 ) ) ;
#1703 = DIRECTION ( 'NONE',  ( -1.000000000000000000, 0.0000000000000000000, -0.0000000000000000000 ) ) ;
#1704 = EDGE_CURVE ( 'NONE', #4605, #3388, #4321, .T. ) ;
#1705 = VECTOR ( 'NONE', #240, 1000.000000000000000 ) ;
#1706 = FACE_OUTER_BOUND ( 'NONE', #533, .T. ) ;
#1707 = DIRECTION ( 'NONE',  ( 0.003478777433787417600, 0.9999939490354760000, -0.0000000000000000000 ) ) ;
#1708 = EDGE_CURVE ( 'NONE', #2339, #5397, #2900, .T. ) ;
#1709 = DIRECTION ( 'NONE',  ( 0.0000000000000000000, 0.0000000000000000000, -1.000000000000000000 ) ) ;
#1710 = ADVANCED_FACE ( 'NONE', ( #5052 ), #2754, .T. ) ;
#1711 = CARTESIAN_POINT ( 'NONE',  ( -0.3000000000000062100, 0.5250000000000000200, -0.3000000000000080900 ) ) ;
#1712 = DIRECTION ( 'NONE',  ( 1.000000000000000000, 0.0000000000000000000, -1.807003620809175400E-016 ) ) ;
#1713 = ORIENTED_EDGE ( 'NONE', *, *, #886, .T. ) ;
#1714 = AXIS2_PLACEMENT_3D ( 'NONE', #2973, #4724, #1703 ) ;
#1715 = EDGE_LOOP ( 'NONE', ( #1170, #4868, #4497, #4 ) ) ;
#1716 = ORIENTED_EDGE ( 'NONE', *, *, #62, .F. ) ;
#1717 = DIRECTION ( 'NONE',  ( -1.000000000000000000, 0.0000000000000000000, -6.505213034913029000E-015 ) ) ;
#1718 = CARTESIAN_POINT ( 'NONE',  ( -1.399999999999996800, -0.02500000000000000100, 1.734723475976803000E-015 ) ) ;
#1719 = CARTESIAN_POINT ( 'NONE',  ( -0.2999999999999991000, 0.0000000000000000000, 2.450000000000001500 ) ) ;
#1720 = AXIS2_PLACEMENT_3D ( 'NONE', #5105, #2095, #3420 ) ;
#1721 = AXIS2_PLACEMENT_3D ( 'NONE', #878, #2191, #1246 ) ;
#1723 = ORIENTED_EDGE ( 'NONE', *, *, #4203, .T. ) ;
#1722 = EDGE_LOOP ( 'NONE', ( #3752, #5130, #576, #117 ) ) ;
#1724 = DIRECTION ( 'NONE',  ( 3.252606517456516500E-015, 0.0000000000000000000, -1.000000000000000000 ) ) ;
#1725 = VECTOR ( 'NONE', #2207, 1000.000000000000000 ) ;
#1726 = VECTOR ( 'NONE', #5568, 1000.000000000000000 ) ;
#1727 = EDGE_LOOP ( 'NONE', ( #5008, #2317, #2163, #885 ) ) ;
#1728 = EDGE_LOOP ( 'NONE', ( #4902, #2066, #4189, #4507 ) ) ;
#1729 = EDGE_CURVE ( 'NONE', #266, #4186, #3038, .T. ) ;
#1730 = CARTESIAN_POINT ( 'NONE',  ( -2.399999999999999500, 0.5000000000000000000, -2.928057821759225200E-016 ) ) ;
#1731 = VECTOR ( 'NONE', #547, 1000.000000000000000 ) ;
#1732 = LINE ( 'NONE', #2876, #5305 ) ;
#1733 = VECTOR ( 'NONE', #3002, 1000.000000000000000 ) ;
#1734 = VECTOR ( 'NONE', #1617, 1000.000000000000000 ) ;
#1735 = CARTESIAN_POINT ( 'NONE',  ( -0.3500000000000004800, 0.6000000000000000900, -3.541727096785988000E-015 ) ) ;
#1736 = CARTESIAN_POINT ( 'NONE',  ( 0.0000000000000000000, -0.02500000000000000100, -1.799999999999999400 ) ) ;
#1737 = CARTESIAN_POINT ( 'NONE',  ( -0.008349065841095756500, 0.7000145223148579500, 0.0000000000000000000 ) ) ;
#1738 = FACE_OUTER_BOUND ( 'NONE', #4054, .T. ) ;
#1739 = DIRECTION ( 'NONE',  ( 1.000000000000000000, 0.0000000000000000000, -8.340016711426957800E-017 ) ) ;
#1740 = VECTOR ( 'NONE', #931, 1000.000000000000000 ) ;
#1741 = ADVANCED_FACE ( 'NONE', ( #230 ), #2141, .F. ) ;
#1742 = EDGE_CURVE ( 'NONE', #672, #715, #2768, .T. ) ;
#1743 = LINE ( 'NONE', #4215, #1949 ) ;
#1744 = ORIENTED_EDGE ( 'NONE', *, *, #2517, .T. ) ;
#1745 = EDGE_CURVE ( 'NONE', #2731, #4022, #1972, .T. ) ;
#1746 = CARTESIAN_POINT ( 'NONE',  ( 4.625929269271487700E-015, 0.6049999999999999800, -1.400000000000000800 ) ) ;
#1747 = VECTOR ( 'NONE', #2673, 1000.000000000000000 ) ;
#1748 = PLANE ( 'NONE',  #3960 ) ;
#1749 = DIRECTION ( 'NONE',  ( 1.000000000000000000, 0.0000000000000000000, 3.488302641909928700E-015 ) ) ;
#1750 = ORIENTED_EDGE ( 'NONE', *, *, #2104, .T. ) ;
#1751 = LINE ( 'NONE', #535, #2164 ) ;
#1752 = ORIENTED_EDGE ( 'NONE', *, *, #1342, .T. ) ;
#1753 = ORIENTED_EDGE ( 'NONE', *, *, #414, .F. ) ;
#1754 = CARTESIAN_POINT ( 'NONE',  ( 0.3863054514437192500, 0.6050000000000017600, -1.271005756670996500 ) ) ;
#1755 = CARTESIAN_POINT ( 'NONE',  ( 0.2500000000000060500, 0.5250000000000000200, 1.124999999999969800 ) ) ;
#1756 = ORIENTED_EDGE ( 'NONE', *, *, #859, .F. ) ;
#1757 = CARTESIAN_POINT ( 'NONE',  ( -1.449999999999996400, 0.6000000000000000900, 0.2999999999999910500 ) ) ;
#1758 = EDGE_LOOP ( 'NONE', ( #3397, #5364, #442, #5497 ) ) ;
#1759 = ORIENTED_EDGE ( 'NONE', *, *, #777, .T. ) ;
#1760 = ORIENTED_EDGE ( 'NONE', *, *, #3276, .F. ) ;
#1761 = AXIS2_PLACEMENT_3D ( 'NONE', #3078, #4823, #863 ) ;
#1762 = EDGE_LOOP ( 'NONE', ( #2571, #1907, #1597, #3012 ) ) ;
#1763 = CARTESIAN_POINT ( 'NONE',  ( 1.500000000000005300, 0.5000000000000000000, 1.499999999999996900 ) ) ;
#1764 = DIRECTION ( 'NONE',  ( 0.0000000000000000000, -1.000000000000000000, 0.0000000000000000000 ) ) ;
#1765 = DIRECTION ( 'NONE',  ( 1.000000000000000000, 0.0000000000000000000, -1.548860246407861600E-016 ) ) ;
#1766 = CARTESIAN_POINT ( 'NONE',  ( -2.600000000000000100, 0.5000000000000000000, -2.600000000000000100 ) ) ;
#1767 = CARTESIAN_POINT ( 'NONE',  ( -1.011922027653137400E-014, 0.6000000000000000900, 1.400000000000000100 ) ) ;
#1768 = CARTESIAN_POINT ( 'NONE',  ( 0.4133731825217035700, 0.6066452991079837000, -0.5210994884311707100 ) ) ;
#1769 = CC_DESIGN_APPROVAL ( #2280, ( #4078 ) ) ;
#1770 = EDGE_LOOP ( 'NONE', ( #285, #5256, #2977, #789 ) ) ;
#1771 = DIRECTION ( 'NONE',  ( 0.0000000000000000000, 1.000000000000000000, 0.0000000000000000000 ) ) ;
#1772 = DIRECTION ( 'NONE',  ( 1.000000000000000000, -0.0000000000000000000, 0.0000000000000000000 ) ) ;
#1773 = DIRECTION ( 'NONE',  ( -1.000000000000000000, 0.0000000000000000000, -3.942553354492742500E-016 ) ) ;
#1774 = VECTOR ( 'NONE', #1904, 1000.000000000000000 ) ;
#1775 = LINE ( 'NONE', #3907, #1507 ) ;
#1776 = EDGE_CURVE ( 'NONE', #1233, #1618, #3906, .T. ) ;
#1777 = LINE ( 'NONE', #599, #5151 ) ;
#1778 = CARTESIAN_POINT ( 'NONE',  ( -1.500000000000001300, 0.5250000000000000200, -0.2499999999999998300 ) ) ;
#1779 = DIRECTION ( 'NONE',  ( 0.0000000000000000000, 0.0000000000000000000, 1.000000000000000000 ) ) ;
#1780 = DIRECTION ( 'NONE',  ( -0.0000000000000000000, -1.000000000000000000, -0.0000000000000000000 ) ) ;
#1781 = EDGE_CURVE ( 'NONE', #4545, #4854, #2435, .T. ) ;
#1782 = CARTESIAN_POINT ( 'NONE',  ( -1.400000000000008100, 0.6049999999999999800, 0.7400569921222661700 ) ) ;
#1783 = EDGE_CURVE ( 'NONE', #190, #4396, #5382, .T. ) ;
#1784 = ORIENTED_EDGE ( 'NONE', *, *, #3807, .T. ) ;
#1785 = CARTESIAN_POINT ( 'NONE',  ( 0.0000000000000000000, 0.6000000000000000900, -0.3500000000000000300 ) ) ;
#1786 = CARTESIAN_POINT ( 'NONE',  ( -0.1933075571673791000, 1.006145758553888900, -0.6480480375071530100 ) ) ;
#1787 = CARTESIAN_POINT ( 'NONE',  ( 0.3000000000000004900, 0.0000000000000000000, 4.646580739223591500E-017 ) ) ;
#1788 = VERTEX_POINT ( 'NONE', #5583 ) ;
#1789 = PERSON_AND_ORGANIZATION ( #5627, #2878 ) ;
#1790 = DIRECTION ( 'NONE',  ( -9.020562075079395300E-015, 0.0000000000000000000, -1.000000000000000000 ) ) ;
#1791 = DIRECTION ( 'NONE',  ( 0.0000000000000000000, 0.0000000000000000000, -1.000000000000000000 ) ) ;
#1793 = DIRECTION ( 'NONE',  ( -3.304235192336774700E-015, 0.0000000000000000000, 1.000000000000000000 ) ) ;
#1792 = CARTESIAN_POINT ( 'NONE',  ( 1.124999999999984500, 0.5250000000000000200, -0.1500000000000082700 ) ) ;
#1795 = ORIENTED_EDGE ( 'NONE', *, *, #5495, .F. ) ;
#1794 = EDGE_LOOP ( 'NONE', ( #1266, #3819, #374, #4674 ) ) ;
#1796 = AXIS2_PLACEMENT_3D ( 'NONE', #3782, #2064, #1665 ) ;
#1797 = COORDINATED_UNIVERSAL_TIME_OFFSET ( 1, 0, .AHEAD. ) ;
#1798 = PLANE ( 'NONE',  #1509 ) ;
#1799 = ORIENTED_EDGE ( 'NONE', *, *, #1672, .F. ) ;
#1800 = VECTOR ( 'NONE', #306, 1000.000000000000100 ) ;
#1801 = B_SPLINE_CURVE_WITH_KNOTS ( 'NONE', 3,
 ( #1227, #3856, #829, #2557, #351, #4258, #4687 ),
 .UNSPECIFIED., .F., .F.,
 ( 4, 3, 4 ),
 ( 7.346518681972263100E-005, 7.460591981938192500E-005, 8.187296693718618100E-005 ),
 .UNSPECIFIED. ) ;
#1802 = LINE ( 'NONE', #456, #3958 ) ;
#1803 = VECTOR ( 'NONE', #3346, 1000.000000000000000 ) ;
#1804 = CARTESIAN_POINT ( 'NONE',  ( 1.500000000000040900, 0.5250000000000000200, 0.2500000000000028300 ) ) ;
#1805 = DIRECTION ( 'NONE',  ( -1.000000000000000000, 0.0000000000000000000, -1.032573497605242300E-014 ) ) ;
#1806 = VECTOR ( 'NONE', #1712, 1000.000000000000000 ) ;
#1807 = CARTESIAN_POINT ( 'NONE',  ( 0.3056445071917110500, 1.176255875233393800, -1.212062981264248100 ) ) ;
#1808 = LINE ( 'NONE', #677, #4706 ) ;
#1809 = EDGE_CURVE ( 'NONE', #1386, #1315, #1132, .T. ) ;
#1810 = LINE ( 'NONE', #4669, #5116 ) ;
#1811 = DIRECTION ( 'NONE',  ( 1.000000000000000000, -0.0000000000000000000, 0.0000000000000000000 ) ) ;
#1812 = CARTESIAN_POINT ( 'NONE',  ( 0.2499999999999958900, 0.5250000000000000200, 0.2500000000000028300 ) ) ;
#1813 = DIRECTION ( 'NONE',  ( 1.000000000000000000, 0.0000000000000000000, 0.0000000000000000000 ) ) ;
#1814 = LINE ( 'NONE', #1787, #3237 ) ;
#1815 = VERTEX_POINT ( 'NONE', #1283 ) ;
#1816 = LINE ( 'NONE', #532, #4038 ) ;
#1817 = EDGE_CURVE ( 'NONE', #3114, #4856, #1481, .T. ) ;
#1818 = DIRECTION ( 'NONE',  ( 1.000000000000000000, -0.0000000000000000000, 4.336808689942019300E-015 ) ) ;
#1819 = DIRECTION ( 'NONE',  ( -0.0000000000000000000, -1.000000000000000000, -0.0000000000000000000 ) ) ;
#1820 = ORIENTED_EDGE ( 'NONE', *, *, #592, .T. ) ;
#1821 = VECTOR ( 'NONE', #1632, 1000.000000000000000 ) ;
#1822 = ORIENTED_EDGE ( 'NONE', *, *, #4954, .T. ) ;
#1823 = EDGE_LOOP ( 'NONE', ( #2834, #1659, #1133, #1496 ) ) ;
#1824 = EDGE_CURVE ( 'NONE', #5614, #2231, #155, .T. ) ;
#1825 = EDGE_CURVE ( 'NONE', #2640, #4854, #2000, .T. ) ;
#1826 = EDGE_LOOP ( 'NONE', ( #5324, #2390, #4273, #387 ) ) ;
#1827 = VERTEX_POINT ( 'NONE', #3376 ) ;
#1828 = VERTEX_POINT ( 'NONE', #3831 ) ;
#1829 = VERTEX_POINT ( 'NONE', #2594 ) ;
#1830 = DIRECTION ( 'NONE',  ( 7.885106708985492000E-016, -0.0000000000000000000, 1.000000000000000000 ) ) ;
#1831 = DIRECTION ( 'NONE',  ( 1.000000000000000000, 0.0000000000000000000, -1.032573497605242100E-016 ) ) ;
#1832 = ORIENTED_EDGE ( 'NONE', *, *, #4498, .F. ) ;
#1834 = DIRECTION ( 'NONE',  ( 0.0000000000000000000, 1.000000000000000000, 0.0000000000000000000 ) ) ;
#1833 = CARTESIAN_POINT ( 'NONE',  ( -1.124999999999994200, 0.5250000000000000200, 0.2500000000000053300 ) ) ;
#1835 = ORIENTED_EDGE ( 'NONE', *, *, #3419, .T. ) ;
#1836 = AXIS2_PLACEMENT_3D ( 'NONE', #3032, #3417, #4335 ) ;
#1837 = AXIS2_PLACEMENT_3D ( 'NONE', #4368, #2875, #1127 ) ;
#1838 = DIRECTION ( 'NONE',  ( 1.000000000000000000, 0.0000000000000000000, 0.0000000000000000000 ) ) ;
#1839 = DIRECTION ( 'NONE',  ( -1.000000000000000000, 0.0000000000000000000, -4.336808689942016900E-015 ) ) ;
#1840 = VECTOR ( 'NONE', #201, 1000.000000000000000 ) ;
#1841 = ORIENTED_EDGE ( 'NONE', *, *, #857, .T. ) ;
#1842 = VECTOR ( 'NONE', #3574, 1000.000000000000000 ) ;
#1843 = PERSON_AND_ORGANIZATION_ROLE ( 'creator' ) ;
#1844 = CARTESIAN_POINT ( 'NONE',  ( -0.1500000000000002700, 0.5249999999999999100, -0.7000000000000007300 ) ) ;
#1845 = CARTESIAN_POINT ( 'NONE',  ( 1.400000000000000800, 0.6000000000000000900, 4.047688110612555700E-015 ) ) ;
#1846 = LINE ( 'NONE', #2277, #460 ) ;
#1847 = FACE_BOUND ( 'NONE', #2032, .T. ) ;
#1848 = PLANE ( 'NONE',  #3746 ) ;
#1849 = CARTESIAN_POINT ( 'NONE',  ( 0.3785911007298101100, 0.6049999999999997600, -1.263685679606120200 ) ) ;
#1850 = CARTESIAN_POINT ( 'NONE',  ( 0.7400569921222783800, 0.6049999999999999800, 0.3500000000000053100 ) ) ;
#1851 = VERTEX_POINT ( 'NONE', #1683 ) ;
#1852 = CARTESIAN_POINT ( 'NONE',  ( 1.400000000000000100, 0.0000000000000000000, 1.800000000000000700 ) ) ;
#1853 = CARTESIAN_POINT ( 'NONE',  ( -0.3000000000000062100, 0.5250000000000000200, 0.0000000000000000000 ) ) ;
#1854 = EDGE_CURVE ( 'NONE', #9, #126, #4108, .T. ) ;
#1855 = EDGE_CURVE ( 'NONE', #5395, #5051, #2139, .T. ) ;
#1856 = EDGE_LOOP ( 'NONE', ( #272, #3651, #445, #233, #1534, #1527, #5332, #3284 ) ) ;
#1857 = ORIENTED_EDGE ( 'NONE', *, *, #1491, .F. ) ;
#1858 = DIRECTION ( 'NONE',  ( 0.0000000000000000000, 0.0000000000000000000, 1.000000000000000000 ) ) ;
#1859 = CARTESIAN_POINT ( 'NONE',  ( -2.099999999999999600, 0.5000000000000000000, 2.099999999999999600 ) ) ;
#1860 = CALENDAR_DATE ( 2019, 28, 10 ) ;
#1861 = PLANE ( 'NONE',  #2960 ) ;
#1862 = EDGE_LOOP ( 'NONE', ( #1636, #4502, #3051, #1756 ) ) ;
#1863 = DIRECTION ( 'NONE',  ( -0.0000000000000000000, -1.000000000000000000, -0.0000000000000000000 ) ) ;
#1864 = FACE_BOUND ( 'NONE', #3648, .T. ) ;
#1866 = DIRECTION ( 'NONE',  ( -0.0000000000000000000, -1.000000000000000000, -0.0000000000000000000 ) ) ;
#1865 = DIRECTION ( 'NONE',  ( 3.394024192128566300E-015, 0.0000000000000000000, -1.000000000000000000 ) ) ;
#1867 = LINE ( 'NONE', #5179, #4160 ) ;
#1868 = ORIENTED_EDGE ( 'NONE', *, *, #4394, .T. ) ;
#1869 = EDGE_LOOP ( 'NONE', ( #5056, #3691, #3674, #3913, #3920, #1713, #2171, #3889 ) ) ;
#1870 = FACE_OUTER_BOUND ( 'NONE', #1339, .T. ) ;
#1871 = CARTESIAN_POINT ( 'NONE',  ( -6.711727734434085700E-015, 0.6049999999999999800, 0.6500000000000010200 ) ) ;
#1872 = VECTOR ( 'NONE', #809, 1000.000000000000000 ) ;
#1873 = VECTOR ( 'NONE', #3866, 1000.000000000000000 ) ;
#1874 = VECTOR ( 'NONE', #238, 1000.000000000000000 ) ;
#1875 = CC_DESIGN_APPROVAL ( #1399, ( #112 ) ) ;
#1876 = AXIS2_PLACEMENT_3D ( 'NONE', #3543, #2841, #2383 ) ;
#1877 = LINE ( 'NONE', #3687, #1053 ) ;
#1878 = APPLICATION_PROTOCOL_DEFINITION ( 'international standard', 'config_control_design', 1994, #522 ) ;
#1879 = DIRECTION ( 'NONE',  ( 0.0000000000000000000, 0.0000000000000000000, 1.000000000000000000 ) ) ;
#1880 = VECTOR ( 'NONE', #3587, 1000.000000000000000 ) ;
#1881 = DIRECTION ( 'NONE',  ( 1.000000000000000000, 0.0000000000000000000, -7.228014483236698500E-016 ) ) ;
#1882 = CARTESIAN_POINT ( 'NONE',  ( 1.400000000000002400, 0.6049999999999999800, -0.6499999999999963600 ) ) ;
#1883 = EDGE_CURVE ( 'NONE', #2719, #2909, #4458, .T. ) ;
#1884 = VECTOR ( 'NONE', #2992, 1000.000000000000000 ) ;
#1885 = VERTEX_POINT ( 'NONE', #4237 ) ;
#1886 = LINE ( 'NONE', #779, #167 ) ;
#1888 = DIRECTION ( 'NONE',  ( -7.165162183382554600E-015, 0.0000000000000000000, 1.000000000000000000 ) ) ;
#1887 = CARTESIAN_POINT ( 'NONE',  ( 1.400000000000003700, 0.6049999999999999800, -1.099999999999996300 ) ) ;
#1889 = EDGE_CURVE ( 'NONE', #3250, #801, #102, .T. ) ;
#1890 = VERTEX_POINT ( 'NONE', #4672 ) ;
#1891 = FACE_OUTER_BOUND ( 'NONE', #4756, .T. ) ;
#1892 = EDGE_LOOP ( 'NONE', ( #1553, #2307, #1121, #617 ) ) ;
#1893 = ORIENTED_EDGE ( 'NONE', *, *, #5446, .T. ) ;
#1894 = EDGE_CURVE ( 'NONE', #1548, #1262, #1479, .T. ) ;
#1895 = ORIENTED_EDGE ( 'NONE', *, *, #1855, .F. ) ;
#1896 = CARTESIAN_POINT ( 'NONE',  ( 0.3863054514437192500, 0.6050000000000017600, -1.271005756670996500 ) ) ;
#1897 = DIRECTION ( 'NONE',  ( 0.0000000000000000000, -1.000000000000000000, 0.0000000000000000000 ) ) ;
#1898 = DIRECTION ( 'NONE',  ( -7.228014483236695200E-015, 0.0000000000000000000, 1.000000000000000000 ) ) ;
#1899 = ORIENTED_EDGE ( 'NONE', *, *, #302, .T. ) ;
#1900 = ORIENTED_EDGE ( 'NONE', *, *, #5282, .T. ) ;
#1901 = ORIENTED_EDGE ( 'NONE', *, *, #3845, .T. ) ;
#1902 = APPROVAL_ROLE ( '' ) ;
#1903 = CARTESIAN_POINT ( 'NONE',  ( -1.011922027653138500E-015, 0.6049999999999999800, -1.400000000000000800 ) ) ;
#1904 = DIRECTION ( 'NONE',  ( 1.000000000000000000, 0.0000000000000000000, 0.0000000000000000000 ) ) ;
#1905 = CARTESIAN_POINT ( 'NONE',  ( 1.099999999999991700, 0.6049999999999999800, 1.400000000000007700 ) ) ;
#1906 = CARTESIAN_POINT ( 'NONE',  ( 0.3863054514437192500, 0.6050000000000017600, -1.271005756670996500 ) ) ;
#1907 = ORIENTED_EDGE ( 'NONE', *, *, #4627, .T. ) ;
#1908 = AXIS2_PLACEMENT_3D ( 'NONE', #4130, #5011, #5436 ) ;
#1909 = LINE ( 'NONE', #1582, #2329 ) ;
#1910 = CARTESIAN_POINT ( 'NONE',  ( -2.099999999999999600, 0.4500000000000000100, 2.099999999999999600 ) ) ;
#1911 = ADVANCED_FACE ( 'NONE', ( #4987 ), #5118, .F. ) ;
#1912 = DIRECTION ( 'NONE',  ( -3.614007241618349300E-016, 0.0000000000000000000, -1.000000000000000000 ) ) ;
#1913 = LINE ( 'NONE', #2839, #738 ) ;
#1914 = EDGE_CURVE ( 'NONE', #475, #3968, #4782, .T. ) ;
#1915 = DIRECTION ( 'NONE',  ( -1.055918637551109500E-014, 0.0000000000000000000, 1.000000000000000000 ) ) ;
#1916 = CARTESIAN_POINT ( 'NONE',  ( -1.400000000000001000, 0.6049999999999999800, -0.3499999999999999200 ) ) ;
#1917 = PLANE ( 'NONE',  #398 ) ;
#1918 = ORIENTED_EDGE ( 'NONE', *, *, #5482, .F. ) ;
#1919 = PLANE ( 'NONE',  #5404 ) ;
#1920 = DIRECTION ( 'NONE',  ( -1.000000000000000000, 0.0000000000000000000, -5.782411586589356500E-015 ) ) ;
#1921 = ORIENTED_EDGE ( 'NONE', *, *, #4746, .T. ) ;
#1922 = DATE_AND_TIME ( #3951, #615 ) ;
#1923 = EDGE_CURVE ( 'NONE', #1386, #3883, #3309, .T. ) ;
#1924 = DIRECTION ( 'NONE',  ( 1.000000000000000000, 0.0000000000000000000, 7.885106708985482100E-016 ) ) ;
#1926 = VERTEX_POINT ( 'NONE', #3030 ) ;
#1925 = ORIENTED_EDGE ( 'NONE', *, *, #2931, .T. ) ;
#1927 = EDGE_CURVE ( 'NONE', #5613, #2024, #705, .T. ) ;
#1928 = FACE_OUTER_BOUND ( 'NONE', #5199, .T. ) ;
#1929 = VERTEX_POINT ( 'NONE', #872 ) ;
#1930 = VERTEX_POINT ( 'NONE', #1335 ) ;
#1931 = DIRECTION ( 'NONE',  ( -0.0000000000000000000, -1.000000000000000000, -0.0000000000000000000 ) ) ;
#1932 = LINE ( 'NONE', #2884, #1660 ) ;
#1933 = DIRECTION ( 'NONE',  ( 0.0000000000000000000, -0.0000000000000000000, -1.000000000000000000 ) ) ;
#1934 = DIRECTION ( 'NONE',  ( -0.0000000000000000000, -1.000000000000000000, -0.0000000000000000000 ) ) ;
#1935 = FACE_OUTER_BOUND ( 'NONE', #2243, .T. ) ;
#1936 = VECTOR ( 'NONE', #221, 1000.000000000000000 ) ;
#1937 = ADVANCED_FACE ( 'NONE', ( #228 ), #889, .F. ) ;
#1938 = DIRECTION ( 'NONE',  ( -0.0000000000000000000, -1.000000000000000000, -0.0000000000000000000 ) ) ;
#1939 = AXIS2_PLACEMENT_3D ( 'NONE', #2450, #257, #4214 ) ;
#1940 = LINE ( 'NONE', #1111, #766 ) ;
#1941 = VECTOR ( 'NONE', #1966, 1000.000000000000000 ) ;
#1942 = CARTESIAN_POINT ( 'NONE',  ( -0.2500000000000003900, 0.5250000000000000200, -1.125000000000000700 ) ) ;
#1943 = DIRECTION ( 'NONE',  ( 0.0000000000000000000, 1.000000000000000000, 0.0000000000000000000 ) ) ;
#1944 = VECTOR ( 'NONE', #4938, 1000.000000000000000 ) ;
#1945 = ORIENTED_EDGE ( 'NONE', *, *, #1421, .F. ) ;
#1946 = VECTOR ( 'NONE', #529, 1000.000000000000000 ) ;
#1947 = CARTESIAN_POINT ( 'NONE',  ( 0.4070000000000048600, 0.6049999999999999800, -1.225999999999999800 ) ) ;
#1948 = ORIENTED_EDGE ( 'NONE', *, *, #5384, .F. ) ;
#1949 = VECTOR ( 'NONE', #697, 1000.000000000000000 ) ;
#1950 = ORIENTED_EDGE ( 'NONE', *, *, #62, .T. ) ;
#1951 = ORIENTED_EDGE ( 'NONE', *, *, #3392, .F. ) ;
#1952 = PLANE ( 'NONE',  #2463 ) ;
#1953 = CARTESIAN_POINT ( 'NONE',  ( -1.399999999999999700, 0.0000000000000000000, -1.499999999999999300 ) ) ;
#1954 = CARTESIAN_POINT ( 'NONE',  ( 1.449999999999998400, 0.5250000000000000200, -1.449999999999990900 ) ) ;
#1955 = ORIENTED_EDGE ( 'NONE', *, *, #2444, .F. ) ;
#1956 = ORIENTED_EDGE ( 'NONE', *, *, #591, .T. ) ;
#1957 = CARTESIAN_POINT ( 'NONE',  ( -1.499999999999995600, 0.5000000000000000000, 0.2500000000000038900 ) ) ;
#1958 = EDGE_LOOP ( 'NONE', ( #33, #612, #3290, #4405 ) ) ;
#1959 = ORIENTED_EDGE ( 'NONE', *, *, #3695, .T. ) ;
#1960 = EDGE_CURVE ( 'NONE', #3580, #5266, #3034, .T. ) ;
#1961 = EDGE_CURVE ( 'NONE', #438, #5601, #2157, .T. ) ;
#1962 = EDGE_CURVE ( 'NONE', #2464, #2477, #2897, .T. ) ;
#1963 = ORIENTED_EDGE ( 'NONE', *, *, #3526, .F. ) ;
#1964 = CARTESIAN_POINT ( 'NONE',  ( -0.6249999999999937800, 0.5250000000000000200, 0.1500000000000071000 ) ) ;
#1965 = ADVANCED_FACE ( 'NONE', ( #3904, #3449 ), #4777, .F. ) ;
#1966 = DIRECTION ( 'NONE',  ( 1.000000000000000000, 0.0000000000000000000, 0.0000000000000000000 ) ) ;
#1967 = ORIENTED_EDGE ( 'NONE', *, *, #4061, .F. ) ;
#1968 = CARTESIAN_POINT ( 'NONE',  ( 0.0000000000000000000, -0.02500000000000000100, -2.449999999999999700 ) ) ;
#1969 = DIRECTION ( 'NONE',  ( -1.000000000000000000, 0.0000000000000000000, -3.407492542097298400E-015 ) ) ;
#1970 = PLANE ( 'NONE',  #4511 ) ;
#1971 = CARTESIAN_POINT ( 'NONE',  ( -0.008349065841095756500, 0.7000145223148579500, 0.0000000000000000000 ) ) ;
#1972 =( BOUNDED_CURVE ( )  B_SPLINE_CURVE ( 3, ( #3870, #5155, #3798, #752 ),
 .UNSPECIFIED., .F., .F. ) 
 B_SPLINE_CURVE_WITH_KNOTS ( ( 4, 4 ),
 ( 3.141592653589793100, 3.869044550002039600 ),
 .UNSPECIFIED. ) 
 CURVE ( )  GEOMETRIC_REPRESENTATION_ITEM ( )  RATIONAL_B_SPLINE_CURVE ( ( 1.000000000000000000, 0.9563851831947511900, 0.9563851831947511900, 1.000000000000000000 ) ) 
 REPRESENTATION_ITEM ( '' )  );
#1973 = ORIENTED_EDGE ( 'NONE', *, *, #1007, .F. ) ;
#1974 = FACE_OUTER_BOUND ( 'NONE', #3454, .T. ) ;
#1975 = AXIS2_PLACEMENT_3D ( 'NONE', #2759, #1009, #1888 ) ;
#1976 = CARTESIAN_POINT ( 'NONE',  ( 1.500000000000006400, 0.5000000000000000000, -0.2500000000000052200 ) ) ;
#1977 = DIRECTION ( 'NONE',  ( 0.0000000000000000000, 1.000000000000000000, -0.0000000000000000000 ) ) ;
#1978 = FACE_BOUND ( 'NONE', #4001, .T. ) ;
#1979 = LINE ( 'NONE', #4144, #1840 ) ;
#1980 = EDGE_LOOP ( 'NONE', ( #1700, #4831, #3482, #1716 ) ) ;
#1981 = CC_DESIGN_PERSON_AND_ORGANIZATION_ASSIGNMENT ( #3082, #5320, ( #112 ) ) ;
#1982 = CARTESIAN_POINT ( 'NONE',  ( 0.3060453645236213000, 1.176146693705888900, -0.5378201020139449200 ) ) ;
#1983 = EDGE_LOOP ( 'NONE', ( #4128, #465, #4666, #550 ) ) ;
#1984 = DIRECTION ( 'NONE',  ( 1.000000000000000000, 0.0000000000000000000, 0.0000000000000000000 ) ) ;
#1985 = AXIS2_PLACEMENT_3D ( 'NONE', #2472, #2458, #2880 ) ;
#1986 = DIRECTION ( 'NONE',  ( 0.0000000000000000000, -1.000000000000000000, -0.0000000000000000000 ) ) ;
#1987 = DIRECTION ( 'NONE',  ( 0.0000000000000000000, 0.0000000000000000000, -1.000000000000000000 ) ) ;
#1988 = CARTESIAN_POINT ( 'NONE',  ( 0.2500000000000058800, 0.5000000000000000000, 1.500000000000005800 ) ) ;
#1989 = CARTESIAN_POINT ( 'NONE',  ( -0.3000000000000112600, 0.6000000000000000900, 0.3000000000000030400 ) ) ;
#1990 = VERTEX_POINT ( 'NONE', #425 ) ;
#1991 = EDGE_LOOP ( 'NONE', ( #2033, #3627, #1001, #36 ) ) ;
#1992 = ADVANCED_FACE ( 'NONE', ( #4318 ), #3071, .T. ) ;
#1993 = DATE_AND_TIME ( #3153, #4293 ) ;
#1994 = DIRECTION ( 'NONE',  ( 0.0000000000000000000, 0.0000000000000000000, 1.000000000000000000 ) ) ;
#1995 = EDGE_CURVE ( 'NONE', #3748, #1138, #1743, .T. ) ;
#1996 = ORIENTED_EDGE ( 'NONE', *, *, #560, .T. ) ;
#1997 = VECTOR ( 'NONE', #606, 1000.000000000000000 ) ;
#1998 = EDGE_CURVE ( 'NONE', #5165, #1067, #4717, .T. ) ;
#1999 = CARTESIAN_POINT ( 'NONE',  ( -0.2000000000000002100, 0.5250000000000000200, -0.6500000000000006900 ) ) ;
#2000 = LINE ( 'NONE', #4741, #3888 ) ;
#2001 = ORIENTED_EDGE ( 'NONE', *, *, #1889, .F. ) ;
#2002 = EDGE_LOOP ( 'NONE', ( #1822, #1070, #5317, #579 ) ) ;
#2003 = LINE ( 'NONE', #3647, #2954 ) ;
#2004 = LINE ( 'NONE', #5447, #693 ) ;
#2005 = CARTESIAN_POINT ( 'NONE',  ( 0.2850748798756306800, 1.151574061577449700, -1.256063506630391300 ) ) ;
#2006 = VECTOR ( 'NONE', #4271, 1000.000000000000000 ) ;
#2007 = CARTESIAN_POINT ( 'NONE',  ( -1.500000000000001300, 0.5250000000000000200, -1.500000000000000000 ) ) ;
#2008 = VECTOR ( 'NONE', #274, 1000.000000000000000 ) ;
#2009 = CARTESIAN_POINT ( 'NONE',  ( 1.174552353525966800E-015, 0.6049999999999999800, -0.3500000000000010900 ) ) ;
#2010 = CARTESIAN_POINT ( 'NONE',  ( -2.099999999999999600, 0.5000000000000000000, 2.099999999999999600 ) ) ;
#2011 = CARTESIAN_POINT ( 'NONE',  ( 0.0000000000000000000, 3.100000000000000100, 0.0000000000000000000 ) ) ;
#2012 = VECTOR ( 'NONE', #3154, 1000.000000000000000 ) ;
#2013 = FACE_OUTER_BOUND ( 'NONE', #1089, .T. ) ;
#2014 = AXIS2_PLACEMENT_3D ( 'NONE', #52, #1370, #5259 ) ;
#2015 = AXIS2_PLACEMENT_3D ( 'NONE', #3077, #3117, #486 ) ;
#2016 = LINE ( 'NONE', #5005, #2299 ) ;
#2017 = ORIENTED_EDGE ( 'NONE', *, *, #3013, .T. ) ;
#2018 = VECTOR ( 'NONE', #4245, 1000.000000000000000 ) ;
#2019 = CARTESIAN_POINT ( 'NONE',  ( 0.3000000000000007700, 0.0000000000000000000, -2.099999999999999600 ) ) ;
#2020 = EDGE_CURVE ( 'NONE', #678, #2371, #3643, .T. ) ;
#2021 = ORIENTED_EDGE ( 'NONE', *, *, #1630, .T. ) ;
#2022 = ADVANCED_FACE ( 'NONE', ( #4177 ), #1611, .T. ) ;
#2023 = VECTOR ( 'NONE', #3089, 1000.000000000000000 ) ;
#2024 = VERTEX_POINT ( 'NONE', #4154 ) ;
#2025 = EDGE_LOOP ( 'NONE', ( #937, #87, #4996, #128 ) ) ;
#2026 = ORIENTED_EDGE ( 'NONE', *, *, #48, .F. ) ;
#2027 = CARTESIAN_POINT ( 'NONE',  ( -0.1435534813419278300, 0.9318202138296659600, -1.101880234608605000 ) ) ;
#2028 = CARTESIAN_POINT ( 'NONE',  ( 2.521738681383630500E-015, 0.6049999999999999800, -0.7400569921222807100 ) ) ;
#2029 = CARTESIAN_POINT ( 'NONE',  ( 0.6249999999999845700, 0.5000000000000000000, -0.1500000000000082700 ) ) ;
#2030 = CARTESIAN_POINT ( 'NONE',  ( -1.499999999999995600, 0.5250000000000000200, 0.2500000000000038900 ) ) ;
#2031 = VERTEX_POINT ( 'NONE', #734 ) ;
#2032 = EDGE_LOOP ( 'NONE', ( #3116, #4354, #851, #855 ) ) ;
#2033 = ORIENTED_EDGE ( 'NONE', *, *, #4355, .F. ) ;
#2034 = CARTESIAN_POINT ( 'NONE',  ( 1.500000000000040900, 0.5000000000000000000, 0.2500000000000028300 ) ) ;
#2035 = CARTESIAN_POINT ( 'NONE',  ( -0.3000000000000062100, 0.6000000000000000900, -1.449999999999993300 ) ) ;
#2036 = VERTEX_POINT ( 'NONE', #3780 ) ;
#2037 = EDGE_CURVE ( 'NONE', #2644, #284, #5125, .T. ) ;
#2038 = EDGE_CURVE ( 'NONE', #2100, #2036, #3576, .T. ) ;
#2039 = VECTOR ( 'NONE', #4082, 1000.000000000000000 ) ;
#2040 = EDGE_LOOP ( 'NONE', ( #3118, #2600, #4726, #1799 ) ) ;
#2041 = DIRECTION ( 'NONE',  ( -1.000000000000000000, 0.0000000000000000000, 0.0000000000000000000 ) ) ;
#2042 = LINE ( 'NONE', #3225, #1434 ) ;
#2043 = LINE ( 'NONE', #3972, #2189 ) ;
#2044 = DIRECTION ( 'NONE',  ( 1.046490792572978700E-014, 0.0000000000000000000, -1.000000000000000000 ) ) ;
#2045 = DIRECTION ( 'NONE',  ( 7.228014483236689700E-016, 0.0000000000000000000, 1.000000000000000000 ) ) ;
#2046 = DIRECTION ( 'NONE',  ( -1.000000000000000000, 0.0000000000000000000, -3.488302641909928700E-015 ) ) ;
#2047 = AXIS2_PLACEMENT_3D ( 'NONE', #1396, #3109, #910 ) ;
#2048 = VECTOR ( 'NONE', #3281, 1000.000000000000000 ) ;
#2049 = AXIS2_PLACEMENT_3D ( 'NONE', #4459, #530, #3584 ) ;
#2050 = DIRECTION ( 'NONE',  ( -1.000000000000000000, 0.0000000000000000000, 2.017120320903263200E-016 ) ) ;
#2051 = ADVANCED_FACE ( 'NONE', ( #2765 ), #4175, .T. ) ;
#2052 = ADVANCED_FACE ( 'NONE', ( #4585 ), #2451, .T. ) ;
#2053 = CARTESIAN_POINT ( 'NONE',  ( 0.3932627650768745800, 0.6050000000028154000, -0.5244555768487995100 ) ) ;
#2054 = DIRECTION ( 'NONE',  ( -1.000000000000000000, 0.0000000000000000000, 0.0000000000000000000 ) ) ;
#2055 = ORIENTED_EDGE ( 'NONE', *, *, #510, .T. ) ;
#2056 = DIRECTION ( 'NONE',  ( 0.0000000000000000000, 1.000000000000000000, 0.0000000000000000000 ) ) ;
#2057 = CARTESIAN_POINT ( 'NONE',  ( -1.449999999999999300, -0.02500000000000000100, -1.449999999999999300 ) ) ;
#2058 = VERTEX_POINT ( 'NONE', #2062 ) ;
#2059 = APPROVAL_PERSON_ORGANIZATION ( #2203, #1399, #3134 ) ;
#2060 = ORIENTED_EDGE ( 'NONE', *, *, #5318, .T. ) ;
#2061 = EDGE_CURVE ( 'NONE', #682, #475, #566, .T. ) ;
#2062 = CARTESIAN_POINT ( 'NONE',  ( -1.400000000000014800, 0.6000000000000000900, 1.399999999999986600 ) ) ;
#2063 = CARTESIAN_POINT ( 'NONE',  ( 0.0000000000000000000, 0.6049999999999999800, 0.0000000000000000000 ) ) ;
#2064 = DIRECTION ( 'NONE',  ( 0.0000000000000000000, 0.0000000000000000000, -1.000000000000000000 ) ) ;
#2065 = PERSON_AND_ORGANIZATION ( #5627, #2878 ) ;
#2066 = ORIENTED_EDGE ( 'NONE', *, *, #3058, .F. ) ;
#2067 = CARTESIAN_POINT ( 'NONE',  ( 0.0000000000000000000, 0.6000000000000000900, 0.0000000000000000000 ) ) ;
#2068 = ORIENTED_EDGE ( 'NONE', *, *, #3421, .T. ) ;
#2069 = ORIENTED_EDGE ( 'NONE', *, *, #3421, .F. ) ;
#2070 = EDGE_CURVE ( 'NONE', #4625, #3577, #2016, .T. ) ;
#2071 = CARTESIAN_POINT ( 'NONE',  ( 0.4000000000000045200, 0.6049999999999998700, -1.249999999999999800 ) ) ;
#2072 = DIRECTION ( 'NONE',  ( -1.000000000000000000, 0.0000000000000000000, -3.942553354492742100E-016 ) ) ;
#2073 = EDGE_CURVE ( 'NONE', #2285, #2477, #2432, .T. ) ;
#2074 = VECTOR ( 'NONE', #4900, 1000.000000000000000 ) ;
#2075 = DIRECTION ( 'NONE',  ( -1.000000000000000000, 0.0000000000000000000, -3.304235192336776300E-015 ) ) ;
#2076 = LINE ( 'NONE', #5250, #1179 ) ;
#2077 = FACE_OUTER_BOUND ( 'NONE', #373, .T. ) ;
#2078 = DIRECTION ( 'NONE',  ( 1.734723475976826000E-015, 0.0000000000000000000, 1.000000000000000000 ) ) ;
#2079 = FACE_BOUND ( 'NONE', #2733, .T. ) ;
#2080 = ADVANCED_FACE ( 'NONE', ( #2830 ), #4597, .T. ) ;
#2081 = ADVANCED_FACE ( 'NONE', ( #1678 ), #4617, .T. ) ;
#2082 = LINE ( 'NONE', #2802, #2422 ) ;
#2083 = CARTESIAN_POINT ( 'NONE',  ( 0.3500000000000004800, 0.6000000000000000900, 1.075167154381460700E-015 ) ) ;
#2084 = CARTESIAN_POINT ( 'NONE',  ( 0.2500000000000060500, 0.5250000000000000200, 0.6249999999999698000 ) ) ;
#2085 = FACE_OUTER_BOUND ( 'NONE', #5573, .T. ) ;
#2086 = ORIENTED_EDGE ( 'NONE', *, *, #1301, .F. ) ;
#2087 = CARTESIAN_POINT ( 'NONE',  ( -1.400000000000011000, 0.6049999999999999800, 1.040056992122266000 ) ) ;
#2088 = VECTOR ( 'NONE', #3008, 1000.000000000000000 ) ;
#2089 = DIRECTION ( 'NONE',  ( -1.084202172485504400E-016, 0.0000000000000000000, 1.000000000000000000 ) ) ;
#2090 = ADVANCED_FACE ( 'NONE', ( #365 ), #2430, .F. ) ;
#2091 = ORIENTED_EDGE ( 'NONE', *, *, #935, .T. ) ;
#2092 = CARTESIAN_POINT ( 'NONE',  ( 0.3843957986233148500, 0.6049999999999997600, -0.4803089142593166000 ) ) ;
#2093 = VECTOR ( 'NONE', #2336, 1000.000000000000000 ) ;
#2094 = VERTEX_POINT ( 'NONE', #278 ) ;
#2095 = DIRECTION ( 'NONE',  ( 0.0000000000000000000, -1.000000000000000000, -0.0000000000000000000 ) ) ;
#2096 = VERTEX_POINT ( 'NONE', #3759 ) ;
#2097 = AXIS2_PLACEMENT_3D ( 'NONE', #2431, #2857, #1575 ) ;
#2098 = DIRECTION ( 'NONE',  ( -0.0000000000000000000, -1.000000000000000000, -0.0000000000000000000 ) ) ;
#2099 = ORIENTED_EDGE ( 'NONE', *, *, #1927, .T. ) ;
#2100 = VERTEX_POINT ( 'NONE', #1109 ) ;
#2101 = ORIENTED_EDGE ( 'NONE', *, *, #3590, .T. ) ;
#2102 = DIRECTION ( 'NONE',  ( 0.0000000000000000000, 1.000000000000000000, -0.0000000000000000000 ) ) ;
#2103 = VERTEX_POINT ( 'NONE', #674 ) ;
#2104 = EDGE_CURVE ( 'NONE', #3427, #5075, #1549, .T. ) ;
#2105 = ORIENTED_EDGE ( 'NONE', *, *, #4709, .F. ) ;
#2106 = DIRECTION ( 'NONE',  ( -1.011922027653137900E-014, 0.0000000000000000000, 1.000000000000000000 ) ) ;
#2107 = DIRECTION ( 'NONE',  ( 6.814985084194599100E-015, 0.0000000000000000000, -1.000000000000000000 ) ) ;
#2108 = DIRECTION ( 'NONE',  ( 1.000000000000000000, -0.0000000000000000000, 3.642919299551309100E-015 ) ) ;
#2109 = DIRECTION ( 'NONE',  ( -0.0000000000000000000, -1.000000000000000000, -0.0000000000000000000 ) ) ;
#2110 = EDGE_CURVE ( 'NONE', #236, #4409, #5588, .T. ) ;
#2111 = EDGE_LOOP ( 'NONE', ( #1313, #5630, #1967, #2905 ) ) ;
#2112 = ADVANCED_FACE ( 'NONE', ( #3707 ), #4248, .T. ) ;
#2113 = DIRECTION ( 'NONE',  ( -6.976605283819857400E-015, 0.0000000000000000000, 1.000000000000000000 ) ) ;
#2114 = CARTESIAN_POINT ( 'NONE',  ( 1.099999999999991700, 0.6000000000000000900, 1.400000000000007700 ) ) ;
#2115 = LINE ( 'NONE', #2009, #2849 ) ;
#2116 = EDGE_CURVE ( 'NONE', #4679, #1454, #4111, .T. ) ;
#2117 = EDGE_LOOP ( 'NONE', ( #4608, #746, #3085, #3251, #3210 ) ) ;
#2118 = VECTOR ( 'NONE', #1631, 1000.000000000000000 ) ;
#2119 = CARTESIAN_POINT ( 'NONE',  ( 0.0000000000000000000, 0.5250000000000000200, 0.0000000000000000000 ) ) ;
#2120 = EDGE_CURVE ( 'NONE', #2637, #4117, #2697, .T. ) ;
#2121 = ADVANCED_FACE ( 'NONE', ( #4456 ), #1193, .F. ) ;
#2122 = VECTOR ( 'NONE', #2663, 1000.000000000000000 ) ;
#2123 = ORIENTED_EDGE ( 'NONE', *, *, #129, .F. ) ;
#2124 = DIRECTION ( 'NONE',  ( -1.011922027653137900E-014, 0.0000000000000000000, 1.000000000000000000 ) ) ;
#2125 = CARTESIAN_POINT ( 'NONE',  ( -0.3500000000000010900, 0.6049999999999999800, 3.614007241618359000E-017 ) ) ;
#2126 = DIRECTION ( 'NONE',  ( 3.642919299551309100E-015, 0.0000000000000000000, -1.000000000000000000 ) ) ;
#2127 = CARTESIAN_POINT ( 'NONE',  ( -1.449999999999995700, 0.6000000000000000900, -1.449999999999993300 ) ) ;
#2128 = AXIS2_PLACEMENT_3D ( 'NONE', #852, #795, #1739 ) ;
#2129 = ORIENTED_EDGE ( 'NONE', *, *, #3695, .F. ) ;
#2130 = CARTESIAN_POINT ( 'NONE',  ( -0.7400569921222807100, 0.6000000000000000900, -0.3500000000000000300 ) ) ;
#2131 = ORIENTED_EDGE ( 'NONE', *, *, #3228, .F. ) ;
#2132 = COORDINATED_UNIVERSAL_TIME_OFFSET ( 1, 0, .AHEAD. ) ;
#2133 = CARTESIAN_POINT ( 'NONE',  ( -0.1999999999999999000, 0.5250000000000000200, -1.100000000000000800 ) ) ;
#2134 = DIRECTION ( 'NONE',  ( -1.000000000000000000, 0.0000000000000000000, -1.032573497605242300E-014 ) ) ;
#2136 = ORIENTED_EDGE ( 'NONE', *, *, #891, .F. ) ;
#2135 = ORIENTED_EDGE ( 'NONE', *, *, #1372, .F. ) ;
#2137 = ADVANCED_FACE ( 'NONE', ( #1613 ), #1168, .T. ) ;
#2138 = DIRECTION ( 'NONE',  ( 1.000000000000000000, 0.0000000000000000000, 1.032573497605242600E-014 ) ) ;
#2139 = LINE ( 'NONE', #1240, #1616 ) ;
#2140 = VERTEX_POINT ( 'NONE', #3810 ) ;
#2141 = PLANE ( 'NONE',  #1547 ) ;
#2142 = CARTESIAN_POINT ( 'NONE',  ( -1.400000000000000400, 0.6049999999999999800, -1.416690838714392700E-014 ) ) ;
#2143 = ORIENTED_EDGE ( 'NONE', *, *, #5461, .T. ) ;
#2144 = ADVANCED_FACE ( 'NONE', ( #2563 ), #5129, .F. ) ;
#2145 = LINE ( 'NONE', #3495, #765 ) ;
#2146 = FACE_OUTER_BOUND ( 'NONE', #1215, .T. ) ;
#2147 = EDGE_CURVE ( 'NONE', #5360, #2851, #845, .T. ) ;
#2148 = LINE ( 'NONE', #3412, #2006 ) ;
#2149 = CIRCLE ( 'NONE', #1698, 2.399999999999999500 ) ;
#2150 = DIRECTION ( 'NONE',  ( 1.055918637551109700E-014, 0.0000000000000000000, -1.000000000000000000 ) ) ;
#2151 = EDGE_CURVE ( 'NONE', #1096, #2611, #431, .T. ) ;
#2152 = CARTESIAN_POINT ( 'NONE',  ( -1.040056992122280400, 0.6000000000000000900, 2.147870572128981900E-016 ) ) ;
#2153 = DIRECTION ( 'NONE',  ( 1.548860246407861400E-016, 0.0000000000000000000, -1.000000000000000000 ) ) ;
#2154 = FACE_OUTER_BOUND ( 'NONE', #1079, .T. ) ;
#2155 = VECTOR ( 'NONE', #3104, 1000.000000000000000 ) ;
#2156 = DIRECTION ( 'NONE',  ( -0.0000000000000000000, -1.000000000000000000, -0.0000000000000000000 ) ) ;
#2157 = LINE ( 'NONE', #4334, #5254 ) ;
#2158 = ORIENTED_EDGE ( 'NONE', *, *, #5495, .T. ) ;
#2159 = CIRCLE ( 'NONE', #651, 0.02500000000000002900 ) ;
#2160 = AXIS2_PLACEMENT_3D ( 'NONE', #1812, #4810, #50 ) ;
#2161 = DIRECTION ( 'NONE',  ( 7.744301232039306800E-016, 0.0000000000000000000, -1.000000000000000000 ) ) ;
#2162 = DIRECTION ( 'NONE',  ( 0.0000000000000000000, 1.000000000000000000, -0.0000000000000000000 ) ) ;
#2163 = ORIENTED_EDGE ( 'NONE', *, *, #3390, .F. ) ;
#2164 = VECTOR ( 'NONE', #4005, 1000.000000000000000 ) ;
#2165 = ORIENTED_EDGE ( 'NONE', *, *, #2406, .T. ) ;
#2166 = ORIENTED_EDGE ( 'NONE', *, *, #4247, .F. ) ;
#2167 = VERTEX_POINT ( 'NONE', #2518 ) ;
#2168 = ADVANCED_FACE ( 'NONE', ( #1267, #3768, #297, #3112 ), #5496, .F. ) ;
#2169 = CARTESIAN_POINT ( 'NONE',  ( -0.3500000000000012500, 0.6049999999999999800, -1.400000000000000100 ) ) ;
#2170 = CARTESIAN_POINT ( 'NONE',  ( -1.400000000000003900, 0.6049999999999999800, 0.3499999999999865400 ) ) ;
#2171 = ORIENTED_EDGE ( 'NONE', *, *, #1783, .T. ) ;
#2172 = AXIS2_PLACEMENT_3D ( 'NONE', #3641, #2399, #2823 ) ;
#2173 = ORIENTED_EDGE ( 'NONE', *, *, #5236, .F. ) ;
#2174 = CARTESIAN_POINT ( 'NONE',  ( -1.399999999999999700, 0.0000000000000000000, -0.0000000000000000000 ) ) ;
#2175 = ORIENTED_EDGE ( 'NONE', *, *, #193, .T. ) ;
#2176 = ORIENTED_EDGE ( 'NONE', *, *, #121, .T. ) ;
#2177 = ADVANCED_FACE ( 'NONE', ( #2154 ), #4210, .T. ) ;
#2178 = CARTESIAN_POINT ( 'NONE',  ( 0.3000000000000063200, 0.5250000000000000200, 2.092981585146001200E-015 ) ) ;
#2179 = DIRECTION ( 'NONE',  ( 1.000000000000000000, -0.0000000000000000000, 0.0000000000000000000 ) ) ;
#2180 = EDGE_CURVE ( 'NONE', #1926, #1618, #4385, .T. ) ;
#2181 = VECTOR ( 'NONE', #4240, 1000.000000000000000 ) ;
#2182 = VERTEX_POINT ( 'NONE', #1696 ) ;
#2183 = PLANE ( 'NONE',  #4071 ) ;
#2184 = DIRECTION ( 'NONE',  ( 0.0000000000000000000, 1.000000000000000000, 0.0000000000000000000 ) ) ;
#2185 = EDGE_CURVE ( 'NONE', #1618, #2719, #633, .T. ) ;
#2186 = CARTESIAN_POINT ( 'NONE',  ( -1.399999999999999700, -0.02500000000000000100, 2.100000000000001000 ) ) ;
#2187 = EDGE_CURVE ( 'NONE', #1827, #2425, #3570, .T. ) ;
#2188 = LINE ( 'NONE', #1037, #5479 ) ;
#2189 = VECTOR ( 'NONE', #4418, 1000.000000000000000 ) ;
#2190 = DIRECTION ( 'NONE',  ( 7.228014483236698500E-016, 0.0000000000000000000, -1.000000000000000000 ) ) ;
#2191 = DIRECTION ( 'NONE',  ( -7.228014483236698300E-015, 0.0000000000000000000, 1.000000000000000000 ) ) ;
#2192 = CARTESIAN_POINT ( 'NONE',  ( 0.3500000000000035900, 0.6000000000000000900, -1.040056992122279300 ) ) ;
#2193 = VECTOR ( 'NONE', #4928, 1000.000000000000000 ) ;
#2194 = PLANE ( 'NONE',  #5555 ) ;
#2195 = CARTESIAN_POINT ( 'NONE',  ( 1.124999999999984500, 0.5250000000000000200, -0.2500000000000082700 ) ) ;
#2196 = CARTESIAN_POINT ( 'NONE',  ( -1.499999999999995600, 0.5250000000000000200, 0.2500000000000038900 ) ) ;
#2197 = ORIENTED_EDGE ( 'NONE', *, *, #941, .T. ) ;
#2198 = AXIS2_PLACEMENT_3D ( 'NONE', #1101, #4566, #3336 ) ;
#2199 = ORIENTED_EDGE ( 'NONE', *, *, #5240, .F. ) ;
#2200 = DIRECTION ( 'NONE',  ( 0.0000000000000000000, 0.0000000000000000000, 1.000000000000000000 ) ) ;
#2201 = CARTESIAN_POINT ( 'NONE',  ( 0.3000000000000090900, 0.6000000000000000900, -0.3000000000000051500 ) ) ;
#2202 = CARTESIAN_POINT ( 'NONE',  ( 1.900000000000000800, -0.02500000000000000100, -0.2999999999999986000 ) ) ;
#2203 = PERSON_AND_ORGANIZATION ( #5627, #2878 ) ;
#2204 = ADVANCED_FACE ( 'NONE', ( #3504 ), #2944, .F. ) ;
#2205 = AXIS2_PLACEMENT_3D ( 'NONE', #3001, #380, #728 ) ;
#2206 = ORIENTED_EDGE ( 'NONE', *, *, #3488, .T. ) ;
#2207 = DIRECTION ( 'NONE',  ( -1.000000000000000000, 0.0000000000000000000, -7.228014483236695200E-015 ) ) ;
#2208 = CARTESIAN_POINT ( 'NONE',  ( -0.1433075571673792800, 0.9535882113286511300, -0.6980480375071530500 ) ) ;
#2209 = PLANE ( 'NONE',  #1761 ) ;
#2210 = CARTESIAN_POINT ( 'NONE',  ( -0.3500000000000001400, 0.6000000000000000900, -3.604972223514306200E-015 ) ) ;
#2211 = ORIENTED_EDGE ( 'NONE', *, *, #1824, .F. ) ;
#2212 = EDGE_LOOP ( 'NONE', ( #1752, #3792, #5161, #3132 ) ) ;
#2213 = EDGE_LOOP ( 'NONE', ( #371, #1169, #1281, #2838 ) ) ;
#2214 = EDGE_CURVE ( 'NONE', #4396, #1625, #2363, .T. ) ;
#2215 = DIRECTION ( 'NONE',  ( -1.000000000000000000, 0.0000000000000000000, 8.340016711426957800E-017 ) ) ;
#2216 = CARTESIAN_POINT ( 'NONE',  ( 1.449999999999998400, 0.6000000000000000900, -1.449999999999990900 ) ) ;
#2217 = FACE_OUTER_BOUND ( 'NONE', #2040, .T. ) ;
#2218 = CARTESIAN_POINT ( 'NONE',  ( -0.6500000000000011300, 0.6049999999999999800, -0.3500000000000000300 ) ) ;
#2219 = VECTOR ( 'NONE', #897, 1000.000000000000000 ) ;
#2220 = FACE_OUTER_BOUND ( 'NONE', #2842, .T. ) ;
#2221 = DIRECTION ( 'NONE',  ( 4.336808689942019300E-015, 0.0000000000000000000, -1.000000000000000000 ) ) ;
#2222 = CARTESIAN_POINT ( 'NONE',  ( -0.2999999999999991000, -0.02500000000000000100, 2.450000000000001500 ) ) ;
#2223 = DIRECTION ( 'NONE',  ( 0.0000000000000000000, 1.000000000000000000, -0.0000000000000000000 ) ) ;
#2224 = LINE ( 'NONE', #4531, #1537 ) ;
#2225 = DIRECTION ( 'NONE',  ( -0.0000000000000000000, -1.000000000000000000, -0.0000000000000000000 ) ) ;
#2226 = LINE ( 'NONE', #821, #4380 ) ;
#2227 = B_SPLINE_CURVE_WITH_KNOTS ( 'NONE', 3,
 ( #1906, #548, #3607, #4036, #4480, #3159, #1849, #105, #4655, #5510, #149, #1032, #3595, #597, #3205, #1439, #2769, #582, #3655, #4470, #4024, #4911, #536, #3636, #5295, #997, #113, #1052, #4523, #4063, #1947 ),
 .UNSPECIFIED., .F., .F.,
 ( 4, 3, 3, 3, 3, 3, 3, 3, 3, 3, 4 ),
 ( 7.330094090646794200E-006, 8.986760928403322200E-006, 1.798132022160338700E-005, 2.683880100435792400E-005, 3.535817146350206400E-005, 4.354548792650356000E-005, 5.158434554761778100E-005, 5.971965450696609600E-005, 6.813682569987765200E-005, 7.688825194639613200E-005, 7.967434795122853600E-005 ),
 .UNSPECIFIED. ) ;
#2228 = EDGE_CURVE ( 'NONE', #1990, #3683, #165, .T. ) ;
#2229 = EDGE_CURVE ( 'NONE', #1556, #5456, #28, .T. ) ;
#2230 = VECTOR ( 'NONE', #1273, 1000.000000000000000 ) ;
#2231 = VERTEX_POINT ( 'NONE', #5231 ) ;
#2232 = PLANE ( 'NONE',  #248 ) ;
#2233 = VECTOR ( 'NONE', #4844, 1000.000000000000000 ) ;
#2234 = CARTESIAN_POINT ( 'NONE',  ( -0.2999999999999972100, -0.02500000000000000100, -2.323290369611770400E-016 ) ) ;
#2235 = ORIENTED_EDGE ( 'NONE', *, *, #592, .F. ) ;
#2236 = LINE ( 'NONE', #2352, #35 ) ;
#2237 = ORIENTED_EDGE ( 'NONE', *, *, #2147, .T. ) ;
#2238 = EDGE_LOOP ( 'NONE', ( #933, #309, #4302, #2552 ) ) ;
#2239 = CARTESIAN_POINT ( 'NONE',  ( -0.2500000000000000000, 0.5000000000000000000, -0.6250000000000005600 ) ) ;
#2241 = CARTESIAN_POINT ( 'NONE',  ( 0.2499999999999954500, 0.5000000000000000000, -0.2500000000000082700 ) ) ;
#2240 = CARTESIAN_POINT ( 'NONE',  ( 0.3000000000000090900, 0.6000000000000000900, -0.3000000000000051500 ) ) ;
#2242 = VERTEX_POINT ( 'NONE', #900 ) ;
#2243 = EDGE_LOOP ( 'NONE', ( #1106, #1393, #1951, #3720 ) ) ;
#2244 = ORIENTED_EDGE ( 'NONE', *, *, #5446, .F. ) ;
#2245 = ORIENTED_EDGE ( 'NONE', *, *, #2409, .T. ) ;
#2246 = DIRECTION ( 'NONE',  ( 0.0000000000000000000, 0.0000000000000000000, -1.000000000000000000 ) ) ;
#2247 = CARTESIAN_POINT ( 'NONE',  ( 1.900000000000000800, 0.0000000000000000000, 2.450000000000000600 ) ) ;
#2248 = ORIENTED_EDGE ( 'NONE', *, *, #1265, .F. ) ;
#2249 = CARTESIAN_POINT ( 'NONE',  ( -1.400000000000001200, 0.6049999999999999800, -1.399999999999999900 ) ) ;
#2250 = ORIENTED_EDGE ( 'NONE', *, *, #2727, .F. ) ;
#2251 = CARTESIAN_POINT ( 'NONE',  ( -0.6249999999999937800, 0.5250000000000000200, 0.1500000000000071000 ) ) ;
#2252 = CARTESIAN_POINT ( 'NONE',  ( 0.3728338114216074300, 0.5935937878056800600, -1.202493194997967600 ) ) ;
#2253 = CARTESIAN_POINT ( 'NONE',  ( 0.6249999999999845700, 0.5250000000000000200, -0.1500000000000082700 ) ) ;
#2254 = DIRECTION ( 'NONE',  ( 1.000000000000000000, -0.0000000000000000000, 0.0000000000000000000 ) ) ;
#2255 = VECTOR ( 'NONE', #2341, 1000.000000000000000 ) ;
#2257 = CARTESIAN_POINT ( 'NONE',  ( 0.3500000000000012500, 0.6049999999999999800, -0.3499999999999998700 ) ) ;
#2256 = DIRECTION ( 'NONE',  ( 0.0000000000000000000, 0.0000000000000000000, 1.000000000000000000 ) ) ;
#2258 = EDGE_LOOP ( 'NONE', ( #818, #4370 ) ) ;
#2259 = LINE ( 'NONE', #487, #1091 ) ;
#2260 = LINE ( 'NONE', #640, #804 ) ;
#2261 = EDGE_CURVE ( 'NONE', #865, #3577, #1542, .T. ) ;
#2262 = CARTESIAN_POINT ( 'NONE',  ( 1.400000000000001500, 0.6049999999999999800, -0.3499999999999963700 ) ) ;
#2263 = EDGE_CURVE ( 'NONE', #574, #1068, #1194, .T. ) ;
#2264 = ORIENTED_EDGE ( 'NONE', *, *, #1566, .T. ) ;
#2265 = EDGE_CURVE ( 'NONE', #3457, #2094, #1814, .T. ) ;
#2266 = APPLICATION_CONTEXT ( 'configuration controlled 3d designs of mechanical parts and assemblies' ) ;
#2267 = CARTESIAN_POINT ( 'NONE',  ( 0.2855209280113455400, 1.091523332599794200, -0.5583897293300249500 ) ) ;
#2268 = DIRECTION ( 'NONE',  ( 1.000000000000000000, 0.0000000000000000000, 1.032573497605242300E-014 ) ) ;
#2269 = CARTESIAN_POINT ( 'NONE',  ( 1.400000000000001200, 0.6049999999999999800, 9.830099697201915300E-015 ) ) ;
#2270 = VERTEX_POINT ( 'NONE', #864 ) ;
#2271 = CARTESIAN_POINT ( 'NONE',  ( 0.3000000000000008200, -0.02500000000000000100, 2.450000000000001500 ) ) ;
#2273 = CARTESIAN_POINT ( 'NONE',  ( -0.2500000000000000000, 0.5000000000000000000, -0.6250000000000005600 ) ) ;
#2272 = DIRECTION ( 'NONE',  ( -2.844946500601976900E-014, 0.0000000000000000000, 1.000000000000000000 ) ) ;
#2274 = VERTEX_POINT ( 'NONE', #23 ) ;
#2275 = AXIS2_PLACEMENT_3D ( 'NONE', #3258, #637, #1093 ) ;
#2276 = PERSON_AND_ORGANIZATION ( #5627, #2878 ) ;
#2277 = CARTESIAN_POINT ( 'NONE',  ( -1.399999999999998600, 0.6049999999999999800, -1.619075244245018800E-014 ) ) ;
#2278 = CARTESIAN_POINT ( 'NONE',  ( -0.1500000000000002700, 0.5249999999999999100, -0.6500000000000006900 ) ) ;
#2279 = EDGE_LOOP ( 'NONE', ( #3848, #3521, #3418, #5457 ) ) ;
#2280 = APPROVAL ( #3190, 'UNSPECIFIED' ) ;
#2281 = VECTOR ( 'NONE', #1191, 1000.000000000000000 ) ;
#2282 = AXIS2_PLACEMENT_3D ( 'NONE', #3443, #3864, #1749 ) ;
#2283 = FACE_OUTER_BOUND ( 'NONE', #3404, .T. ) ;
#2284 = EDGE_LOOP ( 'NONE', ( #901, #575, #3223, #4935 ) ) ;
#2285 = VERTEX_POINT ( 'NONE', #3877 ) ;
#2286 = SECURITY_CLASSIFICATION_LEVEL ( 'unclassified' ) ;
#2287 = CARTESIAN_POINT ( 'NONE',  ( 0.2649964914990700100, 1.006899971493698800, -0.5789593566461054300 ) ) ;
#2288 = DIRECTION ( 'NONE',  ( -0.0000000000000000000, -1.000000000000000000, -0.0000000000000000000 ) ) ;
#2289 = FACE_OUTER_BOUND ( 'NONE', #2373, .T. ) ;
#2290 = LINE ( 'NONE', #4198, #3026 ) ;
#2291 = EDGE_CURVE ( 'NONE', #4951, #801, #4450, .T. ) ;
#2292 = FACE_OUTER_BOUND ( 'NONE', #3379, .T. ) ;
#2293 = LINE ( 'NONE', #319, #5581 ) ;
#2294 = CARTESIAN_POINT ( 'NONE',  ( -0.2499999999999997200, 0.5250000000000000200, -0.2500000000000000600 ) ) ;
#2295 = VECTOR ( 'NONE', #2735, 1000.000000000000000 ) ;
#2296 = EDGE_CURVE ( 'NONE', #1885, #3350, #4847, .T. ) ;
#2297 = CARTESIAN_POINT ( 'NONE',  ( -1.931851143701444800E-015, -0.02500000000000000100, 2.450000000000002000 ) ) ;
#2298 = CARTESIAN_POINT ( 'NONE',  ( 1.399999999999991500, 0.6049999999999999800, 1.400000000000009700 ) ) ;
#2299 = VECTOR ( 'NONE', #5505, 1000.000000000000000 ) ;
#2300 = ORIENTED_EDGE ( 'NONE', *, *, #4500, .T. ) ;
#2301 = FACE_OUTER_BOUND ( 'NONE', #3259, .T. ) ;
#2302 = EDGE_CURVE ( 'NONE', #5200, #5380, #96, .T. ) ;
#2303 = APPLICATION_CONTEXT ( 'configuration controlled 3d designs of mechanical parts and assemblies' ) ;
#2304 = ORIENTED_EDGE ( 'NONE', *, *, #4045, .F. ) ;
#2305 = DIRECTION ( 'NONE',  ( 1.000000000000000000, 0.0000000000000000000, 0.0000000000000000000 ) ) ;
#2306 = FACE_OUTER_BOUND ( 'NONE', #1512, .T. ) ;
#2307 = ORIENTED_EDGE ( 'NONE', *, *, #3458, .T. ) ;
#2308 = CARTESIAN_POINT ( 'NONE',  ( -1.899999999999999200, 0.0000000000000000000, 2.450000000000000600 ) ) ;
#2309 = DIRECTION ( 'NONE',  ( -0.0000000000000000000, -1.000000000000000000, -0.0000000000000000000 ) ) ;
#2310 = VERTEX_POINT ( 'NONE', #1305 ) ;
#2311 = CARTESIAN_POINT ( 'NONE',  ( -0.009066261709600637700, 0.4938525753565956000, 0.0000000000000000000 ) ) ;
#2312 = AXIS2_PLACEMENT_3D ( 'NONE', #4388, #3539, #3055 ) ;
#2313 = CARTESIAN_POINT ( 'NONE',  ( 1.400000000000000400, 0.6000000000000000900, 4.047688110612550900E-015 ) ) ;
#2314 = ORIENTED_EDGE ( 'NONE', *, *, #940, .T. ) ;
#2316 = CARTESIAN_POINT ( 'NONE',  ( 1.400000000000000100, -0.02500000000000000100, -2.100000000000000100 ) ) ;
#2315 = CARTESIAN_POINT ( 'NONE',  ( 0.2500000000000060500, 0.5250000000000000200, 1.124999999999969800 ) ) ;
#2317 = ORIENTED_EDGE ( 'NONE', *, *, #1598, .T. ) ;
#2318 = ORIENTED_EDGE ( 'NONE', *, *, #625, .T. ) ;
#2319 = AXIS2_PLACEMENT_3D ( 'NONE', #3198, #2779, #4070 ) ;
#2320 = AXIS2_PLACEMENT_3D ( 'NONE', #1746, #5553, #4763 ) ;
#2321 = CARTESIAN_POINT ( 'NONE',  ( 2.600000000000000100, 0.5000000000000000000, 2.599999999999999600 ) ) ;
#2322 = DIRECTION ( 'NONE',  ( -1.000000000000000000, 0.0000000000000000000, -3.942553354492742100E-016 ) ) ;
#2323 = FACE_OUTER_BOUND ( 'NONE', #2002, .T. ) ;
#2324 = EDGE_LOOP ( 'NONE', ( #4537, #4651, #4667, #4162 ) ) ;
#2325 = LINE ( 'NONE', #1735, #2852 ) ;
#2326 = EDGE_CURVE ( 'NONE', #470, #4110, #4519, .T. ) ;
#2327 = DIRECTION ( 'NONE',  ( 0.0000000000000000000, 0.0000000000000000000, 1.000000000000000000 ) ) ;
#2328 = DIRECTION ( 'NONE',  ( 0.0000000000000000000, 0.0000000000000000000, -1.000000000000000000 ) ) ;
#2329 = VECTOR ( 'NONE', #5391, 1000.000000000000000 ) ;
#2330 = CARTESIAN_POINT ( 'NONE',  ( 0.2499999999999958900, 0.5000000000000000000, 0.2500000000000028300 ) ) ;
#2331 = VECTOR ( 'NONE', #1337, 1000.000000000000000 ) ;
#2332 = DIRECTION ( 'NONE',  ( -1.000000000000000000, 0.0000000000000000000, -7.047314121155778800E-015 ) ) ;
#2333 = PLANE ( 'NONE',  #1975 ) ;
#2334 = ORIENTED_EDGE ( 'NONE', *, *, #4957, .T. ) ;
#2335 = CARTESIAN_POINT ( 'NONE',  ( 0.7400569921222807100, 0.6000000000000000900, 5.043477362767259500E-015 ) ) ;
#2336 = DIRECTION ( 'NONE',  ( -0.0000000000000000000, -1.000000000000000000, -0.0000000000000000000 ) ) ;
#2337 = EDGE_CURVE ( 'NONE', #1829, #444, #3701, .T. ) ;
#2338 = PLANE ( 'NONE',  #3788 ) ;
#2339 = VERTEX_POINT ( 'NONE', #4343 ) ;
#2340 = DIRECTION ( 'NONE',  ( 0.0000000000000000000, 0.0000000000000000000, 1.000000000000000000 ) ) ;
#2341 = DIRECTION ( 'NONE',  ( 4.336808689942016900E-015, 0.0000000000000000000, -1.000000000000000000 ) ) ;
#2343 = ORIENTED_EDGE ( 'NONE', *, *, #4092, .T. ) ;
#2342 = FACE_OUTER_BOUND ( 'NONE', #544, .T. ) ;
#2344 = CARTESIAN_POINT ( 'NONE',  ( 1.400000000000000800, 0.6049999999999999800, 4.047688110612554900E-015 ) ) ;
#2345 = ADVANCED_FACE ( 'NONE', ( #4106 ), #4787, .T. ) ;
#2346 = CALENDAR_DATE ( 2019, 28, 10 ) ;
#2347 = PLANE ( 'NONE',  #38 ) ;
#2348 = AXIS2_PLACEMENT_3D ( 'NONE', #1964, #1530, #4554 ) ;
#2349 = VERTEX_POINT ( 'NONE', #817 ) ;
#2350 = ORIENTED_EDGE ( 'NONE', *, *, #1923, .F. ) ;
#2351 = LINE ( 'NONE', #1154, #4697 ) ;
#2352 = CARTESIAN_POINT ( 'NONE',  ( -1.124999999999994200, 0.5250000000000000200, 0.2500000000000053300 ) ) ;
#2353 = LINE ( 'NONE', #2178, #4512 ) ;
#2354 = FACE_OUTER_BOUND ( 'NONE', #1302, .T. ) ;
#2355 = PLANE ( 'NONE',  #3499 ) ;
#2356 = FACE_OUTER_BOUND ( 'NONE', #4711, .T. ) ;
#2357 = DIRECTION ( 'NONE',  ( -1.000000000000000000, 0.0000000000000000000, 6.938893903907224400E-016 ) ) ;
#2358 = FACE_OUTER_BOUND ( 'NONE', #4461, .T. ) ;
#2359 = CARTESIAN_POINT ( 'NONE',  ( -3.632077277826450900E-015, 0.6000000000000000900, 0.3500000000000010900 ) ) ;
#2360 = PLANE ( 'NONE',  #685 ) ;
#2361 = DIRECTION ( 'NONE',  ( -1.000000000000000000, 0.0000000000000000000, 0.0000000000000000000 ) ) ;
#2362 = EDGE_CURVE ( 'NONE', #4689, #584, #2962, .T. ) ;
#2363 = LINE ( 'NONE', #5629, #1124 ) ;
#2364 = ORIENTED_EDGE ( 'NONE', *, *, #1745, .T. ) ;
#2365 = LINE ( 'NONE', #4639, #30 ) ;
#2366 = DIRECTION ( 'NONE',  ( -1.000000000000000000, 0.0000000000000000000, 1.734723475976804900E-016 ) ) ;
#2367 = EDGE_CURVE ( 'NONE', #3585, #402, #4980, .T. ) ;
#2368 = ORIENTED_EDGE ( 'NONE', *, *, #3948, .F. ) ;
#2369 = LINE ( 'NONE', #2683, #4254 ) ;
#2370 = VERTEX_POINT ( 'NONE', #5202 ) ;
#2371 = VERTEX_POINT ( 'NONE', #3019 ) ;
#2372 = EDGE_CURVE ( 'NONE', #1099, #2478, #1674, .T. ) ;
#2373 = EDGE_LOOP ( 'NONE', ( #2001, #5232, #4261, #854 ) ) ;
#2374 = CARTESIAN_POINT ( 'NONE',  ( -2.375090593447391400, 0.5000000000000000000, 2.897552781341955700E-016 ) ) ;
#2375 = CARTESIAN_POINT ( 'NONE',  ( -0.3000000000000112600, 0.6000000000000000900, 0.3000000000000030400 ) ) ;
#2376 = ORIENTED_EDGE ( 'NONE', *, *, #3094, .F. ) ;
#2377 = ADVANCED_FACE ( 'NONE', ( #3444 ), #2194, .F. ) ;
#2378 = ORIENTED_EDGE ( 'NONE', *, *, #5245, .F. ) ;
#2379 = ORIENTED_EDGE ( 'NONE', *, *, #2151, .T. ) ;
#2380 = VERTEX_POINT ( 'NONE', #4824 ) ;
#2381 = PLANE ( 'NONE',  #4039 ) ;
#2382 = CARTESIAN_POINT ( 'NONE',  ( -1.899999999999999200, -0.02500000000000000100, 0.3000000000000012100 ) ) ;
#2383 = DIRECTION ( 'NONE',  ( 7.228014483236688700E-016, 0.0000000000000000000, 1.000000000000000000 ) ) ;
#2384 = CARTESIAN_POINT ( 'NONE',  ( -0.2499999999999954500, 0.5000000000000000000, 0.2500000000000084400 ) ) ;
#2385 = AXIS2_PLACEMENT_3D ( 'NONE', #2993, #1206, #370 ) ;
#2386 = CARTESIAN_POINT ( 'NONE',  ( 0.2500000000000058800, 0.5250000000000000200, 1.500000000000005800 ) ) ;
#2387 = ORIENTED_EDGE ( 'NONE', *, *, #5570, .T. ) ;
#2388 = LINE ( 'NONE', #4116, #1639 ) ;
#2389 = AXIS2_PLACEMENT_3D ( 'NONE', #1718, #2578, #4701 ) ;
#2390 = ORIENTED_EDGE ( 'NONE', *, *, #3271, .T. ) ;
#2391 = DIRECTION ( 'NONE',  ( -7.228014483236689700E-016, 0.0000000000000000000, -1.000000000000000000 ) ) ;
#2392 = LINE ( 'NONE', #45, #4348 ) ;
#2393 = CARTESIAN_POINT ( 'NONE',  ( 1.900000000000000800, -0.02500000000000000100, -0.2999999999999986000 ) ) ;
#2394 = CARTESIAN_POINT ( 'NONE',  ( 0.2855209280113455400, 1.091523332599794200, -0.5583897293300249500 ) ) ;
#2395 = LINE ( 'NONE', #5375, #5347 ) ;
#2396 = EDGE_CURVE ( 'NONE', #47, #1416, #3378, .T. ) ;
#2397 = CARTESIAN_POINT ( 'NONE',  ( 0.6499999999999915800, 0.6000000000000000900, 1.400000000000005000 ) ) ;
#2398 = DIRECTION ( 'NONE',  ( 1.000000000000000000, -0.0000000000000000000, 0.0000000000000000000 ) ) ;
#2399 = DIRECTION ( 'NONE',  ( -1.000000000000000000, 0.0000000000000000000, 0.0000000000000000000 ) ) ;
#2400 =( BOUNDED_SURFACE ( )  B_SPLINE_SURFACE ( 3, 3, ( 
 ( #2708, #4852, #4467, #4889 ),
 ( #2278, #5314, #2741, #1014 ),
 ( #5281, #4486, #90, #4906 ),
 ( #5335, #146, #671, #4095 ),
 ( #3292, #2800, #1982, #2853 ),
 ( #5000, #2423, #653, #182 ),
 ( #1999, #1501, #631, #3216 ) ),
 .UNSPECIFIED., .T., .F., .F. ) 
 B_SPLINE_SURFACE_WITH_KNOTS ( ( 4, 3, 4 ),
 ( 4, 4 ),
 ( 0.0000000000000000000, 0.5000000000000000000, 1.000000000000000000 ),
 ( 0.0000000000000000000, 1.000000000000000000 ),
 .UNSPECIFIED. ) 
 GEOMETRIC_REPRESENTATION_ITEM ( )  RATIONAL_B_SPLINE_SURFACE ( (
 ( 1.000000000000000000, 0.4269957486570998300, 0.4269957486570998300, 1.000000000000000000),
 ( 0.3333333333333333700, 0.1423319162190332900, 0.1423319162190332900, 0.3333333333333333700),
 ( 0.3333333333333333700, 0.1423319162190332900, 0.1423319162190332900, 0.3333333333333333700),
 ( 1.000000000000000000, 0.4269957486570998300, 0.4269957486570998300, 1.000000000000000000),
 ( 0.3333333333333333700, 0.1423319162190332900, 0.1423319162190332900, 0.3333333333333333700),
 ( 0.3333333333333333700, 0.1423319162190332900, 0.1423319162190332900, 0.3333333333333333700),
 ( 1.000000000000000000, 0.4269957486570998300, 0.4269957486570998300, 1.000000000000000000) ) ) 
 REPRESENTATION_ITEM ( '' )  SURFACE ( )  );
#2401 = CARTESIAN_POINT ( 'NONE',  ( -1.399999999999999700, -0.02500000000000000100, -2.449999999999999700 ) ) ;
#2402 = ADVANCED_FACE ( 'NONE', ( #1059 ), #2805, .T. ) ;
#2403 = DIRECTION ( 'NONE',  ( 2.065146995210484200E-016, 0.0000000000000000000, 1.000000000000000000 ) ) ;
#2404 = EDGE_CURVE ( 'NONE', #2882, #649, #3031, .T. ) ;
#2405 = ORIENTED_EDGE ( 'NONE', *, *, #4809, .F. ) ;
#2406 = EDGE_CURVE ( 'NONE', #4539, #202, #3833, .T. ) ;
#2407 = CARTESIAN_POINT ( 'NONE',  ( -0.3500000000000109100, 0.6049999999999999800, 1.040056992122276900 ) ) ;
#2408 = ORIENTED_EDGE ( 'NONE', *, *, #5180, .F. ) ;
#2409 = EDGE_CURVE ( 'NONE', #5092, #3355, #5311, .T. ) ;
#2410 = ORIENTED_EDGE ( 'NONE', *, *, #4779, .F. ) ;
#2411 = DIRECTION ( 'NONE',  ( 1.000000000000000000, -0.0000000000000000000, 2.844946500601976900E-014 ) ) ;
#2412 = CARTESIAN_POINT ( 'NONE',  ( 0.4001984673985626300, 0.6046978970260263900, -0.4999421136754203000 ) ) ;
#2413 = CIRCLE ( 'NONE', #4412, 0.2500000000000002200 ) ;
#2414 = DIRECTION ( 'NONE',  ( 1.734723475976807100E-016, -0.0000000000000000000, 1.000000000000000000 ) ) ;
#2415 = CARTESIAN_POINT ( 'NONE',  ( 3.436592915406369800E-015, 0.6049999999999999800, -1.040056992122280200 ) ) ;
#2416 = FACE_OUTER_BOUND ( 'NONE', #2903, .T. ) ;
#2417 = EDGE_LOOP ( 'NONE', ( #5293, #418, #4862, #3974 ) ) ;
#2418 = VERTEX_POINT ( 'NONE', #527 ) ;
#2419 = CARTESIAN_POINT ( 'NONE',  ( -0.3000000000000112600, 0.5250000000000000200, 0.3000000000000030400 ) ) ;
#2420 = LINE ( 'NONE', #1957, #4305 ) ;
#2421 = FACE_OUTER_BOUND ( 'NONE', #5459, .T. ) ;
#2422 = VECTOR ( 'NONE', #2322, 1000.000000000000000 ) ;
#2423 = CARTESIAN_POINT ( 'NONE',  ( -0.2433075571673790900, 1.080344648754224300, -0.6480480375071529000 ) ) ;
#2424 = VECTOR ( 'NONE', #455, 1000.000000000000000 ) ;
#2425 = VERTEX_POINT ( 'NONE', #2732 ) ;
#2426 = ADVANCED_FACE ( 'NONE', ( #2085 ), #1861, .F. ) ;
#2427 = VECTOR ( 'NONE', #1813, 1000.000000000000000 ) ;
#2428 = CARTESIAN_POINT ( 'NONE',  ( 1.900000000000000800, -0.02500000000000000100, -0.2999999999999986000 ) ) ;
#2429 = ORIENTED_EDGE ( 'NONE', *, *, #4999, .T. ) ;
#2430 = PLANE ( 'NONE',  #1216 ) ;
#2431 = CARTESIAN_POINT ( 'NONE',  ( 0.0000000000000000000, -0.02500000000000000100, 0.0000000000000000000 ) ) ;
#2432 = LINE ( 'NONE', #219, #1821 ) ;
#2433 = ORIENTED_EDGE ( 'NONE', *, *, #2542, .T. ) ;
#2434 = CARTESIAN_POINT ( 'NONE',  ( -0.2999999999999972100, 0.0000000000000000000, -2.323290369611770400E-016 ) ) ;
#2435 = LINE ( 'NONE', #3433, #5516 ) ;
#2436 = DIRECTION ( 'NONE',  ( 0.0000000000000000000, 0.0000000000000000000, 1.000000000000000000 ) ) ;
#2437 = DIRECTION ( 'NONE',  ( 0.2670722855255386900, -0.9605230838007321500, -0.07789608327828116700 ) ) ;
#2438 = ORIENTED_EDGE ( 'NONE', *, *, #5017, .F. ) ;
#2439 = LINE ( 'NONE', #3009, #4185 ) ;
#2440 = ORIENTED_EDGE ( 'NONE', *, *, #4498, .T. ) ;
#2441 = ORIENTED_EDGE ( 'NONE', *, *, #1669, .F. ) ;
#2442 = EDGE_CURVE ( 'NONE', #2611, #402, #2495, .T. ) ;
#2443 = EDGE_CURVE ( 'NONE', #5395, #4838, #4710, .T. ) ;
#2444 = EDGE_CURVE ( 'NONE', #5120, #4122, #2825, .T. ) ;
#2445 = VERTEX_POINT ( 'NONE', #1443 ) ;
#2446 = DIRECTION ( 'NONE',  ( -0.9999939490354760000, 0.003478777433787410200, 0.0000000000000000000 ) ) ;
#2447 = DIRECTION ( 'NONE',  ( 0.0000000000000000000, 0.0000000000000000000, -1.000000000000000000 ) ) ;
#2448 = ORIENTED_EDGE ( 'NONE', *, *, #3081, .F. ) ;
#2449 = VERTEX_POINT ( 'NONE', #2330 ) ;
#2450 = CARTESIAN_POINT ( 'NONE',  ( 0.0000000000000000000, 0.6049999999999999800, 0.0000000000000000000 ) ) ;
#2451 = PLANE ( 'NONE',  #3108 ) ;
#2452 = DIRECTION ( 'NONE',  ( 2.017120320903264200E-016, 0.0000000000000000000, 1.000000000000000000 ) ) ;
#2453 = VECTOR ( 'NONE', #1318, 1000.000000000000000 ) ;
#2454 = CARTESIAN_POINT ( 'NONE',  ( -1.449999999999995700, 0.6000000000000000900, -1.449999999999993300 ) ) ;
#2455 = EDGE_LOOP ( 'NONE', ( #3394, #3319, #1664, #1030 ) ) ;
#2456 = LINE ( 'NONE', #5004, #1705 ) ;
#2457 = AXIS2_PLACEMENT_3D ( 'NONE', #5334, #3632, #610 ) ;
#2458 = DIRECTION ( 'NONE',  ( -5.782411586589356500E-015, 0.0000000000000000000, 1.000000000000000000 ) ) ;
#2459 = ADVANCED_FACE ( 'NONE', ( #360 ), #5326, .F. ) ;
#2460 = CARTESIAN_POINT ( 'NONE',  ( -0.3500000000000146300, 0.6049999999999999800, 1.399999999999997500 ) ) ;
#2461 = LINE ( 'NONE', #4103, #1295 ) ;
#2462 = LINE ( 'NONE', #3797, #395 ) ;
#2463 = AXIS2_PLACEMENT_3D ( 'NONE', #5083, #5507, #5044 ) ;
#2464 = VERTEX_POINT ( 'NONE', #489 ) ;
#2465 = EDGE_CURVE ( 'NONE', #4605, #1233, #1261, .T. ) ;
#2466 = CARTESIAN_POINT ( 'NONE',  ( 0.2440260068510791400, 0.9823273393652588400, -1.214924251998230800 ) ) ;
#2467 = CARTESIAN_POINT ( 'NONE',  ( 0.0000000000000000000, -0.02500000000000000100, 0.0000000000000000000 ) ) ;
#2468 = DIRECTION ( 'NONE',  ( -0.0000000000000000000, -1.000000000000000000, -0.0000000000000000000 ) ) ;
#2469 = CARTESIAN_POINT ( 'NONE',  ( -2.403314815676204800E-015, 0.6000000000000000900, 0.3500000000000002000 ) ) ;
#2470 = DIRECTION ( 'NONE',  ( 1.000000000000000000, -0.0000000000000000000, 0.0000000000000000000 ) ) ;
#2471 = VERTEX_POINT ( 'NONE', #3195 ) ;
#2472 = CARTESIAN_POINT ( 'NONE',  ( -8.095376221225108200E-015, 0.6049999999999999800, 1.400000000000001500 ) ) ;
#2473 = VERTEX_POINT ( 'NONE', #564 ) ;
#2474 = EDGE_CURVE ( 'NONE', #4186, #3683, #3105, .T. ) ;
#2475 = DIRECTION ( 'NONE',  ( 1.000000000000000000, 0.0000000000000000000, 7.047314121155778800E-015 ) ) ;
#2476 = EDGE_CURVE ( 'NONE', #1432, #4783, #1877, .T. ) ;
#2478 = VERTEX_POINT ( 'NONE', #5378 ) ;
#2477 = VERTEX_POINT ( 'NONE', #3618 ) ;
#2479 = VERTEX_POINT ( 'NONE', #189 ) ;
#2480 = VERTEX_POINT ( 'NONE', #1022 ) ;
#2481 = LINE ( 'NONE', #4736, #3826 ) ;
#2482 = DIRECTION ( 'NONE',  ( 1.224639388853017000E-016, -4.260273649233804600E-019, -1.000000000000000000 ) ) ;
#2483 = PLANE ( 'NONE',  #1939 ) ;
#2484 = VECTOR ( 'NONE', #4714, 1000.000000000000000 ) ;
#2485 = CARTESIAN_POINT ( 'NONE',  ( -1.899999999999999200, -0.02500000000000000100, -0.2999999999999986000 ) ) ;
#2486 = LINE ( 'NONE', #2902, #2617 ) ;
#2487 = DIRECTION ( 'NONE',  ( -0.0000000000000000000, -1.000000000000000000, -0.0000000000000000000 ) ) ;
#2488 = CARTESIAN_POINT ( 'NONE',  ( 1.399999999999998800, 0.6000000000000000900, 0.3500000000000098000 ) ) ;
#2489 = LINE ( 'NONE', #4542, #2904 ) ;
#2490 = VECTOR ( 'NONE', #3997, 1000.000000000000000 ) ;
#2491 = CARTESIAN_POINT ( 'NONE',  ( 0.3787107675030724800, 0.6050000000000928000, -0.5148390765455623800 ) ) ;
#2492 = AXIS2_PLACEMENT_3D ( 'NONE', #4728, #358, #2150 ) ;
#2493 = AXIS2_PLACEMENT_3D ( 'NONE', #659, #1128, #3359 ) ;
#2494 = CARTESIAN_POINT ( 'NONE',  ( -0.3500000000000000300, 0.6049999999999999800, -3.668217350242624400E-015 ) ) ;
#2495 = LINE ( 'NONE', #3121, #1332 ) ;
#2496 = ORIENTED_EDGE ( 'NONE', *, *, #6, .T. ) ;
#2497 = VECTOR ( 'NONE', #965, 1000.000000000000000 ) ;
#2498 = DIRECTION ( 'NONE',  ( 6.866613759074860900E-015, 0.0000000000000000000, -1.000000000000000000 ) ) ;
#2499 = EDGE_CURVE ( 'NONE', #3549, #678, #3637, .T. ) ;
#2500 = EDGE_LOOP ( 'NONE', ( #796, #1480 ) ) ;
#2501 = VECTOR ( 'NONE', #407, 1000.000000000000000 ) ;
#2502 = ORIENTED_EDGE ( 'NONE', *, *, #3948, .T. ) ;
#2503 = EDGE_LOOP ( 'NONE', ( #2803, #5598, #5385, #4359 ) ) ;
#2504 = ORIENTED_EDGE ( 'NONE', *, *, #2465, .T. ) ;
#2505 = CARTESIAN_POINT ( 'NONE',  ( -0.1935534813419279000, 1.006019104030001700, -1.101880234608605000 ) ) ;
#2506 = CARTESIAN_POINT ( 'NONE',  ( -2.399999999999999500, -0.02500000000000000100, 4.841088770167832500E-016 ) ) ;
#2507 = DIRECTION ( 'NONE',  ( 1.000000000000000000, 0.0000000000000000000, 0.0000000000000000000 ) ) ;
#2508 = ORIENTED_EDGE ( 'NONE', *, *, #1781, .T. ) ;
#2509 = DIRECTION ( 'NONE',  ( -1.000000000000000000, 0.0000000000000000000, 7.228014483236689700E-016 ) ) ;
#2510 = ORIENTED_EDGE ( 'NONE', *, *, #935, .F. ) ;
#2511 = ORIENTED_EDGE ( 'NONE', *, *, #2975, .F. ) ;
#2512 = EDGE_LOOP ( 'NONE', ( #276, #4630, #1455, #5500 ) ) ;
#2513 = ADVANCED_FACE ( 'NONE', ( #2356 ), #2360, .T. ) ;
#2514 = ADVANCED_FACE ( 'NONE', ( #627 ), #5416, .T. ) ;
#2515 = CARTESIAN_POINT ( 'NONE',  ( -1.449999999999996400, 0.5250000000000000200, 0.2999999999999910500 ) ) ;
#2516 = CARTESIAN_POINT ( 'NONE',  ( -1.449999999999995700, 0.6000000000000000900, -1.449999999999993300 ) ) ;
#2517 = EDGE_CURVE ( 'NONE', #2585, #3487, #215, .T. ) ;
#2518 = CARTESIAN_POINT ( 'NONE',  ( 0.3000000000000007700, -0.02500000000000000100, 2.100000000000000500 ) ) ;
#2519 = EDGE_CURVE ( 'NONE', #375, #3252, #2820, .T. ) ;
#2520 = VERTEX_POINT ( 'NONE', #1905 ) ;
#2521 = ADVANCED_FACE ( 'NONE', ( #2421 ), #4917, .F. ) ;
#2522 = CARTESIAN_POINT ( 'NONE',  ( -8.696943585078737400E-005, 3.075000151274112500, 0.0000000000000000000 ) ) ;
#2523 = LINE ( 'NONE', #3640, #3337 ) ;
#2524 = FACE_OUTER_BOUND ( 'NONE', #2238, .T. ) ;
#2525 = DIRECTION ( 'NONE',  ( 0.0000000000000000000, 0.0000000000000000000, 1.000000000000000000 ) ) ;
#2526 = CARTESIAN_POINT ( 'NONE',  ( 0.1500000000000060700, 0.5000000000000000000, 0.6249999999999698000 ) ) ;
#2527 = PLANE ( 'NONE',  #139 ) ;
#2528 = AXIS2_PLACEMENT_3D ( 'NONE', #72, #1838, #448 ) ;
#2529 = VECTOR ( 'NONE', #2391, 1000.000000000000000 ) ;
#2530 = AXIS2_PLACEMENT_3D ( 'NONE', #4632, #2044, #5062 ) ;
#2531 = DIRECTION ( 'NONE',  ( 0.0000000000000000000, -1.000000000000000000, 0.0000000000000000000 ) ) ;
#2532 = ORIENTED_EDGE ( 'NONE', *, *, #783, .F. ) ;
#2533 = DIRECTION ( 'NONE',  ( 0.0000000000000000000, -0.0000000000000000000, 1.000000000000000000 ) ) ;
#2534 = ORIENTED_EDGE ( 'NONE', *, *, #5145, .F. ) ;
#2535 = ADVANCED_FACE ( 'NONE', ( #292, #4646, #4379, #2955 ), #1917, .F. ) ;
#2537 = ORIENTED_EDGE ( 'NONE', *, *, #4820, .F. ) ;
#2536 = VERTEX_POINT ( 'NONE', #4104 ) ;
#2538 = PLANE ( 'NONE',  #4754 ) ;
#2539 = CARTESIAN_POINT ( 'NONE',  ( 0.2500000000000060500, 0.5250000000000000200, 0.6249999999999698000 ) ) ;
#2540 = VECTOR ( 'NONE', #466, 1000.000000000000000 ) ;
#2541 = ADVANCED_FACE ( 'NONE', ( #1668 ), #2791, .F. ) ;
#2542 = EDGE_CURVE ( 'NONE', #5262, #869, #3827, .T. ) ;
#2543 = ORIENTED_EDGE ( 'NONE', *, *, #89, .T. ) ;
#2544 = EDGE_CURVE ( 'NONE', #4732, #2242, #4514, .T. ) ;
#2545 = DIRECTION ( 'NONE',  ( -1.000000000000000000, 0.0000000000000000000, 6.938893903907224400E-016 ) ) ;
#2546 = EDGE_CURVE ( 'NONE', #607, #2644, #2224, .T. ) ;
#2547 = DIRECTION ( 'NONE',  ( 0.0000000000000000000, 1.000000000000000000, -0.0000000000000000000 ) ) ;
#2548 = VECTOR ( 'NONE', #703, 1000.000000000000000 ) ;
#2549 = CARTESIAN_POINT ( 'NONE',  ( 1.900000000000000800, -0.02500000000000000100, -2.449999999999999700 ) ) ;
#2550 = CIRCLE ( 'NONE', #5221, 0.02499999999999996700 ) ;
#2551 = ORIENTED_EDGE ( 'NONE', *, *, #476, .F. ) ;
#2552 = ORIENTED_EDGE ( 'NONE', *, *, #2061, .F. ) ;
#2553 = CARTESIAN_POINT ( 'NONE',  ( -2.600000000000000100, 0.0000000000000000000, 2.600000000000000100 ) ) ;
#2554 = VECTOR ( 'NONE', #719, 1000.000000000000000 ) ;
#2555 = LINE ( 'NONE', #2835, #5244 ) ;
#2556 = DIRECTION ( 'NONE',  ( 3.071906155375597300E-015, 0.0000000000000000000, -1.000000000000000000 ) ) ;
#2557 = CARTESIAN_POINT ( 'NONE',  ( 0.3874177936672688100, 0.6050000000000086400, -0.4783692556780718700 ) ) ;
#2558 = VECTOR ( 'NONE', #2643, 1000.000000000000000 ) ;
#2559 = ORIENTED_EDGE ( 'NONE', *, *, #2674, .T. ) ;
#2560 = VECTOR ( 'NONE', #5273, 1000.000000000000000 ) ;
#2561 = ORIENTED_EDGE ( 'NONE', *, *, #3903, .F. ) ;
#2562 = ADVANCED_FACE ( 'NONE', ( #3502 ), #1952, .T. ) ;
#2563 = FACE_OUTER_BOUND ( 'NONE', #1722, .T. ) ;
#2564 = ORIENTED_EDGE ( 'NONE', *, *, #4426, .T. ) ;
#2565 = ORIENTED_EDGE ( 'NONE', *, *, #557, .T. ) ;
#2566 = LINE ( 'NONE', #753, #4462 ) ;
#2567 = ORIENTED_EDGE ( 'NONE', *, *, #4524, .T. ) ;
#2568 = ORIENTED_EDGE ( 'NONE', *, *, #1186, .T. ) ;
#2569 = ADVANCED_FACE ( 'NONE', ( #355 ), #2892, .F. ) ;
#2570 = CARTESIAN_POINT ( 'NONE',  ( 1.931851143701446800E-015, -0.02500000000000000100, 2.450000000000002000 ) ) ;
#2571 = ORIENTED_EDGE ( 'NONE', *, *, #4061, .T. ) ;
#2572 = DIRECTION ( 'NONE',  ( 0.0000000000000000000, 0.0000000000000000000, -1.000000000000000000 ) ) ;
#2573 = EDGE_CURVE ( 'NONE', #4012, #202, #3965, .T. ) ;
#2574 = ORIENTED_EDGE ( 'NONE', *, *, #196, .F. ) ;
#2575 = VERTEX_POINT ( 'NONE', #5066 ) ;
#2576 = CARTESIAN_POINT ( 'NONE',  ( 0.0000000000000000000, -0.02500000000000000100, 1.800000000000000700 ) ) ;
#2577 = CARTESIAN_POINT ( 'NONE',  ( 0.6249999999999845700, 0.5250000000000000200, -0.1500000000000082700 ) ) ;
#2578 = DIRECTION ( 'NONE',  ( 1.000000000000000000, 0.0000000000000000000, -1.239088197126290700E-015 ) ) ;
#2579 = CARTESIAN_POINT ( 'NONE',  ( -1.400000000000011200, 0.6049999999999999800, 1.099999999999986500 ) ) ;
#2580 = EDGE_CURVE ( 'NONE', #715, #4041, #1940, .T. ) ;
#2581 = ORIENTED_EDGE ( 'NONE', *, *, #2602, .T. ) ;
#2582 = DIRECTION ( 'NONE',  ( 1.000000000000000000, 0.0000000000000000000, 7.885106708985482100E-016 ) ) ;
#2583 = FACE_OUTER_BOUND ( 'NONE', #5600, .T. ) ;
#2584 = EDGE_CURVE ( 'NONE', #284, #3088, #1808, .T. ) ;
#2585 = VERTEX_POINT ( 'NONE', #1560 ) ;
#2586 = VECTOR ( 'NONE', #4311, 1000.000000000000000 ) ;
#2587 = CARTESIAN_POINT ( 'NONE',  ( 1.124999999999984500, 0.5250000000000000200, -0.2500000000000082700 ) ) ;
#2588 = VECTOR ( 'NONE', #4916, 1000.000000000000000 ) ;
#2589 = CARTESIAN_POINT ( 'NONE',  ( 1.124999999999984500, 0.5250000000000000200, -0.2500000000000082700 ) ) ;
#2590 = LINE ( 'NONE', #4342, #5079 ) ;
#2591 = AXIS2_PLACEMENT_3D ( 'NONE', #4199, #4760, #393 ) ;
#2592 = ADVANCED_FACE ( 'NONE', ( #1738 ), #4145, .T. ) ;
#2593 = DIRECTION ( 'NONE',  ( -3.642919299551309100E-015, 0.0000000000000000000, 1.000000000000000000 ) ) ;
#2594 = CARTESIAN_POINT ( 'NONE',  ( 1.900000000000000800, 0.0000000000000000000, -0.2999999999999986000 ) ) ;
#2595 = PLANE ( 'NONE',  #1610 ) ;
#2596 = CARTESIAN_POINT ( 'NONE',  ( -1.399999999999999200, -0.02500000000000000100, -2.100000000000000100 ) ) ;
#2597 = ADVANCED_FACE ( 'NONE', ( #912 ), #2879, .T. ) ;
#2598 = ORIENTED_EDGE ( 'NONE', *, *, #3525, .F. ) ;
#2599 = DIRECTION ( 'NONE',  ( 0.0000000000000000000, 0.0000000000000000000, 1.000000000000000000 ) ) ;
#2600 = ORIENTED_EDGE ( 'NONE', *, *, #1220, .T. ) ;
#2601 = ORIENTED_EDGE ( 'NONE', *, *, #3697, .T. ) ;
#2602 = EDGE_CURVE ( 'NONE', #5064, #2310, #5242, .T. ) ;
#2603 = DATE_AND_TIME ( #680, #971 ) ;
#2604 = ORIENTED_EDGE ( 'NONE', *, *, #4207, .T. ) ;
#2605 = LINE ( 'NONE', #3949, #2540 ) ;
#2606 = DIRECTION ( 'NONE',  ( -1.156482317317871800E-014, 0.0000000000000000000, 1.000000000000000000 ) ) ;
#2607 = VECTOR ( 'NONE', #1324, 1000.000000000000000 ) ;
#2608 = ORIENTED_EDGE ( 'NONE', *, *, #5060, .F. ) ;
#2609 = DIRECTION ( 'NONE',  ( 0.0000000000000000000, 0.0000000000000000000, 1.000000000000000000 ) ) ;
#2610 = CARTESIAN_POINT ( 'NONE',  ( -0.2999999999999987100, -0.02500000000000000100, 4.646580739223564400E-017 ) ) ;
#2611 = VERTEX_POINT ( 'NONE', #3344 ) ;
#2612 = DIRECTION ( 'NONE',  ( -1.548860246407859400E-016, 0.0000000000000000000, -1.000000000000000000 ) ) ;
#2613 = VECTOR ( 'NONE', #3568, 1000.000000000000000 ) ;
#2614 = VECTOR ( 'NONE', #4518, 1000.000000000000000 ) ;
#2615 = EDGE_CURVE ( 'NONE', #506, #3350, #5046, .T. ) ;
#2616 = VECTOR ( 'NONE', #1424, 1000.000000000000000 ) ;
#2617 = VECTOR ( 'NONE', #3762, 1000.000000000000000 ) ;
#2618 = DIRECTION ( 'NONE',  ( -1.048062100069321200E-014, 0.0000000000000000000, 1.000000000000000000 ) ) ;
#2619 = DIRECTION ( 'NONE',  ( 1.000000000000000000, 0.0000000000000000000, 1.032573497605242300E-014 ) ) ;
#2620 = LINE ( 'NONE', #775, #159 ) ;
#2621 = FACE_OUTER_BOUND ( 'NONE', #3891, .T. ) ;
#2622 = ADVANCED_FACE ( 'NONE', ( #2079, #3900, #3563, #1397, #4100, #490, #1607, #4975, #5181, #4843 ), #5488, .T. ) ;
#2623 = DIRECTION ( 'NONE',  ( 0.0000000000000000000, 0.0000000000000000000, -1.000000000000000000 ) ) ;
#2624 = DIRECTION ( 'NONE',  ( 0.0000000000000000000, 0.0000000000000000000, -1.000000000000000000 ) ) ;
#2625 = PLANE ( 'NONE',  #2782 ) ;
#2626 = VECTOR ( 'NONE', #658, 1000.000000000000000 ) ;
#2627 = ORIENTED_EDGE ( 'NONE', *, *, #4316, .T. ) ;
#2628 = VECTOR ( 'NONE', #4898, 1000.000000000000000 ) ;
#2629 = PLANE ( 'NONE',  #2528 ) ;
#2630 = DIRECTION ( 'NONE',  ( 0.0000000000000000000, 0.0000000000000000000, -1.000000000000000000 ) ) ;
#2631 = ORIENTED_EDGE ( 'NONE', *, *, #5374, .F. ) ;
#2632 = LINE ( 'NONE', #4411, #235 ) ;
#2633 = VERTEX_POINT ( 'NONE', #5474 ) ;
#2634 = ORIENTED_EDGE ( 'NONE', *, *, #4563, .T. ) ;
#2635 = ORIENTED_EDGE ( 'NONE', *, *, #328, .F. ) ;
#2636 = CARTESIAN_POINT ( 'NONE',  ( -0.3500000000000000300, 0.6000000000000000900, -3.668217350242624400E-015 ) ) ;
#2637 = VERTEX_POINT ( 'NONE', #1593 ) ;
#2638 = DIRECTION ( 'NONE',  ( 1.000000000000000000, 0.0000000000000000000, 7.228014483236698500E-016 ) ) ;
#2639 =( GEOMETRIC_REPRESENTATION_CONTEXT ( 3 ) GLOBAL_UNCERTAINTY_ASSIGNED_CONTEXT ( ( #5389 ) ) GLOBAL_UNIT_ASSIGNED_CONTEXT ( ( #4416, #2728, #4044 ) ) REPRESENTATION_CONTEXT ( 'NONE', 'WORKASPACE' ) );
#2640 = VERTEX_POINT ( 'NONE', #2488 ) ;
#2641 = ORIENTED_EDGE ( 'NONE', *, *, #1407, .F. ) ;
#2642 = CARTESIAN_POINT ( 'NONE',  ( 1.900000000000000800, 0.0000000000000000000, 0.3000000000000012100 ) ) ;
#2643 = DIRECTION ( 'NONE',  ( 1.000000000000000000, 0.0000000000000000000, -1.084202172485505800E-016 ) ) ;
#2644 = VERTEX_POINT ( 'NONE', #4158 ) ;
#2645 = PLANE ( 'NONE',  #1681 ) ;
#2646 = CARTESIAN_POINT ( 'NONE',  ( 0.0000000000000000000, -0.02500000000000000100, -1.799999999999999400 ) ) ;
#2647 = EDGE_CURVE ( 'NONE', #3356, #2418, #3696, .T. ) ;
#2648 = EDGE_LOOP ( 'NONE', ( #4050, #781, #2972, #1347 ) ) ;
#2649 = CARTESIAN_POINT ( 'NONE',  ( 1.124999999999984500, 0.5250000000000000200, -0.1500000000000082700 ) ) ;
#2650 = EDGE_CURVE ( 'NONE', #1195, #4295, #4037, .T. ) ;
#2651 = DIRECTION ( 'NONE',  ( 0.0000000000000000000, 1.000000000000000000, 0.0000000000000000000 ) ) ;
#2652 = EDGE_CURVE ( 'NONE', #2031, #1005, #1185, .T. ) ;
#2653 = VECTOR ( 'NONE', #118, 1000.000000000000000 ) ;
#2654 = LINE ( 'NONE', #316, #2118 ) ;
#2655 = DIRECTION ( 'NONE',  ( -0.0000000000000000000, -1.000000000000000000, -0.0000000000000000000 ) ) ;
#2656 = PLANE ( 'NONE',  #5153 ) ;
#2657 = CARTESIAN_POINT ( 'NONE',  ( 1.124999999999984500, 0.5250000000000000200, -0.2500000000000082700 ) ) ;
#2658 = LINE ( 'NONE', #2783, #2193 ) ;
#2659 = DIRECTION ( 'NONE',  ( -1.032573497605242100E-016, 0.0000000000000000000, -1.000000000000000000 ) ) ;
#2661 = CARTESIAN_POINT ( 'NONE',  ( -0.3000000000000233000, 0.5250000000000000200, 1.449999999999992900 ) ) ;
#2660 = PLANE ( 'NONE',  #2014 ) ;
#2662 = ORIENTED_EDGE ( 'NONE', *, *, #4563, .F. ) ;
#2663 = DIRECTION ( 'NONE',  ( 0.0000000000000000000, 1.000000000000000000, 0.0000000000000000000 ) ) ;
#2664 = CARTESIAN_POINT ( 'NONE',  ( -0.6500000000000012400, 0.6049999999999999800, -1.400000000000000100 ) ) ;
#2665 = AXIS2_PLACEMENT_3D ( 'NONE', #5023, #737, #220 ) ;
#2667 = ORIENTED_EDGE ( 'NONE', *, *, #5420, .T. ) ;
#2666 = EDGE_LOOP ( 'NONE', ( #2405, #4231, #4860 ) ) ;
#2668 = CARTESIAN_POINT ( 'NONE',  ( -1.445602896647340300E-014, 0.6000000000000000900, 1.400000000000001000 ) ) ;
#2669 = LINE ( 'NONE', #4282, #4635 ) ;
#2670 = CARTESIAN_POINT ( 'NONE',  ( -2.399999999999999000, -0.02500000000000000100, 2.450000000000000600 ) ) ;
#2671 = DIRECTION ( 'NONE',  ( -0.0000000000000000000, -1.000000000000000000, -0.0000000000000000000 ) ) ;
#2672 = ORIENTED_EDGE ( 'NONE', *, *, #1526, .F. ) ;
#2673 = DIRECTION ( 'NONE',  ( 0.0000000000000000000, 1.000000000000000000, 0.0000000000000000000 ) ) ;
#2674 = EDGE_CURVE ( 'NONE', #3187, #3872, #5511, .T. ) ;
#2675 = LINE ( 'NONE', #4994, #2548 ) ;
#2677 = CARTESIAN_POINT ( 'NONE',  ( -2.399999999999999500, -0.02500000000000000100, -0.2999999999999986600 ) ) ;
#2676 = DIRECTION ( 'NONE',  ( -1.000000000000000000, 0.0000000000000000000, -1.032573497605242300E-014 ) ) ;
#2678 = ORIENTED_EDGE ( 'NONE', *, *, #806, .F. ) ;
#2679 = ORIENTED_EDGE ( 'NONE', *, *, #2602, .F. ) ;
#2680 = EDGE_CURVE ( 'NONE', #3295, #2349, #4778, .T. ) ;
#2681 = VECTOR ( 'NONE', #2572, 1000.000000000000000 ) ;
#2682 = DIRECTION ( 'NONE',  ( 1.032573497605242100E-016, 0.0000000000000000000, 1.000000000000000000 ) ) ;
#2683 = CARTESIAN_POINT ( 'NONE',  ( 0.3000000000000004900, 0.0000000000000000000, -4.646580739223585300E-017 ) ) ;
#2684 = VECTOR ( 'NONE', #281, 1000.000000000000000 ) ;
#2685 = VECTOR ( 'NONE', #4496, 1000.000000000000000 ) ;
#2686 = EDGE_CURVE ( 'NONE', #3047, #2449, #2760, .T. ) ;
#2687 = EDGE_CURVE ( 'NONE', #2024, #1011, #3099, .T. ) ;
#2688 = VECTOR ( 'NONE', #119, 1000.000000000000000 ) ;
#2689 = VERTEX_POINT ( 'NONE', #3403 ) ;
#2690 = PERSON_AND_ORGANIZATION_ROLE ( 'design_owner' ) ;
#2691 = DIRECTION ( 'NONE',  ( 0.0000000000000000000, -1.000000000000000000, 0.0000000000000000000 ) ) ;
#2692 = CARTESIAN_POINT ( 'NONE',  ( 0.3060453645236213000, 1.176146693705888900, -0.5378201020139449200 ) ) ;
#2693 = VECTOR ( 'NONE', #4829, 1000.000000000000000 ) ;
#2694 = CARTESIAN_POINT ( 'NONE',  ( 0.4271661885784016600, 0.6164062121943199000, -1.297506805002032400 ) ) ;
#2695 = DIRECTION ( 'NONE',  ( -0.9999939490354758900, 0.003478777433787436700, 0.0000000000000000000 ) ) ;
#2696 = ORIENTED_EDGE ( 'NONE', *, *, #540, .F. ) ;
#2697 = LINE ( 'NONE', #1248, #3175 ) ;
#2698 = ORIENTED_EDGE ( 'NONE', *, *, #1230, .T. ) ;
#2699 = ORIENTED_EDGE ( 'NONE', *, *, #3767, .F. ) ;
#2700 = DIRECTION ( 'NONE',  ( -0.0000000000000000000, -1.000000000000000000, -0.0000000000000000000 ) ) ;
#2701 = CARTESIAN_POINT ( 'NONE',  ( -2.399999999999999000, -0.02500000000000000100, 2.450000000000000600 ) ) ;
#2702 = VERTEX_POINT ( 'NONE', #4241 ) ;
#2703 = ORIENTED_EDGE ( 'NONE', *, *, #1960, .F. ) ;
#2704 = ORIENTED_EDGE ( 'NONE', *, *, #1529, .T. ) ;
#2705 = ORIENTED_EDGE ( 'NONE', *, *, #3016, .T. ) ;
#2706 = AXIS2_PLACEMENT_3D ( 'NONE', #138, #4884, #120 ) ;
#2707 = CARTESIAN_POINT ( 'NONE',  ( 1.099999999999999000, 0.6049999999999999800, 0.3500000000000078600 ) ) ;
#2708 = CARTESIAN_POINT ( 'NONE',  ( -0.2000000000000002100, 0.5250000000000000200, -0.6500000000000006900 ) ) ;
#2709 = VERTEX_POINT ( 'NONE', #3799 ) ;
#2710 = ORIENTED_EDGE ( 'NONE', *, *, #3169, .T. ) ;
#2711 = APPROVAL_ROLE ( '' ) ;
#2712 = CARTESIAN_POINT ( 'NONE',  ( 0.2854757372075408300, 1.151464880049944500, -0.4938195766478015700 ) ) ;
#2713 = ORIENTED_EDGE ( 'NONE', *, *, #3478, .T. ) ;
#2714 = CARTESIAN_POINT ( 'NONE',  ( 0.3464843811753258200, 0.5896989836417660900, -1.244807944509468900 ) ) ;
#2715 = DIRECTION ( 'NONE',  ( 0.0000000000000000000, 1.000000000000000000, 0.0000000000000000000 ) ) ;
#2716 = DIRECTION ( 'NONE',  ( 0.0000000000000000000, 0.0000000000000000000, -1.000000000000000000 ) ) ;
#2717 = VECTOR ( 'NONE', #1182, 1000.000000000000000 ) ;
#2718 = CARTESIAN_POINT ( 'NONE',  ( 1.124999999999984500, 0.5000000000000000000, -0.2500000000000082700 ) ) ;
#2719 = VERTEX_POINT ( 'NONE', #3382 ) ;
#2720 = VERTEX_POINT ( 'NONE', #3818 ) ;
#2721 = VECTOR ( 'NONE', #3127, 1000.000000000000000 ) ;
#2722 = VECTOR ( 'NONE', #4142, 1000.000000000000000 ) ;
#2723 = DIRECTION ( 'NONE',  ( 1.000000000000000000, 0.0000000000000000000, -0.0000000000000000000 ) ) ;
#2724 = VECTOR ( 'NONE', #2612, 1000.000000000000000 ) ;
#2725 = DIRECTION ( 'NONE',  ( -0.0000000000000000000, -1.000000000000000000, -0.0000000000000000000 ) ) ;
#2726 = EDGE_CURVE ( 'NONE', #236, #3414, #2620, .T. ) ;
#2727 = EDGE_CURVE ( 'NONE', #3295, #4732, #1255, .T. ) ;
#2728 =( NAMED_UNIT ( * ) PLANE_ANGLE_UNIT ( ) SI_UNIT ( $, .RADIAN. ) );
#2729 = DIRECTION ( 'NONE',  ( -1.000000000000000000, 0.0000000000000000000, 7.228014483236698500E-016 ) ) ;
#2730 = CARTESIAN_POINT ( 'NONE',  ( 0.2499999999999954500, 0.5250000000000000200, -0.2500000000000082700 ) ) ;
#2731 = VERTEX_POINT ( 'NONE', #331 ) ;
#2732 = CARTESIAN_POINT ( 'NONE',  ( -1.099999999999999900, 0.0000000000000000000, -1.799999999999999400 ) ) ;
#2733 = EDGE_LOOP ( 'NONE', ( #2777, #111, #4638, #1333 ) ) ;
#2734 = PLANE ( 'NONE',  #5014 ) ;
#2735 = DIRECTION ( 'NONE',  ( -1.000000000000000000, 0.0000000000000000000, -3.632077277826439900E-015 ) ) ;
#2736 = CARTESIAN_POINT ( 'NONE',  ( 3.436592915406369800E-015, 0.6049999999999999800, -1.040056992122280200 ) ) ;
#2737 = ORIENTED_EDGE ( 'NONE', *, *, #4607, .F. ) ;
#2738 = ORIENTED_EDGE ( 'NONE', *, *, #4773, .T. ) ;
#2739 = CALENDAR_DATE ( 2019, 28, 10 ) ;
#2740 = CARTESIAN_POINT ( 'NONE',  ( 1.900000000000000800, 0.0000000000000000000, 2.450000000000000600 ) ) ;
#2741 = CARTESIAN_POINT ( 'NONE',  ( 0.2444268641829896200, 0.9822181578377543500, -0.5349588312799623500 ) ) ;
#2743 = ORIENTED_EDGE ( 'NONE', *, *, #5421, .F. ) ;
#2742 = ORIENTED_EDGE ( 'NONE', *, *, #540, .T. ) ;
#2744 = APPROVAL ( #4878, 'UNSPECIFIED' ) ;
#2745 = DIRECTION ( 'NONE',  ( -1.000000000000000000, 0.0000000000000000000, 0.0000000000000000000 ) ) ;
#2746 = APPROVAL_PERSON_ORGANIZATION ( #3221, #397, #5300 ) ;
#2747 = LINE ( 'NONE', #252, #283 ) ;
#2748 = ORIENTED_EDGE ( 'NONE', *, *, #3873, .F. ) ;
#2749 = ORIENTED_EDGE ( 'NONE', *, *, #2908, .T. ) ;
#2750 = APPLICATION_CONTEXT ( 'configuration controlled 3d designs of mechanical parts and assemblies' ) ;
#2751 = DIRECTION ( 'NONE',  ( -1.000000000000000000, 0.0000000000000000000, -7.047314121155778800E-015 ) ) ;
#2752 = VECTOR ( 'NONE', #1331, 1000.000000000000000 ) ;
#2753 = VECTOR ( 'NONE', #4633, 1000.000000000000000 ) ;
#2754 = PLANE ( 'NONE',  #5291 ) ;
#2755 = EDGE_CURVE ( 'NONE', #4303, #1138, #5175, .T. ) ;
#2756 = VECTOR ( 'NONE', #2623, 1000.000000000000000 ) ;
#2757 = LINE ( 'NONE', #656, #1322 ) ;
#2759 = CARTESIAN_POINT ( 'NONE',  ( 1.449999999999985500, 0.6000000000000000900, 1.450000000000003700 ) ) ;
#2758 = DIRECTION ( 'NONE',  ( -2.065146995210484200E-016, 0.0000000000000000000, -1.000000000000000000 ) ) ;
#2760 = LINE ( 'NONE', #1650, #427 ) ;
#2761 = EDGE_CURVE ( 'NONE', #998, #4794, #833, .T. ) ;
#2762 = FACE_OUTER_BOUND ( 'NONE', #404, .T. ) ;
#2763 = EDGE_CURVE ( 'NONE', #4656, #3035, #1732, .T. ) ;
#2764 = CARTESIAN_POINT ( 'NONE',  ( -2.403314815676204400E-015, 0.6049999999999999800, 0.3500000000000002000 ) ) ;
#2765 = FACE_OUTER_BOUND ( 'NONE', #5289, .T. ) ;
#2766 = ORIENTED_EDGE ( 'NONE', *, *, #4203, .F. ) ;
#2767 = ADVANCED_FACE ( 'NONE', ( #3895 ), #2896, .T. ) ;
#2768 = LINE ( 'NONE', #1226, #4719 ) ;
#2769 = CARTESIAN_POINT ( 'NONE',  ( 0.3774742016139256400, 0.6050000000000921300, -1.236831898595863300 ) ) ;
#2770 = ORIENTED_EDGE ( 'NONE', *, *, #1327, .T. ) ;
#2771 = PLANE ( 'NONE',  #249 ) ;
#2772 = LINE ( 'NONE', #2247, #1338 ) ;
#2773 = VERTEX_POINT ( 'NONE', #2029 ) ;
#2774 = ORIENTED_EDGE ( 'NONE', *, *, #4422, .F. ) ;
#2775 = CARTESIAN_POINT ( 'NONE',  ( 0.2500000000000060500, 0.5250000000000000200, 1.124999999999969800 ) ) ;
#2776 = ORIENTED_EDGE ( 'NONE', *, *, #4091, .T. ) ;
#2777 = ORIENTED_EDGE ( 'NONE', *, *, #2337, .T. ) ;
#2778 = ORIENTED_EDGE ( 'NONE', *, *, #2061, .T. ) ;
#2779 = DIRECTION ( 'NONE',  ( -1.000000000000000000, 0.0000000000000000000, 2.017120320903263200E-016 ) ) ;
#2780 = ORIENTED_EDGE ( 'NONE', *, *, #1776, .F. ) ;
#2781 = ORIENTED_EDGE ( 'NONE', *, *, #5559, .T. ) ;
#2782 = AXIS2_PLACEMENT_3D ( 'NONE', #3, #3066, #2134 ) ;
#2783 = CARTESIAN_POINT ( 'NONE',  ( 0.3500000000000000300, 0.6049999999999999800, 1.201657407838100600E-015 ) ) ;
#2784 = CARTESIAN_POINT ( 'NONE',  ( 1.400000000000003000, 0.6049999999999999800, -0.7400569921222759400 ) ) ;
#2785 = CARTESIAN_POINT ( 'NONE',  ( -1.400000000000011000, 0.6049999999999999800, 1.040056992122266000 ) ) ;
#2786 = ORIENTED_EDGE ( 'NONE', *, *, #3276, .T. ) ;
#2787 = EDGE_CURVE ( 'NONE', #2709, #1068, #2004, .T. ) ;
#2788 = CARTESIAN_POINT ( 'NONE',  ( -1.400000000000007000, 0.6000000000000000900, 0.6499999999999865900 ) ) ;
#2789 = CARTESIAN_POINT ( 'NONE',  ( 0.4133731825217053500, 0.6066452991079840400, -0.5210994884311697100 ) ) ;
#2790 = VECTOR ( 'NONE', #1943, 1000.000000000000000 ) ;
#2791 = PLANE ( 'NONE',  #4007 ) ;
#2792 = LINE ( 'NONE', #5061, #1023 ) ;
#2793 = ADVANCED_FACE ( 'NONE', ( #3756 ), #717, .F. ) ;
#2794 = DIRECTION ( 'NONE',  ( 0.0000000000000000000, 0.0000000000000000000, 1.000000000000000000 ) ) ;
#2795 = LINE ( 'NONE', #657, #3345 ) ;
#2796 = ORIENTED_EDGE ( 'NONE', *, *, #2038, .F. ) ;
#2797 = EDGE_CURVE ( 'NONE', #2898, #3088, #4164, .T. ) ;
#2798 = ORIENTED_EDGE ( 'NONE', *, *, #1299, .T. ) ;
#2799 = PLANE ( 'NONE',  #3287 ) ;
#2800 = CARTESIAN_POINT ( 'NONE',  ( -0.2433075571673790900, 1.101985991729322200, -0.6980480375071530500 ) ) ;
#2801 = EDGE_CURVE ( 'NONE', #2719, #4592, #3437, .T. ) ;
#2802 = CARTESIAN_POINT ( 'NONE',  ( 8.279362044434755800E-016, -0.02500000000000000100, -2.099999999999999600 ) ) ;
#2803 = ORIENTED_EDGE ( 'NONE', *, *, #2983, .F. ) ;
#2804 = CARTESIAN_POINT ( 'NONE',  ( 0.0000000000000000000, 0.0000000000000000000, 2.450000000000000600 ) ) ;
#2805 =( BOUNDED_SURFACE ( )  B_SPLINE_SURFACE ( 3, 3, ( 
 ( #136, #5284, #4842, #5270 ),
 ( #1366, #3562, #963, #2252 ),
 ( #1385, #4031, #4420, #2714 ),
 ( #508, #543, #3603, #3952 ),
 ( #3531, #4477, #4400, #2694 ),
 ( #469, #1427, #1807, #3996 ),
 ( #1405, #4433, #5252, #101 ) ),
 .UNSPECIFIED., .T., .F., .F. ) 
 B_SPLINE_SURFACE_WITH_KNOTS ( ( 4, 3, 4 ),
 ( 4, 4 ),
 ( 0.0000000000000000000, 0.5000000000000000000, 1.000000000000000000 ),
 ( 0.0000000000000000000, 1.000000000000000000 ),
 .UNSPECIFIED. ) 
 GEOMETRIC_REPRESENTATION_ITEM ( )  RATIONAL_B_SPLINE_SURFACE ( (
 ( 1.000000000000000000, 0.4269957486570999400, 0.4269957486570999400, 1.000000000000000000),
 ( 0.3333333333333333700, 0.1423319162190333200, 0.1423319162190333200, 0.3333333333333333700),
 ( 0.3333333333333333700, 0.1423319162190333200, 0.1423319162190333200, 0.3333333333333333700),
 ( 1.000000000000000000, 0.4269957486570999400, 0.4269957486570999400, 1.000000000000000000),
 ( 0.3333333333333333700, 0.1423319162190333200, 0.1423319162190333200, 0.3333333333333333700),
 ( 0.3333333333333333700, 0.1423319162190333200, 0.1423319162190333200, 0.3333333333333333700),
 ( 1.000000000000000000, 0.4269957486570999400, 0.4269957486570999400, 1.000000000000000000) ) ) 
 REPRESENTATION_ITEM ( '' )  SURFACE ( )  );
#2807 = ORIENTED_EDGE ( 'NONE', *, *, #1457, .F. ) ;
#2806 = ORIENTED_EDGE ( 'NONE', *, *, #3699, .F. ) ;
#2808 = CARTESIAN_POINT ( 'NONE',  ( 0.2499999999999954500, 0.5000000000000000000, -0.2500000000000082700 ) ) ;
#2809 = LINE ( 'NONE', #3506, #3682 ) ;
#2810 = PLANE ( 'NONE',  #4223 ) ;
#2811 = AXIS2_PLACEMENT_3D ( 'NONE', #3871, #3892, #4278 ) ;
#2812 = AXIS2_PLACEMENT_3D ( 'NONE', #3282, #1987, #258 ) ;
#2813 = EDGE_LOOP ( 'NONE', ( #1489, #388 ) ) ;
#2814 = VECTOR ( 'NONE', #1137, 1000.000000000000000 ) ;
#2815 = LINE ( 'NONE', #4792, #3758 ) ;
#2816 = VERTEX_POINT ( 'NONE', #2485 ) ;
#2817 = ADVANCED_FACE ( 'NONE', ( #3297 ), #1633, .T. ) ;
#2818 = CARTESIAN_POINT ( 'NONE',  ( 0.4133731825217053500, 0.6066452991079840400, -0.5210994884311697100 ) ) ;
#2819 = LINE ( 'NONE', #3677, #1666 ) ;
#2820 = LINE ( 'NONE', #2775, #24 ) ;
#2821 = DIRECTION ( 'NONE',  ( -1.000000000000000000, 0.0000000000000000000, -1.032573497605242300E-014 ) ) ;
#2822 = SPHERICAL_SURFACE ( 'NONE', #4580, 2.399999999999999500 ) ;
#2823 = DIRECTION ( 'NONE',  ( 0.0000000000000000000, 0.0000000000000000000, 1.000000000000000000 ) ) ;
#2824 = DIRECTION ( 'NONE',  ( 1.000000000000000000, 0.0000000000000000000, 3.614007241618360200E-015 ) ) ;
#2825 = LINE ( 'NONE', #5304, #2688 ) ;
#2826 = ORIENTED_EDGE ( 'NONE', *, *, #482, .F. ) ;
#2827 = VECTOR ( 'NONE', #1834, 1000.000000000000000 ) ;
#2828 = EDGE_CURVE ( 'NONE', #209, #4058, #4572, .T. ) ;
#2829 = ORIENTED_EDGE ( 'NONE', *, *, #196, .T. ) ;
#2830 = FACE_OUTER_BOUND ( 'NONE', #5288, .T. ) ;
#2831 = ORIENTED_EDGE ( 'NONE', *, *, #3915, .F. ) ;
#2832 = ORIENTED_EDGE ( 'NONE', *, *, #4125, .F. ) ;
#2833 = EDGE_CURVE ( 'NONE', #1306, #266, #2290, .T. ) ;
#2834 = ORIENTED_EDGE ( 'NONE', *, *, #4308, .T. ) ;
#2835 = CARTESIAN_POINT ( 'NONE',  ( -1.073935286064491100E-014, 0.6000000000000000900, 1.040056992122280400 ) ) ;
#2836 = ORIENTED_EDGE ( 'NONE', *, *, #5524, .T. ) ;
#2837 = VERTEX_POINT ( 'NONE', #3706 ) ;
#2838 = ORIENTED_EDGE ( 'NONE', *, *, #2499, .T. ) ;
#2839 = CARTESIAN_POINT ( 'NONE',  ( -6.711727734434085700E-015, 0.6000000000000000900, 0.6500000000000010200 ) ) ;
#2840 = DIRECTION ( 'NONE',  ( 1.000000000000000000, 0.0000000000000000000, -1.032573497605242100E-016 ) ) ;
#2841 = DIRECTION ( 'NONE',  ( -1.000000000000000000, 0.0000000000000000000, 7.228014483236688700E-016 ) ) ;
#2842 = EDGE_LOOP ( 'NONE', ( #4723, #634, #5194 ) ) ;
#2843 = AXIS2_PLACEMENT_3D ( 'NONE', #1517, #3220, #4079 ) ;
#2844 = CARTESIAN_POINT ( 'NONE',  ( -1.400000000000001000, 0.6000000000000000900, 2.891205793294680300E-016 ) ) ;
#2845 = ADVANCED_FACE ( 'NONE', ( #1119 ), #5063, .T. ) ;
#2846 = PLANE ( 'NONE',  #4516 ) ;
#2847 = EDGE_LOOP ( 'NONE', ( #2410, #4700, #4553, #1596 ) ) ;
#2848 = CC_DESIGN_PERSON_AND_ORGANIZATION_ASSIGNMENT ( #5493, #502, ( #4006 ) ) ;
#2849 = VECTOR ( 'NONE', #2858, 1000.000000000000000 ) ;
#2850 = ORIENTED_EDGE ( 'NONE', *, *, #2465, .F. ) ;
#2851 = VERTEX_POINT ( 'NONE', #1988 ) ;
#2852 = VECTOR ( 'NONE', #2124, 1000.000000000000000 ) ;
#2853 = CARTESIAN_POINT ( 'NONE',  ( 0.4537140862232412800, 0.6199989133842605000, -0.4947500581848891000 ) ) ;
#2854 = VECTOR ( 'NONE', #3299, 1000.000000000000000 ) ;
#2855 = VECTOR ( 'NONE', #1931, 1000.000000000000000 ) ;
#2856 = DIRECTION ( 'NONE',  ( 2.017120320903264200E-016, 0.0000000000000000000, 1.000000000000000000 ) ) ;
#2857 = DIRECTION ( 'NONE',  ( 0.0000000000000000000, 1.000000000000000000, -0.0000000000000000000 ) ) ;
#2858 = DIRECTION ( 'NONE',  ( -1.000000000000000000, 0.0000000000000000000, -3.355863867217037300E-015 ) ) ;
#2859 = CARTESIAN_POINT ( 'NONE',  ( -0.008349065841095756500, 0.5000000000000000000, 0.0000000000000000000 ) ) ;
#2860 = DIRECTION ( 'NONE',  ( -2.844946500601976900E-014, 0.0000000000000000000, 1.000000000000000000 ) ) ;
#2861 = PLANE ( 'NONE',  #3474 ) ;
#2862 = EDGE_CURVE ( 'NONE', #5051, #2633, #5578, .T. ) ;
#2863 = ORIENTED_EDGE ( 'NONE', *, *, #777, .F. ) ;
#2864 = EDGE_CURVE ( 'NONE', #3122, #2464, #986, .T. ) ;
#2865 = DIRECTION ( 'NONE',  ( 0.0000000000000000000, 0.0000000000000000000, 1.000000000000000000 ) ) ;
#2866 = DIRECTION ( 'NONE',  ( -1.000000000000000000, 0.0000000000000000000, -7.228014483236695200E-015 ) ) ;
#2867 = ORIENTED_EDGE ( 'NONE', *, *, #3235, .T. ) ;
#2868 = ORIENTED_EDGE ( 'NONE', *, *, #669, .T. ) ;
#2869 = ADVANCED_FACE ( 'NONE', ( #2146 ), #4143, .F. ) ;
#2870 = APPROVAL_DATE_TIME ( #1993, #2280 ) ;
#2871 = CARTESIAN_POINT ( 'NONE',  ( -1.399999999999999700, -0.02500000000000000100, -2.449999999999999700 ) ) ;
#2873 = ORIENTED_EDGE ( 'NONE', *, *, #2687, .T. ) ;
#2872 = ORIENTED_EDGE ( 'NONE', *, *, #2474, .F. ) ;
#2874 = CARTESIAN_POINT ( 'NONE',  ( 0.3056445071917110500, 1.176255875233393800, -1.212062981264248100 ) ) ;
#2875 = DIRECTION ( 'NONE',  ( -1.000000000000000000, 0.0000000000000000000, -7.021499783715649500E-015 ) ) ;
#2876 = CARTESIAN_POINT ( 'NONE',  ( -0.6249999999999942300, 0.5000000000000000000, 0.2500000000000071100 ) ) ;
#2877 = DIRECTION ( 'NONE',  ( 0.0000000000000000000, -0.0000000000000000000, 1.000000000000000000 ) ) ;
#2878 = ORGANIZATION ( 'UNSPECIFIED', 'UNSPECIFIED', '' ) ;
#2879 = PLANE ( 'NONE',  #3149 ) ;
#2880 = DIRECTION ( 'NONE',  ( 1.000000000000000000, 0.0000000000000000000, 5.782411586589356500E-015 ) ) ;
#2881 = VECTOR ( 'NONE', #3919, 1000.000000000000000 ) ;
#2882 = VERTEX_POINT ( 'NONE', #4155 ) ;
#2883 = EDGE_LOOP ( 'NONE', ( #1973, #4051, #2698, #142 ) ) ;
#2884 = CARTESIAN_POINT ( 'NONE',  ( -0.2500000000000006700, 0.5250000000000000200, -1.500000000000000900 ) ) ;
#2885 = AXIS2_PLACEMENT_3D ( 'NONE', #4536, #158, #4922 ) ;
#2886 = LINE ( 'NONE', #3518, #1806 ) ;
#2887 = AXIS2_PLACEMENT_3D ( 'NONE', #565, #3954, #4435 ) ;
#2888 = VECTOR ( 'NONE', #3401, 1000.000000000000000 ) ;
#2889 = LINE ( 'NONE', #1277, #2484 ) ;
#2890 = LINE ( 'NONE', #723, #1734 ) ;
#2891 = CARTESIAN_POINT ( 'NONE',  ( 3.252606517456495400E-017, -0.02500000000000000100, -0.2999999999999983800 ) ) ;
#2892 = SPHERICAL_SURFACE ( 'NONE', #2665, 2.374999999999999600 ) ;
#2893 = EDGE_CURVE ( 'NONE', #3968, #3487, #4032, .T. ) ;
#2894 = LINE ( 'NONE', #53, #2155 ) ;
#2895 = CARTESIAN_POINT ( 'NONE',  ( -2.099999999999999600, 0.4500000000000000100, 2.349999999999999600 ) ) ;
#2896 = PLANE ( 'NONE',  #5441 ) ;
#2897 = LINE ( 'NONE', #449, #3975 ) ;
#2898 = VERTEX_POINT ( 'NONE', #2007 ) ;
#2899 = DIRECTION ( 'NONE',  ( 8.095376221224623800E-015, 0.0000000000000000000, -1.000000000000000000 ) ) ;
#2900 = LINE ( 'NONE', #4402, #1747 ) ;
#2901 = DIRECTION ( 'NONE',  ( 1.000000000000000000, 0.0000000000000000000, 1.032573497605242000E-014 ) ) ;
#2902 = CARTESIAN_POINT ( 'NONE',  ( 1.400000000000000100, -0.02500000000000000100, 2.450000000000000600 ) ) ;
#2903 = EDGE_LOOP ( 'NONE', ( #3769, #964, #505, #1140 ) ) ;
#2904 = VECTOR ( 'NONE', #232, 1000.000000000000000 ) ;
#2905 = ORIENTED_EDGE ( 'NONE', *, *, #2120, .T. ) ;
#2906 = ORIENTED_EDGE ( 'NONE', *, *, #3233, .F. ) ;
#2907 = ORIENTED_EDGE ( 'NONE', *, *, #1498, .T. ) ;
#2908 = EDGE_CURVE ( 'NONE', #3005, #5128, #4907, .T. ) ;
#2909 = VERTEX_POINT ( 'NONE', #1702 ) ;
#2910 = ORIENTED_EDGE ( 'NONE', *, *, #3989, .F. ) ;
#2911 = VERTEX_POINT ( 'NONE', #2526 ) ;
#2912 = DIRECTION ( 'NONE',  ( 0.0000000000000000000, 0.0000000000000000000, 1.000000000000000000 ) ) ;
#2913 = ORIENTED_EDGE ( 'NONE', *, *, #2362, .F. ) ;
#2914 = CARTESIAN_POINT ( 'NONE',  ( 1.449999999999994400, 0.6000000000000000900, -0.3000000000000011500 ) ) ;
#2915 = CARTESIAN_POINT ( 'NONE',  ( 0.4271661885784016600, 0.6164062121943199000, -1.297506805002032400 ) ) ;
#2916 = DIRECTION ( 'NONE',  ( 0.0000000000000000000, -1.000000000000000000, 0.0000000000000000000 ) ) ;
#2917 = DIRECTION ( 'NONE',  ( -0.0000000000000000000, -1.000000000000000000, -0.0000000000000000000 ) ) ;
#2918 = DIRECTION ( 'NONE',  ( 0.0000000000000000000, 0.0000000000000000000, -1.000000000000000000 ) ) ;
#2919 = ORIENTED_EDGE ( 'NONE', *, *, #3845, .F. ) ;
#2920 = AXIS2_PLACEMENT_3D ( 'NONE', #368, #4720, #2106 ) ;
#2921 = AXIS2_PLACEMENT_3D ( 'NONE', #3547, #3102, #948 ) ;
#2922 = DIRECTION ( 'NONE',  ( -1.000000000000000000, 0.0000000000000000000, 3.942553354492745500E-016 ) ) ;
#2923 = DIRECTION ( 'NONE',  ( 0.0000000000000000000, 1.000000000000000000, 0.0000000000000000000 ) ) ;
#2924 = VECTOR ( 'NONE', #619, 1000.000000000000000 ) ;
#2925 = FACE_OUTER_BOUND ( 'NONE', #108, .T. ) ;
#2926 = DIRECTION ( 'NONE',  ( 0.0000000000000000000, -1.000000000000000000, 0.0000000000000000000 ) ) ;
#2927 = CC_DESIGN_PERSON_AND_ORGANIZATION_ASSIGNMENT ( #2065, #1843, ( #1288 ) ) ;
#2928 = DIRECTION ( 'NONE',  ( 0.0000000000000000000, 0.0000000000000000000, 1.000000000000000000 ) ) ;
#2929 = LINE ( 'NONE', #4484, #4817 ) ;
#2930 = ORIENTED_EDGE ( 'NONE', *, *, #133, .T. ) ;
#2931 = EDGE_CURVE ( 'NONE', #2339, #453, #5438, .T. ) ;
#2932 = CARTESIAN_POINT ( 'NONE',  ( 0.0000000000000000000, -0.02500000000000000100, 0.0000000000000000000 ) ) ;
#2933 = CARTESIAN_POINT ( 'NONE',  ( 0.6499999999999988000, 0.6049999999999999800, 0.3500000000000047000 ) ) ;
#2934 = CARTESIAN_POINT ( 'NONE',  ( -0.2500000000000003900, 0.5250000000000000200, -1.125000000000000700 ) ) ;
#2935 = CARTESIAN_POINT ( 'NONE',  ( -8.095376221225108200E-015, 0.6049999999999999800, 1.400000000000001500 ) ) ;
#2936 = ADVANCED_FACE ( 'NONE', ( #4789 ), #1663, .T. ) ;
#2937 = CARTESIAN_POINT ( 'NONE',  ( 0.3000000000000080400, 0.5250000000000000200, 1.046490792573002800E-015 ) ) ;
#2938 = ORIENTED_EDGE ( 'NONE', *, *, #4671, .F. ) ;
#2939 = EDGE_CURVE ( 'NONE', #3334, #5067, #437, .T. ) ;
#2940 = DATE_AND_TIME ( #2739, #1 ) ;
#2941 = DIRECTION ( 'NONE',  ( 0.5269886049256310400, 0.07789608327828005700, 0.8462949902300264100 ) ) ;
#2942 = DIRECTION ( 'NONE',  ( -0.9999939490354758900, 0.003478777433787432400, 0.0000000000000000000 ) ) ;
#2943 = EDGE_CURVE ( 'NONE', #5624, #2445, #1801, .T. ) ;
#2944 = PLANE ( 'NONE',  #1290 ) ;
#2945 = ORIENTED_EDGE ( 'NONE', *, *, #1421, .T. ) ;
#2946 = LOCAL_TIME ( 1, 35, 54.00000000000000000, #3623 ) ;
#2947 = ORIENTED_EDGE ( 'NONE', *, *, #4138, .F. ) ;
#2948 = VECTOR ( 'NONE', #3806, 1000.000000000000000 ) ;
#2949 = AXIS2_PLACEMENT_3D ( 'NONE', #2412, #5450, #1576 ) ;
#2950 = CARTESIAN_POINT ( 'NONE',  ( 1.399999999999998800, 0.6049999999999999800, 6.071532165918822500E-015 ) ) ;
#2951 = LINE ( 'NONE', #2668, #3823 ) ;
#2952 = DIRECTION ( 'NONE',  ( -0.0000000000000000000, -1.000000000000000000, -0.0000000000000000000 ) ) ;
#2953 = LINE ( 'NONE', #5059, #5177 ) ;
#2954 = VECTOR ( 'NONE', #2403, 1000.000000000000000 ) ;
#2955 = FACE_OUTER_BOUND ( 'NONE', #1862, .T. ) ;
#2956 = ADVANCED_FACE ( 'NONE', ( #5193 ), #4238, .F. ) ;
#2957 = ADVANCED_FACE ( 'NONE', ( #2306 ), #3832, .F. ) ;
#2958 = LINE ( 'NONE', #4120, #1941 ) ;
#2959 = DIRECTION ( 'NONE',  ( 6.814985084194595100E-015, 0.0000000000000000000, -1.000000000000000000 ) ) ;
#2960 = AXIS2_PLACEMENT_3D ( 'NONE', #2269, #985, #79 ) ;
#2961 = CARTESIAN_POINT ( 'NONE',  ( 0.0000000000000000000, -0.02500000000000000100, -2.449999999999999700 ) ) ;
#2962 = LINE ( 'NONE', #2210, #5119 ) ;
#2963 = EDGE_LOOP ( 'NONE', ( #1356, #2250, #2314, #602 ) ) ;
#2964 = LINE ( 'NONE', #2677, #2827 ) ;
#2965 = ADVANCED_FACE ( 'NONE', ( #5386 ), #2595, .T. ) ;
#2966 = EDGE_CURVE ( 'NONE', #4730, #1286, #1200, .T. ) ;
#2967 = EDGE_LOOP ( 'NONE', ( #4463, #4583, #1065, #5566 ) ) ;
#2968 = VECTOR ( 'NONE', #241, 1000.000000000000000 ) ;
#2969 = ORIENTED_EDGE ( 'NONE', *, *, #1708, .T. ) ;
#2970 = ORIENTED_EDGE ( 'NONE', *, *, #3697, .F. ) ;
#2971 = CARTESIAN_POINT ( 'NONE',  ( 0.2499999999999932800, 0.5250000000000000200, -1.499999999999994900 ) ) ;
#2972 = ORIENTED_EDGE ( 'NONE', *, *, #1236, .T. ) ;
#2973 = CARTESIAN_POINT ( 'NONE',  ( 0.2499999999999954500, 0.5250000000000000200, -0.2500000000000082700 ) ) ;
#2974 = ORIENTED_EDGE ( 'NONE', *, *, #2070, .T. ) ;
#2975 = EDGE_CURVE ( 'NONE', #453, #865, #1484, .T. ) ;
#2976 = ORIENTED_EDGE ( 'NONE', *, *, #1894, .T. ) ;
#2977 = ORIENTED_EDGE ( 'NONE', *, *, #893, .T. ) ;
#2978 = DIRECTION ( 'NONE',  ( -1.000000000000000000, 0.0000000000000000000, -6.976605283819857400E-015 ) ) ;
#2979 = CARTESIAN_POINT ( 'NONE',  ( 1.931851143701446800E-015, 0.0000000000000000000, 2.450000000000002000 ) ) ;
#2980 = DIRECTION ( 'NONE',  ( -1.000000000000000000, 0.0000000000000000000, 0.0000000000000000000 ) ) ;
#2981 = ORIENTED_EDGE ( 'NONE', *, *, #2519, .F. ) ;
#2982 =( BOUNDED_CURVE ( )  B_SPLINE_CURVE ( 3, ( #3017, #860, #3898, #3037 ),
 .UNSPECIFIED., .F., .F. ) 
 B_SPLINE_CURVE_WITH_KNOTS ( ( 4, 4 ),
 ( 0.0000000000000000000, 1.000000000000000000 ),
 .UNSPECIFIED. ) 
 CURVE ( )  GEOMETRIC_REPRESENTATION_ITEM ( )  RATIONAL_B_SPLINE_CURVE ( ( 1.000000000000000000, 0.4269957486570999400, 0.4269957486570999400, 1.000000000000000000 ) ) 
 REPRESENTATION_ITEM ( '' )  );
#2983 = EDGE_CURVE ( 'NONE', #649, #2285, #2439, .T. ) ;
#2984 = DESIGN_CONTEXT ( 'detailed design', #2303, 'design' ) ;
#2985 = EDGE_CURVE ( 'NONE', #3619, #4738, #2566, .T. ) ;
#2986 = ORIENTED_EDGE ( 'NONE', *, *, #5173, .T. ) ;
#2987 = DIRECTION ( 'NONE',  ( 6.976605283819857400E-015, 0.0000000000000000000, -1.000000000000000000 ) ) ;
#2988 = AXIS2_PLACEMENT_3D ( 'NONE', #5415, #4156, #4530 ) ;
#2989 = ADVANCED_FACE ( 'NONE', ( #3316 ), #5562, .F. ) ;
#2990 = EDGE_LOOP ( 'NONE', ( #3916, #3050, #4962, #1899 ) ) ;
#2991 = LINE ( 'NONE', #3942, #663 ) ;
#2992 = DIRECTION ( 'NONE',  ( -1.055918637551109700E-014, 0.0000000000000000000, 1.000000000000000000 ) ) ;
#2993 = CARTESIAN_POINT ( 'NONE',  ( 1.449999999999998400, 0.6000000000000000900, -1.449999999999990900 ) ) ;
#2994 = ADVANCED_FACE ( 'NONE', ( #1891 ), #5098, .T. ) ;
#2995 = AXIS2_PLACEMENT_3D ( 'NONE', #131, #4905, #4872 ) ;
#2996 = FACE_OUTER_BOUND ( 'NONE', #5255, .T. ) ;
#2997 = AXIS2_PLACEMENT_3D ( 'NONE', #541, #999, #1879 ) ;
#2998 = VECTOR ( 'NONE', #3402, 1000.000000000000000 ) ;
#2999 = CARTESIAN_POINT ( 'NONE',  ( 1.040056992122280400, 0.6000000000000000900, 6.873185830812742000E-015 ) ) ;
#3000 = CARTESIAN_POINT ( 'NONE',  ( 1.900000000000000800, -0.02500000000000000100, 2.450000000000000600 ) ) ;
#3001 = CARTESIAN_POINT ( 'NONE',  ( 0.6500000000000011300, 0.6049999999999999800, 4.429740304726498000E-015 ) ) ;
#3002 = DIRECTION ( 'NONE',  ( 0.0000000000000000000, 0.0000000000000000000, -1.000000000000000000 ) ) ;
#3003 = DIRECTION ( 'NONE',  ( 0.0000000000000000000, 0.0000000000000000000, -1.000000000000000000 ) ) ;
#3004 = VERTEX_POINT ( 'NONE', #3434 ) ;
#3005 = VERTEX_POINT ( 'NONE', #1260 ) ;
#3006 = ORIENTED_EDGE ( 'NONE', *, *, #4913, .T. ) ;
#3007 = CARTESIAN_POINT ( 'NONE',  ( 0.6249999999999845700, 0.5250000000000000200, -0.1500000000000082700 ) ) ;
#3008 = DIRECTION ( 'NONE',  ( -3.071906155375596900E-015, 0.0000000000000000000, 1.000000000000000000 ) ) ;
#3009 = CARTESIAN_POINT ( 'NONE',  ( -1.038948516590462200E-014, 0.5250000000000000200, 1.449999999999993300 ) ) ;
#3010 = CARTESIAN_POINT ( 'NONE',  ( -1.400000000000001200, 0.6000000000000000900, -1.399999999999999900 ) ) ;
#3011 = APPROVAL_PERSON_ORGANIZATION ( #1036, #581, #98 ) ;
#3012 = ORIENTED_EDGE ( 'NONE', *, *, #482, .T. ) ;
#3013 = EDGE_CURVE ( 'NONE', #574, #1073, #2632, .T. ) ;
#3014 = ADVANCED_FACE ( 'NONE', ( #5455 ), #4352, .T. ) ;
#3015 = DIRECTION ( 'NONE',  ( -1.000000000000000000, 0.0000000000000000000, -1.037736365093268500E-014 ) ) ;
#3016 = EDGE_CURVE ( 'NONE', #1890, #3940, #2369, .T. ) ;
#3017 = CARTESIAN_POINT ( 'NONE',  ( -0.1999999999999987900, 0.5250000000000000200, -1.050000000000000700 ) ) ;
#3018 = VECTOR ( 'NONE', #2054, 1000.000000000000000 ) ;
#3019 = CARTESIAN_POINT ( 'NONE',  ( -1.899999999999999200, 0.0000000000000000000, -0.2999999999999986000 ) ) ;
#3020 = VECTOR ( 'NONE', #2619, 1000.000000000000000 ) ;
#3021 = ORIENTED_EDGE ( 'NONE', *, *, #2985, .F. ) ;
#3022 = ORIENTED_EDGE ( 'NONE', *, *, #4956, .T. ) ;
#3023 = ADVANCED_FACE ( 'NONE', ( #853 ), #1798, .T. ) ;
#3024 = CARTESIAN_POINT ( 'NONE',  ( 1.100000000000001400, 0.6049999999999999800, 7.723649762087223400E-015 ) ) ;
#3025 = FACE_OUTER_BOUND ( 'NONE', #5396, .T. ) ;
#3026 = VECTOR ( 'NONE', #4598, 1000.000000000000000 ) ;
#3027 = FACE_OUTER_BOUND ( 'NONE', #3090, .T. ) ;
#3028 = VECTOR ( 'NONE', #2860, 1000.000000000000000 ) ;
#3029 = DIRECTION ( 'NONE',  ( -0.0000000000000000000, -1.000000000000000000, -0.0000000000000000000 ) ) ;
#3030 = CARTESIAN_POINT ( 'NONE',  ( 1.400000000000003700, 0.6049999999999999800, -1.099999999999996300 ) ) ;
#3031 = LINE ( 'NONE', #4454, #1400 ) ;
#3032 = CARTESIAN_POINT ( 'NONE',  ( -1.449999999999999300, -0.02500000000000000100, -1.449999999999999300 ) ) ;
#3033 = CIRCLE ( 'NONE', #870, 0.02499999999999995600 ) ;
#3034 = CIRCLE ( 'NONE', #1064, 0.02500000000000006400 ) ;
#3035 = VERTEX_POINT ( 'NONE', #911 ) ;
#3036 = DIRECTION ( 'NONE',  ( 1.000000000000000000, 0.0000000000000000000, -7.228014483236698500E-016 ) ) ;
#3037 = CARTESIAN_POINT ( 'NONE',  ( 0.4131747151231465700, 0.6069474020819573000, -1.228842625244249700 ) ) ;
#3038 = LINE ( 'NONE', #4914, #568 ) ;
#3039 = CC_DESIGN_PERSON_AND_ORGANIZATION_ASSIGNMENT ( #5356, #3614, ( #4078 ) ) ;
#3040 = AXIS2_PLACEMENT_3D ( 'NONE', #3324, #4181, #2918 ) ;
#3041 = DIRECTION ( 'NONE',  ( -0.0000000000000000000, -1.000000000000000000, -0.0000000000000000000 ) ) ;
#3042 = EDGE_LOOP ( 'NONE', ( #5433, #2433, #3809, #247 ) ) ;
#3043 = VECTOR ( 'NONE', #3377, 1000.000000000000000 ) ;
#3044 = ORIENTED_EDGE ( 'NONE', *, *, #2443, .T. ) ;
#3045 = ORIENTED_EDGE ( 'NONE', *, *, #5345, .T. ) ;
#3046 = DIRECTION ( 'NONE',  ( -0.0000000000000000000, -1.000000000000000000, -0.0000000000000000000 ) ) ;
#3047 = VERTEX_POINT ( 'NONE', #4819 ) ;
#3048 = DIRECTION ( 'NONE',  ( -1.000000000000000000, 0.0000000000000000000, 0.0000000000000000000 ) ) ;
#3049 = EDGE_CURVE ( 'NONE', #3959, #4528, #927, .T. ) ;
#3050 = ORIENTED_EDGE ( 'NONE', *, *, #5349, .F. ) ;
#3051 = ORIENTED_EDGE ( 'NONE', *, *, #4709, .T. ) ;
#3052 = VERTEX_POINT ( 'NONE', #479 ) ;
#3053 = DIRECTION ( 'NONE',  ( 1.000000000000000000, 0.0000000000000000000, 0.0000000000000000000 ) ) ;
#3054 = DIRECTION ( 'NONE',  ( 1.000000000000000000, 0.0000000000000000000, 6.976605283819831400E-015 ) ) ;
#3055 = DIRECTION ( 'NONE',  ( 1.046490792572974600E-014, 0.0000000000000000000, -1.000000000000000000 ) ) ;
#3056 = EDGE_CURVE ( 'NONE', #523, #2480, #3181, .T. ) ;
#3057 = DIRECTION ( 'NONE',  ( -0.0000000000000000000, -1.000000000000000000, -0.0000000000000000000 ) ) ;
#3058 = EDGE_CURVE ( 'NONE', #5120, #3872, #5521, .T. ) ;
#3059 = EDGE_LOOP ( 'NONE', ( #4993, #103, #1857, #650 ) ) ;
#3060 = ADVANCED_FACE ( 'NONE', ( #1000 ), #3929, .F. ) ;
#3061 = EDGE_LOOP ( 'NONE', ( #4112, #1153, #3741, #2510 ) ) ;
#3062 = DIRECTION ( 'NONE',  ( 7.021499783715649500E-015, 0.0000000000000000000, -1.000000000000000000 ) ) ;
#3063 = DIRECTION ( 'NONE',  ( 0.0000000000000000000, 1.000000000000000000, 0.0000000000000000000 ) ) ;
#3064 = PLANE ( 'NONE',  #181 ) ;
#3065 = VECTOR ( 'NONE', #2866, 1000.000000000000000 ) ;
#3066 = DIRECTION ( 'NONE',  ( 1.032573497605242300E-014, 0.0000000000000000000, -1.000000000000000000 ) ) ;
#3067 = VECTOR ( 'NONE', #4765, 1000.000000000000000 ) ;
#3068 = AXIS2_PLACEMENT_3D ( 'NONE', #1478, #958, #517 ) ;
#3069 = LINE ( 'NONE', #2740, #955 ) ;
#3070 = DIRECTION ( 'NONE',  ( -0.0000000000000000000, -1.000000000000000000, -0.0000000000000000000 ) ) ;
#3071 = PLANE ( 'NONE',  #1837 ) ;
#3072 = CARTESIAN_POINT ( 'NONE',  ( -0.3500000000000078000, 0.6049999999999999800, 0.7400569921222770500 ) ) ;
#3073 = AXIS2_PLACEMENT_3D ( 'NONE', #5310, #512, #3606 ) ;
#3074 = DESIGN_CONTEXT ( 'detailed design', #2750, 'design' ) ;
#3075 = ORIENTED_EDGE ( 'NONE', *, *, #2797, .T. ) ;
#3076 = CARTESIAN_POINT ( 'NONE',  ( 1.124999999999984500, 0.5000000000000000000, -0.1500000000000082700 ) ) ;
#3077 = CARTESIAN_POINT ( 'NONE',  ( 1.900000000000000800, -0.02500000000000000100, -2.449999999999999700 ) ) ;
#3078 = CARTESIAN_POINT ( 'NONE',  ( 0.0000000000000000000, 0.6049999999999999800, 0.0000000000000000000 ) ) ;
#3079 = CARTESIAN_POINT ( 'NONE',  ( 2.600000000000000100, 0.0000000000000000000, 2.599999999999999600 ) ) ;
#3080 = ORIENTED_EDGE ( 'NONE', *, *, #4773, .F. ) ;
#3081 = EDGE_CURVE ( 'NONE', #2231, #2270, #573, .T. ) ;
#3082 = PERSON_AND_ORGANIZATION ( #5627, #2878 ) ;
#3083 = DIRECTION ( 'NONE',  ( 1.000000000000000000, 0.0000000000000000000, -1.084202172485504400E-016 ) ) ;
#3084 = DIRECTION ( 'NONE',  ( -0.0000000000000000000, -1.000000000000000000, -0.0000000000000000000 ) ) ;
#3085 = ORIENTED_EDGE ( 'NONE', *, *, #3875, .T. ) ;
#3086 = FACE_OUTER_BOUND ( 'NONE', #3523, .T. ) ;
#3087 = CARTESIAN_POINT ( 'NONE',  ( 0.2500000000000060500, 0.5250000000000000200, 1.124999999999969800 ) ) ;
#3088 = VERTEX_POINT ( 'NONE', #1375 ) ;
#3089 = DIRECTION ( 'NONE',  ( 6.866613759074860100E-015, 0.0000000000000000000, -1.000000000000000000 ) ) ;
#3090 = EDGE_LOOP ( 'NONE', ( #2679, #5090, #778, #3389 ) ) ;
#3091 = DIRECTION ( 'NONE',  ( 0.0000000000000000000, 0.0000000000000000000, 1.000000000000000000 ) ) ;
#3092 = VECTOR ( 'NONE', #5383, 1000.000000000000000 ) ;
#3093 = EDGE_CURVE ( 'NONE', #2731, #4227, #4048, .T. ) ;
#3094 = EDGE_CURVE ( 'NONE', #2031, #1788, #1413, .T. ) ;
#3095 = LINE ( 'NONE', #2195, #5237 ) ;
#3096 = LINE ( 'NONE', #2844, #5042 ) ;
#3097 = DIRECTION ( 'NONE',  ( 0.0000000000000000000, 0.0000000000000000000, -1.000000000000000000 ) ) ;
#3098 = DIRECTION ( 'NONE',  ( 0.0000000000000000000, -1.000000000000000000, 0.0000000000000000000 ) ) ;
#3099 = LINE ( 'NONE', #5530, #3763 ) ;
#3100 = CIRCLE ( 'NONE', #2843, 2.366562737571762800 ) ;
#3101 = CARTESIAN_POINT ( 'NONE',  ( -0.2999999999999988200, 0.0000000000000000000, 2.100000000000001000 ) ) ;
#3102 = DIRECTION ( 'NONE',  ( 0.0000000000000000000, 0.0000000000000000000, -1.000000000000000000 ) ) ;
#3104 = DIRECTION ( 'NONE',  ( -1.000000000000000000, 0.0000000000000000000, -3.758567531283069900E-015 ) ) ;
#3103 = DIRECTION ( 'NONE',  ( 5.782411586588803500E-016, 0.0000000000000000000, -1.000000000000000000 ) ) ;
#3105 = LINE ( 'NONE', #3209, #1944 ) ;
#3106 = ORIENTED_EDGE ( 'NONE', *, *, #1122, .T. ) ;
#3107 = FACE_OUTER_BOUND ( 'NONE', #1244, .T. ) ;
#3108 = AXIS2_PLACEMENT_3D ( 'NONE', #2467, #2916, #1163 ) ;
#3109 = DIRECTION ( 'NONE',  ( 0.0000000000000000000, 1.000000000000000000, -0.0000000000000000000 ) ) ;
#3110 = CARTESIAN_POINT ( 'NONE',  ( -2.399999999999999500, -0.02500000000000000100, -0.2999999999999986600 ) ) ;
#3111 = ORIENTED_EDGE ( 'NONE', *, *, #2755, .T. ) ;
#3112 = FACE_OUTER_BOUND ( 'NONE', #1856, .T. ) ;
#3113 = EDGE_LOOP ( 'NONE', ( #311, #1795, #1959, #3852 ) ) ;
#3114 = VERTEX_POINT ( 'NONE', #2664 ) ;
#3115 = DIRECTION ( 'NONE',  ( 1.000000000000000000, -0.0000000000000000000, 0.0000000000000000000 ) ) ;
#3116 = ORIENTED_EDGE ( 'NONE', *, *, #3594, .F. ) ;
#3117 = DIRECTION ( 'NONE',  ( 0.0000000000000000000, 0.0000000000000000000, 1.000000000000000000 ) ) ;
#3118 = ORIENTED_EDGE ( 'NONE', *, *, #2862, .T. ) ;
#3119 = ORIENTED_EDGE ( 'NONE', *, *, #1995, .F. ) ;
#3120 = CARTESIAN_POINT ( 'NONE',  ( 0.3000000000000130900, 0.6000000000000000900, -1.449999999999994600 ) ) ;
#3121 = CARTESIAN_POINT ( 'NONE',  ( -0.2999999999999991000, -0.02500000000000000100, -2.449999999999999700 ) ) ;
#3122 = VERTEX_POINT ( 'NONE', #4759 ) ;
#3123 = PLANE ( 'NONE',  #2921 ) ;
#3124 = ORIENTED_EDGE ( 'NONE', *, *, #1640, .F. ) ;
#3125 = CARTESIAN_POINT ( 'NONE',  ( 0.6249999999999845700, 0.5250000000000000200, -0.2500000000000082700 ) ) ;
#3126 = EDGE_LOOP ( 'NONE', ( #3383, #679, #2581, #1820 ) ) ;
#3127 = DIRECTION ( 'NONE',  ( -0.0000000000000000000, -1.000000000000000000, -0.0000000000000000000 ) ) ;
#3128 = DIRECTION ( 'NONE',  ( -7.228014483236689700E-016, 0.0000000000000000000, -1.000000000000000000 ) ) ;
#3129 = EDGE_CURVE ( 'NONE', #2103, #3352, #3775, .T. ) ;
#3130 = EDGE_CURVE ( 'NONE', #209, #3393, #4725, .T. ) ;
#3131 = FACE_BOUND ( 'NONE', #1143, .T. ) ;
#3132 = ORIENTED_EDGE ( 'NONE', *, *, #1144, .F. ) ;
#3133 = VECTOR ( 'NONE', #2593, 1000.000000000000000 ) ;
#3134 = APPROVAL_ROLE ( '' ) ;
#3135 = CARTESIAN_POINT ( 'NONE',  ( 0.3870237522754217400, 0.6027504949440695100, -0.4787847389196696600 ) ) ;
#3136 = CARTESIAN_POINT ( 'NONE',  ( -0.2500000000000000000, 0.5250000000000000200, -0.6250000000000005600 ) ) ;
#3137 = FACE_BOUND ( 'NONE', #4328, .T. ) ;
#3138 = CARTESIAN_POINT ( 'NONE',  ( -0.7400569921222807100, 0.6000000000000000900, 7.641632367829184200E-017 ) ) ;
#3139 = VECTOR ( 'NONE', #3244, 1000.000000000000000 ) ;
#3140 = DIRECTION ( 'NONE',  ( 0.003478777433787417600, 0.9999939490354760000, -0.0000000000000000000 ) ) ;
#3141 = ORIENTED_EDGE ( 'NONE', *, *, #1177, .T. ) ;
#3142 = CARTESIAN_POINT ( 'NONE',  ( 8.279362044434755800E-016, -0.02500000000000000100, -2.099999999999999600 ) ) ;
#3144 = DIRECTION ( 'NONE',  ( 0.0000000000000000000, 0.0000000000000000000, 1.000000000000000000 ) ) ;
#3143 = DIRECTION ( 'NONE',  ( 1.032573497605242300E-014, 0.0000000000000000000, -1.000000000000000000 ) ) ;
#3145 = ORIENTED_EDGE ( 'NONE', *, *, #2474, .T. ) ;
#3146 = CARTESIAN_POINT ( 'NONE',  ( -1.040056992122280400, 0.6000000000000000900, -0.3499999999999999800 ) ) ;
#3147 = PLANE ( 'NONE',  #3565 ) ;
#3148 = CC_DESIGN_APPROVAL ( #2744, ( #4006 ) ) ;
#3149 = AXIS2_PLACEMENT_3D ( 'NONE', #4217, #2470, #1635 ) ;
#3150 = VERTEX_POINT ( 'NONE', #3908 ) ;
#3151 = EDGE_LOOP ( 'NONE', ( #823, #5606, #1345, #180 ) ) ;
#3152 = CARTESIAN_POINT ( 'NONE',  ( 0.3466828485738840900, 0.5893968806677927200, -0.5051341691659514400 ) ) ;
#3153 = CALENDAR_DATE ( 2019, 28, 10 ) ;
#3154 = DIRECTION ( 'NONE',  ( -0.0000000000000000000, -1.000000000000000000, -0.0000000000000000000 ) ) ;
#3155 = VERTEX_POINT ( 'NONE', #57 ) ;
#3156 = CARTESIAN_POINT ( 'NONE',  ( 1.900000000000000800, -0.02500000000000000100, -0.2999999999999986000 ) ) ;
#3157 = AXIS2_PLACEMENT_3D ( 'NONE', #5417, #2437, #4601 ) ;
#3158 = LINE ( 'NONE', #1167, #4372 ) ;
#3159 = CARTESIAN_POINT ( 'NONE',  ( 0.3803020485263266500, 0.6049999999999997600, -1.266146283034648200 ) ) ;
#3160 = VECTOR ( 'NONE', #204, 1000.000000000000000 ) ;
#3161 = ORIENTED_EDGE ( 'NONE', *, *, #5144, .T. ) ;
#3162 = ORIENTED_EDGE ( 'NONE', *, *, #5315, .F. ) ;
#3163 = EDGE_CURVE ( 'NONE', #1929, #4117, #2772, .T. ) ;
#3164 = VECTOR ( 'NONE', #3586, 1000.000000000000000 ) ;
#3165 = CARTESIAN_POINT ( 'NONE',  ( 1.040056992122271100, 0.6049999999999999800, 1.400000000000007700 ) ) ;
#3166 = VECTOR ( 'NONE', #5472, 1000.000000000000000 ) ;
#3167 = LINE ( 'NONE', #1628, #4309 ) ;
#3168 = VECTOR ( 'NONE', #1146, 1000.000000000000000 ) ;
#3169 = EDGE_CURVE ( 'NONE', #3834, #115, #5595, .T. ) ;
#3170 = FACE_OUTER_BOUND ( 'NONE', #4319, .T. ) ;
#3171 = APPROVAL_ROLE ( '' ) ;
#3172 = LINE ( 'NONE', #3199, #5376 ) ;
#3173 = CARTESIAN_POINT ( 'NONE',  ( 0.3500000000000038600, 0.6049999999999999800, -1.099999999999999900 ) ) ;
#3174 = AXIS2_PLACEMENT_3D ( 'NONE', #2891, #2089, #1229 ) ;
#3175 = VECTOR ( 'NONE', #5571, 1000.000000000000000 ) ;
#3176 = EDGE_LOOP ( 'NONE', ( #5263, #303, #1291, #5033 ) ) ;
#3177 = LINE ( 'NONE', #2808, #5187 ) ;
#3179 = DIRECTION ( 'NONE',  ( 1.000000000000000000, 0.0000000000000000000, 7.165162183382530900E-015 ) ) ;
#3178 = CARTESIAN_POINT ( 'NONE',  ( 1.040056992122278200, 0.6049999999999999800, 0.3500000000000073600 ) ) ;
#3180 = VERTEX_POINT ( 'NONE', #3110 ) ;
#3181 = LINE ( 'NONE', #5209, #3385 ) ;
#3182 = ORIENTED_EDGE ( 'NONE', *, *, #5278, .F. ) ;
#3183 = EDGE_LOOP ( 'NONE', ( #5333, #3161, #1017, #361 ) ) ;
#3184 = ORIENTED_EDGE ( 'NONE', *, *, #4954, .F. ) ;
#3185 = CARTESIAN_POINT ( 'NONE',  ( -0.6249999999999942300, 0.5000000000000000000, 0.2500000000000071100 ) ) ;
#3186 = CARTESIAN_POINT ( 'NONE',  ( -1.450000000000008600, 0.6000000000000000900, 1.449999999999980600 ) ) ;
#3187 = VERTEX_POINT ( 'NONE', #1359 ) ;
#3188 = ORIENTED_EDGE ( 'NONE', *, *, #1962, .F. ) ;
#3189 = ORIENTED_EDGE ( 'NONE', *, *, #886, .F. ) ;
#3190 = APPROVAL_STATUS ( 'not_yet_approved' ) ;
#3191 = EDGE_CURVE ( 'NONE', #4951, #4998, #1751, .T. ) ;
#3192 = CARTESIAN_POINT ( 'NONE',  ( 0.2999999999999961600, 0.6000000000000000900, 1.449999999999995500 ) ) ;
#3193 = ORIENTED_EDGE ( 'NONE', *, *, #519, .F. ) ;
#3194 = DIRECTION ( 'NONE',  ( 1.011922027653137300E-014, 0.0000000000000000000, -1.000000000000000000 ) ) ;
#3195 = CARTESIAN_POINT ( 'NONE',  ( -1.899999999999999200, -0.02500000000000000100, -2.449999999999999700 ) ) ;
#3196 = DIRECTION ( 'NONE',  ( 1.048062100069321000E-014, 0.0000000000000000000, -1.000000000000000000 ) ) ;
#3197 = VECTOR ( 'NONE', #372, 1000.000000000000000 ) ;
#3199 = CARTESIAN_POINT ( 'NONE',  ( -1.399999999999999700, -0.02500000000000000100, 2.450000000000000600 ) ) ;
#3198 = CARTESIAN_POINT ( 'NONE',  ( 2.399999999999999900, -0.02500000000000000100, -2.449999999999999700 ) ) ;
#3200 = ORIENTED_EDGE ( 'NONE', *, *, #1192, .F. ) ;
#3201 = LINE ( 'NONE', #2359, #1360 ) ;
#3202 = CARTESIAN_POINT ( 'NONE',  ( -0.3500000000000001400, 0.6049999999999999800, -3.604972223514306200E-015 ) ) ;
#3203 = LINE ( 'NONE', #454, #3067 ) ;
#3204 = EDGE_CURVE ( 'NONE', #5613, #1579, #2236, .T. ) ;
#3205 = CARTESIAN_POINT ( 'NONE',  ( 0.3751779239116580500, 0.6050000000000921300, -1.241734346202942200 ) ) ;
#3206 = LINE ( 'NONE', #3705, #1094 ) ;
#3207 = CARTESIAN_POINT ( 'NONE',  ( 0.0000000000000000000, 0.5250000000000000200, 0.0000000000000000000 ) ) ;
#3208 = CARTESIAN_POINT ( 'NONE',  ( -2.399999999999999900, 0.0000000000000000000, -2.449999999999999700 ) ) ;
#3209 = CARTESIAN_POINT ( 'NONE',  ( 3.436592915406370200E-015, 0.6000000000000000900, -1.040056992122280200 ) ) ;
#3210 = ORIENTED_EDGE ( 'NONE', *, *, #3630, .F. ) ;
#3211 = CARTESIAN_POINT ( 'NONE',  ( 0.2500000000000060500, 0.5000000000000000000, 1.124999999999969800 ) ) ;
#3212 = PLANE ( 'NONE',  #4803 ) ;
#3213 = VERTEX_POINT ( 'NONE', #1031 ) ;
#3214 = PERSON_AND_ORGANIZATION ( #5627, #2878 ) ;
#3215 = CARTESIAN_POINT ( 'NONE',  ( -0.3000000000000062100, 0.6000000000000000900, -1.449999999999993300 ) ) ;
#3216 = CARTESIAN_POINT ( 'NONE',  ( 0.3870237522754217400, 0.6027504949440695100, -0.4787847389196696600 ) ) ;
#3217 = ORIENTED_EDGE ( 'NONE', *, *, #3235, .F. ) ;
#3218 = ADVANCED_FACE ( 'NONE', ( #3581 ), #3147, .T. ) ;
#3219 = CC_DESIGN_PERSON_AND_ORGANIZATION_ASSIGNMENT ( #5031, #1018, ( #4341 ) ) ;
#3220 = DIRECTION ( 'NONE',  ( 0.0000000000000000000, 1.000000000000000000, 0.0000000000000000000 ) ) ;
#3221 = PERSON_AND_ORGANIZATION ( #5627, #2878 ) ;
#3222 = VERTEX_POINT ( 'NONE', #973 ) ;
#3223 = ORIENTED_EDGE ( 'NONE', *, *, #1601, .F. ) ;
#3224 = CARTESIAN_POINT ( 'NONE',  ( 0.2499999999999958900, 0.5250000000000000200, 0.2500000000000028300 ) ) ;
#3225 = CARTESIAN_POINT ( 'NONE',  ( 1.399999999999998800, 0.6000000000000000900, 6.071532165918822500E-015 ) ) ;
#3226 = LINE ( 'NONE', #3859, #760 ) ;
#3227 = DIRECTION ( 'NONE',  ( 0.0000000000000000000, 1.000000000000000000, -0.0000000000000000000 ) ) ;
#3228 = EDGE_CURVE ( 'NONE', #3505, #1262, #109, .T. ) ;
#3229 = LINE ( 'NONE', #4417, #2219 ) ;
#3230 = VECTOR ( 'NONE', #4487, 1000.000000000000000 ) ;
#3231 = CARTESIAN_POINT ( 'NONE',  ( -1.040056992122280400, 0.6049999999999999800, 2.147870572128981900E-016 ) ) ;
#3232 = VECTOR ( 'NONE', #4619, 1000.000000000000000 ) ;
#3233 = EDGE_CURVE ( 'NONE', #5102, #5092, #3912, .T. ) ;
#3234 = FACE_OUTER_BOUND ( 'NONE', #1823, .T. ) ;
#3235 = EDGE_CURVE ( 'NONE', #438, #237, #170, .T. ) ;
#3236 = DIRECTION ( 'NONE',  ( 2.017120320903264400E-016, 0.0000000000000000000, 1.000000000000000000 ) ) ;
#3237 = VECTOR ( 'NONE', #2153, 1000.000000000000000 ) ;
#3238 = ORIENTED_EDGE ( 'NONE', *, *, #2544, .F. ) ;
#3239 = CARTESIAN_POINT ( 'NONE',  ( 0.2999999999999961600, 0.5250000000000000200, 1.449999999999995500 ) ) ;
#3240 = ORIENTED_EDGE ( 'NONE', *, *, #3349, .T. ) ;
#3241 = VECTOR ( 'NONE', #426, 1000.000000000000000 ) ;
#3242 = ORIENTED_EDGE ( 'NONE', *, *, #4196, .F. ) ;
#3243 = ORIENTED_EDGE ( 'NONE', *, *, #4540, .T. ) ;
#3244 = DIRECTION ( 'NONE',  ( 7.744301232039306800E-016, 0.0000000000000000000, -1.000000000000000000 ) ) ;
#3245 = CARTESIAN_POINT ( 'NONE',  ( 0.7400569921222711600, 0.6049999999999999800, 1.400000000000005900 ) ) ;
#3246 = CARTESIAN_POINT ( 'NONE',  ( 0.3759535125799210500, 0.6050000000000928000, -0.5099706961049402800 ) ) ;
#3247 = AXIS2_PLACEMENT_3D ( 'NONE', #2393, #1092, #2447 ) ;
#3248 = ORIENTED_EDGE ( 'NONE', *, *, #1667, .T. ) ;
#3249 = ADVANCED_FACE ( 'NONE', ( #1275 ), #4060, .T. ) ;
#3250 = VERTEX_POINT ( 'NONE', #496 ) ;
#3251 = ORIENTED_EDGE ( 'NONE', *, *, #2943, .T. ) ;
#3252 = VERTEX_POINT ( 'NONE', #3592 ) ;
#3253 = AXIS2_PLACEMENT_3D ( 'NONE', #4363, #906, #884 ) ;
#3254 = ORIENTED_EDGE ( 'NONE', *, *, #1923, .T. ) ;
#3255 = AXIS2_PLACEMENT_3D ( 'NONE', #5452, #1183, #3283 ) ;
#3256 = DIRECTION ( 'NONE',  ( 1.000000000000000000, 0.0000000000000000000, 1.037736365093268500E-014 ) ) ;
#3257 = CARTESIAN_POINT ( 'NONE',  ( -1.931851143701444800E-015, 0.0000000000000000000, 2.450000000000002000 ) ) ;
#3258 = CARTESIAN_POINT ( 'NONE',  ( 2.600000000000000100, 0.5000000000000000000, 2.599999999999999600 ) ) ;
#3259 = EDGE_LOOP ( 'NONE', ( #2743, #3364, #1750, #3462 ) ) ;
#3260 = CARTESIAN_POINT ( 'NONE',  ( -1.500000000000001300, 0.5250000000000000200, -0.2499999999999998300 ) ) ;
#3261 = EDGE_CURVE ( 'NONE', #5613, #1211, #3512, .T. ) ;
#3262 = CARTESIAN_POINT ( 'NONE',  ( 2.400000000000000400, -0.02500000000000000100, 0.3000000000000012700 ) ) ;
#3263 = DIRECTION ( 'NONE',  ( 2.017120320903264700E-016, 0.0000000000000000000, 1.000000000000000000 ) ) ;
#3264 = CIRCLE ( 'NONE', #2949, 0.02499999999999996700 ) ;
#3265 = DIRECTION ( 'NONE',  ( -1.000000000000000000, 0.0000000000000000000, -3.304235192336774700E-015 ) ) ;
#3266 = VERTEX_POINT ( 'NONE', #2784 ) ;
#3267 = VECTOR ( 'NONE', #4611, 1000.000000000000000 ) ;
#3268 = DIRECTION ( 'NONE',  ( 0.0000000000000000000, 1.000000000000000000, 0.0000000000000000000 ) ) ;
#3269 = DIRECTION ( 'NONE',  ( -0.0000000000000000000, -1.000000000000000000, -0.0000000000000000000 ) ) ;
#3270 = CARTESIAN_POINT ( 'NONE',  ( -6.324512672832115800E-017, 0.6049999999999999800, -0.3500000000000001400 ) ) ;
#3271 = EDGE_CURVE ( 'NONE', #4539, #995, #3649, .T. ) ;
#3272 = FACE_OUTER_BOUND ( 'NONE', #5597, .T. ) ;
#3273 = ORIENTED_EDGE ( 'NONE', *, *, #2261, .F. ) ;
#3274 = EDGE_CURVE ( 'NONE', #1815, #2096, #4527, .T. ) ;
#3275 = PLANE ( 'NONE',  #4796 ) ;
#3276 = EDGE_CURVE ( 'NONE', #3155, #3052, #304, .T. ) ;
#3277 = ADVANCED_FACE ( 'NONE', ( #4591 ), #4021, .F. ) ;
#3278 = CARTESIAN_POINT ( 'NONE',  ( -0.1999999999999981200, 0.5250000000000000200, -0.7000000000000006200 ) ) ;
#3279 = ORIENTED_EDGE ( 'NONE', *, *, #3731, .T. ) ;
#3280 = AXIS2_PLACEMENT_3D ( 'NONE', #5099, #5043, #1615 ) ;
#3281 = DIRECTION ( 'NONE',  ( 1.000000000000000000, 0.0000000000000000000, 0.0000000000000000000 ) ) ;
#3282 = CARTESIAN_POINT ( 'NONE',  ( 0.0000000000000000000, 0.6049999999999999800, -1.400000000000000100 ) ) ;
#3283 = DIRECTION ( 'NONE',  ( 2.891205793294680600E-015, 0.0000000000000000000, -1.000000000000000000 ) ) ;
#3284 = ORIENTED_EDGE ( 'NONE', *, *, #5243, .F. ) ;
#3285 = CARTESIAN_POINT ( 'NONE',  ( -1.449999999999995700, 0.5250000000000000200, -1.449999999999993300 ) ) ;
#3286 = LOCAL_TIME ( 1, 35, 54.00000000000000000, #1450 ) ;
#3287 = AXIS2_PLACEMENT_3D ( 'NONE', #3202, #4020, #1500 ) ;
#3288 = AXIS2_PLACEMENT_3D ( 'NONE', #1903, #4065, #2729 ) ;
#3290 = ORIENTED_EDGE ( 'NONE', *, *, #5421, .T. ) ;
#3289 = ORIENTED_EDGE ( 'NONE', *, *, #925, .T. ) ;
#3291 = FACE_OUTER_BOUND ( 'NONE', #3657, .T. ) ;
#3292 = CARTESIAN_POINT ( 'NONE',  ( -0.2500000000000001100, 0.5249999999999999100, -0.7000000000000007300 ) ) ;
#3293 = LINE ( 'NONE', #4692, #688 ) ;
#3294 = VERTEX_POINT ( 'NONE', #3988 ) ;
#3295 = VERTEX_POINT ( 'NONE', #3165 ) ;
#3296 = VECTOR ( 'NONE', #1938, 1000.000000000000000 ) ;
#3297 = FACE_OUTER_BOUND ( 'NONE', #4662, .T. ) ;
#3298 = CARTESIAN_POINT ( 'NONE',  ( 1.900000000000000800, 0.0000000000000000000, -2.449999999999999700 ) ) ;
#3299 = DIRECTION ( 'NONE',  ( -0.2799999999999968600, 0.0000000000000000000, -0.9600000000000009600 ) ) ;
#3300 = DIRECTION ( 'NONE',  ( -1.000000000000000000, 0.0000000000000000000, 3.942553354492746000E-016 ) ) ;
#3301 = LINE ( 'NONE', #5468, #4167 ) ;
#3302 = DIRECTION ( 'NONE',  ( -1.000000000000000000, 0.0000000000000000000, 2.017120320903264700E-016 ) ) ;
#3303 = DIRECTION ( 'NONE',  ( 0.0000000000000000000, 0.0000000000000000000, -1.000000000000000000 ) ) ;
#3304 = DIRECTION ( 'NONE',  ( 1.548860246407861600E-016, 0.0000000000000000000, -1.000000000000000000 ) ) ;
#3305 = VECTOR ( 'NONE', #2309, 1000.000000000000000 ) ;
#3306 = ADVANCED_FACE ( 'NONE', ( #3170 ), #2400, .T. ) ;
#3307 = LINE ( 'NONE', #2273, #1264 ) ;
#3308 = EDGE_CURVE ( 'NONE', #5200, #3883, #1326, .T. ) ;
#3309 = LINE ( 'NONE', #2222, #4040 ) ;
#3310 = ORIENTED_EDGE ( 'NONE', *, *, #977, .F. ) ;
#3311 = EDGE_CURVE ( 'NONE', #1174, #3787, #421, .T. ) ;
#3312 = LINE ( 'NONE', #1445, #4652 ) ;
#3313 = CARTESIAN_POINT ( 'NONE',  ( 0.3500000000000012000, 0.6000000000000000900, 2.403314815676209500E-015 ) ) ;
#3314 = DIRECTION ( 'NONE',  ( 7.165162183382530900E-015, 0.0000000000000000000, -1.000000000000000000 ) ) ;
#3315 = ORIENTED_EDGE ( 'NONE', *, *, #560, .F. ) ;
#3316 = FACE_OUTER_BOUND ( 'NONE', #1758, .T. ) ;
#3317 = ORIENTED_EDGE ( 'NONE', *, *, #1598, .F. ) ;
#3318 = VERTEX_POINT ( 'NONE', #1047 ) ;
#3319 = ORIENTED_EDGE ( 'NONE', *, *, #2265, .F. ) ;
#3320 = DIRECTION ( 'NONE',  ( -0.0000000000000000000, -1.000000000000000000, -0.0000000000000000000 ) ) ;
#3321 = CARTESIAN_POINT ( 'NONE',  ( -0.2000000000000002100, 0.5250000000000000200, -1.100000000000000800 ) ) ;
#3322 = DIRECTION ( 'NONE',  ( 0.0000000000000000000, 1.000000000000000000, -0.0000000000000000000 ) ) ;
#3323 = DIRECTION ( 'NONE',  ( -2.065146995210485200E-016, 0.0000000000000000000, -1.000000000000000000 ) ) ;
#3324 = CARTESIAN_POINT ( 'NONE',  ( 0.0000000000000000000, 0.0000000000000000000, 0.0000000000000000000 ) ) ;
#3325 = ORIENTED_EDGE ( 'NONE', *, *, #1343, .F. ) ;
#3326 = ORIENTED_EDGE ( 'NONE', *, *, #745, .F. ) ;
#3327 = ORIENTED_EDGE ( 'NONE', *, *, #2110, .F. ) ;
#3328 = AXIS2_PLACEMENT_3D ( 'NONE', #5412, #4043, #570 ) ;
#3329 = CARTESIAN_POINT ( 'NONE',  ( 0.0000000000000000000, -0.02500000000000000100, 0.0000000000000000000 ) ) ;
#3330 = CARTESIAN_POINT ( 'NONE',  ( 0.2500000000000058800, 0.5000000000000000000, 1.500000000000005800 ) ) ;
#3331 = EDGE_LOOP ( 'NONE', ( #298, #2635, #2060, #3708 ) ) ;
#3332 = PRODUCT_RELATED_PRODUCT_CATEGORY ( 'detail', '', ( #921 ) ) ;
#3333 = LINE ( 'NONE', #4703, #1015 ) ;
#3334 = VERTEX_POINT ( 'NONE', #4077 ) ;
#3335 = DIRECTION ( 'NONE',  ( -1.000000000000000000, 0.0000000000000000000, -6.866613759074860900E-015 ) ) ;
#3336 = DIRECTION ( 'NONE',  ( 0.0000000000000000000, -0.0000000000000000000, 1.000000000000000000 ) ) ;
#3337 = VECTOR ( 'NONE', #542, 1000.000000000000000 ) ;
#3338 = VECTOR ( 'NONE', #22, 1000.000000000000000 ) ;
#3339 = EDGE_CURVE ( 'NONE', #4863, #1685, #1409, .T. ) ;
#3340 = DIRECTION ( 'NONE',  ( -1.000000000000000000, 0.0000000000000000000, 0.0000000000000000000 ) ) ;
#3341 = CARTESIAN_POINT ( 'NONE',  ( -7.641632367829181700E-015, 0.6049999999999999800, 0.7400569921222806000 ) ) ;
#3342 = DIRECTION ( 'NONE',  ( 0.0000000000000000000, 1.000000000000000000, -0.0000000000000000000 ) ) ;
#3343 = PLANE ( 'NONE',  #4436 ) ;
#3344 = CARTESIAN_POINT ( 'NONE',  ( -0.2999999999999991000, -0.02500000000000000100, -2.449999999999999700 ) ) ;
#3345 = VECTOR ( 'NONE', #5355, 1000.000000000000100 ) ;
#3346 = DIRECTION ( 'NONE',  ( -1.000000000000000000, 0.0000000000000000000, -3.304235192336774300E-015 ) ) ;
#3347 = EDGE_CURVE ( 'NONE', #110, #1625, #2489, .T. ) ;
#3348 = CARTESIAN_POINT ( 'NONE',  ( -1.449999999999999300, 0.0000000000000000000, -1.449999999999999300 ) ) ;
#3349 = EDGE_CURVE ( 'NONE', #4118, #1432, #4449, .T. ) ;
#3350 = VERTEX_POINT ( 'NONE', #4946 ) ;
#3351 = CARTESIAN_POINT ( 'NONE',  ( -2.600000000000000100, 0.5000000000000000000, 2.600000000000000100 ) ) ;
#3352 = VERTEX_POINT ( 'NONE', #1123 ) ;
#3353 = LOCAL_TIME ( 1, 35, 54.00000000000000000, #5026 ) ;
#3354 = DIRECTION ( 'NONE',  ( 2.891205793294678200E-015, 0.0000000000000000000, -1.000000000000000000 ) ) ;
#3356 = VERTEX_POINT ( 'NONE', #2375 ) ;
#3355 = VERTEX_POINT ( 'NONE', #4137 ) ;
#3357 = CARTESIAN_POINT ( 'NONE',  ( -0.2500000000000002800, 0.5249999999999999100, -1.100000000000000500 ) ) ;
#3358 = CARTESIAN_POINT ( 'NONE',  ( 3.252606517456495400E-017, 0.0000000000000000000, -0.2999999999999983800 ) ) ;
#3359 = DIRECTION ( 'NONE',  ( -9.396418828207711900E-015, 0.0000000000000000000, 1.000000000000000000 ) ) ;
#3360 = CARTESIAN_POINT ( 'NONE',  ( 0.0000000000000000000, 0.6000000000000000900, 0.0000000000000000000 ) ) ;
#3361 = FACE_OUTER_BOUND ( 'NONE', #4152, .T. ) ;
#3362 = DIRECTION ( 'NONE',  ( -0.0000000000000000000, -1.000000000000000000, -0.0000000000000000000 ) ) ;
#3363 = CARTESIAN_POINT ( 'NONE',  ( -2.399999999999999500, -0.02500000000000000100, 4.841088770167829500E-016 ) ) ;
#3364 = ORIENTED_EDGE ( 'NONE', *, *, #1667, .F. ) ;
#3365 = VERTEX_POINT ( 'NONE', #611 ) ;
#3366 = CARTESIAN_POINT ( 'NONE',  ( 1.400000000000000100, -0.02500000000000000100, -2.449999999999999700 ) ) ;
#3367 = LINE ( 'NONE', #4206, #1389 ) ;
#3368 = AXIS2_PLACEMENT_3D ( 'NONE', #1148, #3342, #259 ) ;
#3369 = VECTOR ( 'NONE', #843, 1000.000000000000000 ) ;
#3370 = LINE ( 'NONE', #2937, #1050 ) ;
#3371 = ADVANCED_FACE ( 'NONE', ( #4811 ), #4148, .F. ) ;
#3372 = CARTESIAN_POINT ( 'NONE',  ( -0.008349065841095756500, 0.7000145223148579500, 0.0000000000000000000 ) ) ;
#3373 = VECTOR ( 'NONE', #3662, 1000.000000000000000 ) ;
#3374 = EDGE_CURVE ( 'NONE', #3222, #2274, #4208, .T. ) ;
#3375 = LINE ( 'NONE', #3793, #1120 ) ;
#3376 = CARTESIAN_POINT ( 'NONE',  ( -1.099999999999999900, -0.02500000000000000100, -1.799999999999999400 ) ) ;
#3377 = DIRECTION ( 'NONE',  ( 0.0000000000000000000, 0.0000000000000000000, -1.000000000000000000 ) ) ;
#3378 = LINE ( 'NONE', #3138, #839 ) ;
#3379 = EDGE_LOOP ( 'NONE', ( #4798, #3464, #2068, #1996 ) ) ;
#3380 = PLANE ( 'NONE',  #907 ) ;
#3381 = LINE ( 'NONE', #1882, #2233 ) ;
#3382 = CARTESIAN_POINT ( 'NONE',  ( 0.3500000000000038600, 0.6000000000000000900, -1.099999999999999900 ) ) ;
#3383 = ORIENTED_EDGE ( 'NONE', *, *, #2396, .F. ) ;
#3384 = CARTESIAN_POINT ( 'NONE',  ( 1.449999999999985500, 0.6000000000000000900, 1.450000000000003700 ) ) ;
#3385 = VECTOR ( 'NONE', #1780, 1000.000000000000000 ) ;
#3386 = VERTEX_POINT ( 'NONE', #1515 ) ;
#3387 = DIRECTION ( 'NONE',  ( 1.000000000000000000, 0.0000000000000000000, 6.866613759074866400E-015 ) ) ;
#3388 = VERTEX_POINT ( 'NONE', #1531 ) ;
#3389 = ORIENTED_EDGE ( 'NONE', *, *, #3546, .T. ) ;
#3390 = EDGE_CURVE ( 'NONE', #2418, #545, #255, .T. ) ;
#3391 = CARTESIAN_POINT ( 'NONE',  ( -0.2999999999999987100, -0.02500000000000000100, 4.646580739223564400E-017 ) ) ;
#3392 = EDGE_CURVE ( 'NONE', #5614, #2140, #2388, .T. ) ;
#3393 = VERTEX_POINT ( 'NONE', #4979 ) ;
#3394 = ORIENTED_EDGE ( 'NONE', *, *, #4953, .F. ) ;
#3395 = VERTEX_POINT ( 'NONE', #2407 ) ;
#3396 = CARTESIAN_POINT ( 'NONE',  ( 0.3000000000000042100, 0.6000000000000000900, 0.3000000000000103100 ) ) ;
#3397 = ORIENTED_EDGE ( 'NONE', *, *, #378, .T. ) ;
#3398 = ADVANCED_FACE ( 'NONE', ( #457 ), #3275, .F. ) ;
#3399 = ORIENTED_EDGE ( 'NONE', *, *, #3622, .F. ) ;
#3400 = CARTESIAN_POINT ( 'NONE',  ( 0.2645956341671594800, 1.007009153021203100, -1.170923726632087500 ) ) ;
#3401 = DIRECTION ( 'NONE',  ( 0.0000000000000000000, 1.000000000000000000, 0.0000000000000000000 ) ) ;
#3402 = DIRECTION ( 'NONE',  ( -1.000000000000000000, 0.0000000000000000000, -6.505213034913029000E-015 ) ) ;
#3403 = CARTESIAN_POINT ( 'NONE',  ( -1.040056992122280400, 0.6049999999999999800, -0.3499999999999999800 ) ) ;
#3404 = EDGE_LOOP ( 'NONE', ( #4923, #5434, #244, #2021 ) ) ;
#3405 = ADVANCED_FACE ( 'NONE', ( #4483, #130, #1222, #4943 ), #5410, .T. ) ;
#3406 = DIRECTION ( 'NONE',  ( 0.2670722855255386900, -0.9605230838007321500, -0.07789608327828116700 ) ) ;
#3407 = CARTESIAN_POINT ( 'NONE',  ( -0.2500000000000000000, 0.5000000000000000000, 1.500000000000003800 ) ) ;
#3408 = LINE ( 'NONE', #2730, #2653 ) ;
#3409 = ORIENTED_EDGE ( 'NONE', *, *, #2787, .F. ) ;
#3410 = LINE ( 'NONE', #3490, #1641 ) ;
#3411 = DIRECTION ( 'NONE',  ( 1.000000000000000000, 0.0000000000000000000, 0.0000000000000000000 ) ) ;
#3412 = CARTESIAN_POINT ( 'NONE',  ( 1.040056992122280400, 0.6049999999999999800, 6.873185830812742000E-015 ) ) ;
#3413 = FACE_OUTER_BOUND ( 'NONE', #2111, .T. ) ;
#3414 = VERTEX_POINT ( 'NONE', #5464 ) ;
#3415 = DIRECTION ( 'NONE',  ( -0.0000000000000000000, -1.000000000000000000, -0.0000000000000000000 ) ) ;
#3416 = DIRECTION ( 'NONE',  ( 1.032573497605242100E-016, 0.0000000000000000000, 1.000000000000000000 ) ) ;
#3417 = DIRECTION ( 'NONE',  ( 0.7071067811865475700, -0.0000000000000000000, 0.7071067811865475700 ) ) ;
#3418 = ORIENTED_EDGE ( 'NONE', *, *, #4019, .F. ) ;
#3419 = EDGE_CURVE ( 'NONE', #5075, #1099, #5211, .T. ) ;
#3420 = DIRECTION ( 'NONE',  ( 0.0000000000000000000, 0.0000000000000000000, -1.000000000000000000 ) ) ;
#3421 = EDGE_CURVE ( 'NONE', #5395, #3834, #394, .T. ) ;
#3422 = CARTESIAN_POINT ( 'NONE',  ( -0.2999999999999988200, -0.02500000000000000100, 2.100000000000001000 ) ) ;
#3423 = ORIENTED_EDGE ( 'NONE', *, *, #2519, .T. ) ;
#3424 = CALENDAR_DATE ( 2019, 28, 10 ) ;
#3425 = ADVANCED_FACE ( 'NONE', ( #4881 ), #270, .F. ) ;
#3426 = CARTESIAN_POINT ( 'NONE',  ( 0.2615518917098924600, 1.066539838195780500, -1.234619301748717500 ) ) ;
#3427 = VERTEX_POINT ( 'NONE', #710 ) ;
#3428 = FACE_OUTER_BOUND ( 'NONE', #5285, .T. ) ;
#3429 = ORIENTED_CLOSED_SHELL ( 'NONE', *, #3588, .F. );
#3430 = DIRECTION ( 'NONE',  ( -0.0000000000000000000, 0.0000000000000000000, 1.000000000000000000 ) ) ;
#3431 = LINE ( 'NONE', #1024, #3160 ) ;
#3432 = ORIENTED_EDGE ( 'NONE', *, *, #940, .F. ) ;
#3433 = CARTESIAN_POINT ( 'NONE',  ( 1.099999999999999000, 0.6049999999999999800, 0.3500000000000078600 ) ) ;
#3434 = CARTESIAN_POINT ( 'NONE',  ( -2.399999999999999900, -0.02500000000000000100, -2.449999999999999700 ) ) ;
#3435 = EDGE_LOOP ( 'NONE', ( #4920, #4988, #4702, #1251 ) ) ;
#3436 = FACE_OUTER_BOUND ( 'NONE', #4326, .T. ) ;
#3437 = LINE ( 'NONE', #5041, #2753 ) ;
#3438 = LINE ( 'NONE', #3812, #1189 ) ;
#3439 = VECTOR ( 'NONE', #4218, 1000.000000000000000 ) ;
#3440 = CARTESIAN_POINT ( 'NONE',  ( -1.100000000000001200, 0.6000000000000000900, 2.271661694731536200E-016 ) ) ;
#3441 = CARTESIAN_POINT ( 'NONE',  ( -0.2499999999999997200, 0.5250000000000000200, -0.2500000000000000600 ) ) ;
#3442 = CC_DESIGN_PERSON_AND_ORGANIZATION_ASSIGNMENT ( #4088, #2690, ( #921 ) ) ;
#3443 = CARTESIAN_POINT ( 'NONE',  ( 1.449999999999994400, 0.6000000000000000900, -0.3000000000000011500 ) ) ;
#3444 = FACE_OUTER_BOUND ( 'NONE', #229, .T. ) ;
#3445 = LINE ( 'NONE', #4362, #2490 ) ;
#3446 = DIRECTION ( 'NONE',  ( 0.0000000000000000000, 0.0000000000000000000, -1.000000000000000000 ) ) ;
#3447 = DIRECTION ( 'NONE',  ( -1.000000000000000000, 0.0000000000000000000, -0.0000000000000000000 ) ) ;
#3448 = AXIS2_PLACEMENT_3D ( 'NONE', #3363, #2050, #3789 ) ;
#3449 = FACE_BOUND ( 'NONE', #4797, .T. ) ;
#3450 = ORIENTED_EDGE ( 'NONE', *, *, #1643, .F. ) ;
#3451 = LINE ( 'NONE', #3839, #2018 ) ;
#3452 = CARTESIAN_POINT ( 'NONE',  ( 1.900000000000000800, 0.0000000000000000000, -0.2999999999999986000 ) ) ;
#3453 = CARTESIAN_POINT ( 'NONE',  ( -0.2999999999999972100, -0.02500000000000000100, -2.323290369611770400E-016 ) ) ;
#3454 = EDGE_LOOP ( 'NONE', ( #2986, #729, #4790, #4949 ) ) ;
#3455 = CARTESIAN_POINT ( 'NONE',  ( -0.2000000000000008200, 0.5250000000000000200, -0.6500000000000006900 ) ) ;
#3456 = VECTOR ( 'NONE', #4446, 1000.000000000000000 ) ;
#3457 = VERTEX_POINT ( 'NONE', #2019 ) ;
#3458 = EDGE_CURVE ( 'NONE', #3505, #2418, #1909, .T. ) ;
#3459 = ADVANCED_FACE ( 'NONE', ( #4744 ), #5547, .T. ) ;
#3460 = EDGE_LOOP ( 'NONE', ( #1584, #307, #3517, #4332 ) ) ;
#3461 = CARTESIAN_POINT ( 'NONE',  ( 1.900000000000000800, -0.02500000000000000100, 2.450000000000000600 ) ) ;
#3462 = ORIENTED_EDGE ( 'NONE', *, *, #152, .T. ) ;
#3463 = EDGE_CURVE ( 'NONE', #2536, #3187, #731, .T. ) ;
#3464 = ORIENTED_EDGE ( 'NONE', *, *, #2443, .F. ) ;
#3465 = VERTEX_POINT ( 'NONE', #2789 ) ;
#3466 = CARTESIAN_POINT ( 'NONE',  ( 0.4001984673985626300, 0.6046978970260263900, -0.4999421136754203000 ) ) ;
#3467 = DIRECTION ( 'NONE',  ( 0.5269886049256314900, 0.07789608327828115300, 0.8462949902300258600 ) ) ;
#3468 = LINE ( 'NONE', #2087, #949 ) ;
#3469 = ORIENTED_EDGE ( 'NONE', *, *, #15, .F. ) ;
#3470 = FACE_OUTER_BOUND ( 'NONE', #790, .T. ) ;
#3471 = CARTESIAN_POINT ( 'NONE',  ( -0.008349065841095756500, 0.5000000000000000000, 0.0000000000000000000 ) ) ;
#3472 = CARTESIAN_POINT ( 'NONE',  ( -1.450000000000008600, 0.6000000000000000900, 1.449999999999980600 ) ) ;
#3473 = CARTESIAN_POINT ( 'NONE',  ( -0.1999999999999981200, 0.5250000000000000200, -0.7000000000000006200 ) ) ;
#3474 = AXIS2_PLACEMENT_3D ( 'NONE', #1600, #759, #3387 ) ;
#3475 = FACE_OUTER_BOUND ( 'NONE', #3838, .T. ) ;
#3476 = VECTOR ( 'NONE', #913, 1000.000000000000000 ) ;
#3477 = DIRECTION ( 'NONE',  ( 1.000000000000000000, 0.0000000000000000000, 7.228014483236698500E-016 ) ) ;
#3478 = EDGE_CURVE ( 'NONE', #1422, #3683, #4612, .T. ) ;
#3479 = ADVANCED_FACE ( 'NONE', ( #188 ), #1487, .T. ) ;
#3480 = DIRECTION ( 'NONE',  ( 0.0000000000000000000, 0.0000000000000000000, -1.000000000000000000 ) ) ;
#3481 = ORIENTED_EDGE ( 'NONE', *, *, #2674, .F. ) ;
#3482 = ORIENTED_EDGE ( 'NONE', *, *, #2985, .T. ) ;
#3483 = PLANE ( 'NONE',  #954 ) ;
#3484 = CARTESIAN_POINT ( 'NONE',  ( 0.0000000000000000000, -0.02500000000000000100, 2.450000000000000600 ) ) ;
#3485 = PLANE ( 'NONE',  #1836 ) ;
#3487 = VERTEX_POINT ( 'NONE', #2308 ) ;
#3486 = VERTEX_POINT ( 'NONE', #4880 ) ;
#3488 = EDGE_CURVE ( 'NONE', #1555, #1042, #3794, .T. ) ;
#3489 = FACE_OUTER_BOUND ( 'NONE', #2212, .T. ) ;
#3490 = CARTESIAN_POINT ( 'NONE',  ( 0.3000000000000008200, -0.02500000000000000100, -2.449999999999999700 ) ) ;
#3491 = CARTESIAN_POINT ( 'NONE',  ( 0.0000000000000000000, 0.5250000000000000200, -1.449999999999993300 ) ) ;
#3492 = ORIENTED_EDGE ( 'NONE', *, *, #4422, .T. ) ;
#3493 = EDGE_LOOP ( 'NONE', ( #3044, #4590, #71, #1895 ) ) ;
#3494 = LINE ( 'NONE', #2035, #83 ) ;
#3495 = CARTESIAN_POINT ( 'NONE',  ( 0.6500000000000011300, 0.6000000000000000900, 4.429740304726498000E-015 ) ) ;
#3496 = LINE ( 'NONE', #2152, #2881 ) ;
#3497 = FACE_BOUND ( 'NONE', #616, .T. ) ;
#3498 = AXIS2_PLACEMENT_3D ( 'NONE', #2932, #4596, #2525 ) ;
#3499 = AXIS2_PLACEMENT_3D ( 'NONE', #1482, #1912, #4544 ) ;
#3500 = CARTESIAN_POINT ( 'NONE',  ( 1.400000000000000100, -0.0000000000000000000, 2.450000000000000600 ) ) ;
#3501 = CARTESIAN_POINT ( 'NONE',  ( 0.3500000000000012000, 0.6049999999999999800, 2.403314815676209500E-015 ) ) ;
#3502 = FACE_OUTER_BOUND ( 'NONE', #4989, .T. ) ;
#3503 = VECTOR ( 'NONE', #4169, 1000.000000000000000 ) ;
#3504 = FACE_OUTER_BOUND ( 'NONE', #4325, .T. ) ;
#3505 = VERTEX_POINT ( 'NONE', #4453 ) ;
#3506 = CARTESIAN_POINT ( 'NONE',  ( -0.3000000000000062100, 0.6000000000000000900, -0.3000000000000080900 ) ) ;
#3507 = LINE ( 'NONE', #5087, #4180 ) ;
#3508 = AXIS2_PLACEMENT_3D ( 'NONE', #1344, #1381, #3969 ) ;
#3509 = CARTESIAN_POINT ( 'NONE',  ( -0.2499999999999954500, 0.5000000000000000000, 0.2500000000000084400 ) ) ;
#3510 = DIRECTION ( 'NONE',  ( 0.0000000000000000000, 1.000000000000000000, 0.0000000000000000000 ) ) ;
#3511 = ORIENTED_EDGE ( 'NONE', *, *, #3796, .F. ) ;
#3512 = LINE ( 'NONE', #1453, #3456 ) ;
#3513 = EDGE_LOOP ( 'NONE', ( #2806, #3778, #1925, #1675 ) ) ;
#3514 = ORIENTED_EDGE ( 'NONE', *, *, #4604, .T. ) ;
#3515 = CARTESIAN_POINT ( 'NONE',  ( 1.400000000000000100, -0.02500000000000000100, 2.100000000000000500 ) ) ;
#3516 = CARTESIAN_POINT ( 'NONE',  ( 1.400000000000003000, 0.6049999999999999800, -0.7400569921222759400 ) ) ;
#3517 = ORIENTED_EDGE ( 'NONE', *, *, #2476, .F. ) ;
#3519 = CARTESIAN_POINT ( 'NONE',  ( -2.099999999999999600, 0.5000000000000000000, 2.349999999999999600 ) ) ;
#3518 = CARTESIAN_POINT ( 'NONE',  ( -6.324512672832117000E-017, 0.6000000000000000900, -0.3500000000000001400 ) ) ;
#3520 = EDGE_CURVE ( 'NONE', #3052, #2640, #3533, .T. ) ;
#3521 = ORIENTED_EDGE ( 'NONE', *, *, #89, .F. ) ;
#3522 = ORIENTED_EDGE ( 'NONE', *, *, #4165, .T. ) ;
#3523 = EDGE_LOOP ( 'NONE', ( #1114, #1621, #401, #4150 ) ) ;
#3524 = VERTEX_POINT ( 'NONE', #4432 ) ;
#3525 = EDGE_CURVE ( 'NONE', #1568, #2285, #5616, .T. ) ;
#3526 = EDGE_CURVE ( 'NONE', #2380, #5165, #3408, .T. ) ;
#3527 = CARTESIAN_POINT ( 'NONE',  ( -1.899999999999999200, -0.02500000000000000100, 0.0000000000000000000 ) ) ;
#3528 = CARTESIAN_POINT ( 'NONE',  ( -0.2433075571673790900, 1.080344648754224300, -0.6480480375071529000 ) ) ;
#3529 = ORIENTED_EDGE ( 'NONE', *, *, #2367, .F. ) ;
#3530 = CARTESIAN_POINT ( 'NONE',  ( 0.0000000000000000000, -0.02500000000000000100, -2.449999999999999700 ) ) ;
#3531 = CARTESIAN_POINT ( 'NONE',  ( -0.2500000000000002800, 0.5249999999999999100, -1.100000000000000500 ) ) ;
#3532 = CARTESIAN_POINT ( 'NONE',  ( -0.2000000000000002100, 0.5250000000000000200, -0.6750000000000007100 ) ) ;
#3533 = LINE ( 'NONE', #5302, #1505 ) ;
#3534 = DIRECTION ( 'NONE',  ( -0.0000000000000000000, -1.000000000000000000, -0.0000000000000000000 ) ) ;
#3535 = ORIENTED_EDGE ( 'NONE', *, *, #519, .T. ) ;
#3536 = LINE ( 'NONE', #4371, #4613 ) ;
#3537 = LINE ( 'NONE', #1126, #2048 ) ;
#3538 = DIRECTION ( 'NONE',  ( 0.0000000000000000000, 0.0000000000000000000, -1.000000000000000000 ) ) ;
#3539 = DIRECTION ( 'NONE',  ( 1.000000000000000000, -0.0000000000000000000, 1.046490792572974600E-014 ) ) ;
#3540 = EDGE_LOOP ( 'NONE', ( #4390, #5126, #5325, #2318 ) ) ;
#3541 = CARTESIAN_POINT ( 'NONE',  ( 0.2444268641829896200, 0.9822181578377543500, -0.5349588312799623500 ) ) ;
#3542 = CARTESIAN_POINT ( 'NONE',  ( 0.0000000000000000000, -0.02500000000000000100, -2.449999999999999700 ) ) ;
#3543 = CARTESIAN_POINT ( 'NONE',  ( -0.2499999999999997200, 0.5250000000000000200, -0.2500000000000000600 ) ) ;
#3544 = ORIENTED_EDGE ( 'NONE', *, *, #3915, .T. ) ;
#3545 = DIRECTION ( 'NONE',  ( -3.304235192336776300E-015, 0.0000000000000000000, 1.000000000000000000 ) ) ;
#3546 = EDGE_CURVE ( 'NONE', #2689, #2310, #2523, .T. ) ;
#3547 = CARTESIAN_POINT ( 'NONE',  ( 0.0000000000000000000, -0.02500000000000000100, 2.100000000000001000 ) ) ;
#3548 = CARTESIAN_POINT ( 'NONE',  ( 0.0000000000000000000, 0.6000000000000000900, -1.400000000000000100 ) ) ;
#3549 = VERTEX_POINT ( 'NONE', #3208 ) ;
#3550 = EDGE_CURVE ( 'NONE', #3589, #1851, #324, .T. ) ;
#3551 = DIRECTION ( 'NONE',  ( 0.0000000000000000000, -0.0000000000000000000, -1.000000000000000000 ) ) ;
#3552 = ORIENTED_EDGE ( 'NONE', *, *, #3390, .T. ) ;
#3553 = FACE_OUTER_BOUND ( 'NONE', #3656, .T. ) ;
#3554 = EDGE_CURVE ( 'NONE', #202, #4783, #1088, .T. ) ;
#3555 = EDGE_CURVE ( 'NONE', #5067, #47, #2188, .T. ) ;
#3556 = FACE_OUTER_BOUND ( 'NONE', #2117, .T. ) ;
#3557 = ORIENTED_EDGE ( 'NONE', *, *, #198, .F. ) ;
#3558 = ORIENTED_EDGE ( 'NONE', *, *, #54, .F. ) ;
#3559 = APPROVAL_STATUS ( 'not_yet_approved' ) ;
#3560 = CARTESIAN_POINT ( 'NONE',  ( -1.899999999999999200, 0.0000000000000000000, 0.3000000000000012100 ) ) ;
#3561 = LINE ( 'NONE', #3548, #3164 ) ;
#3562 = CARTESIAN_POINT ( 'NONE',  ( -0.1435534813419278300, 0.9534615568047636300, -1.051880234608604900 ) ) ;
#3563 = FACE_OUTER_BOUND ( 'NONE', #3985, .T. ) ;
#3564 = DIRECTION ( 'NONE',  ( 1.000000000000000000, 0.0000000000000000000, 1.055918637551113500E-014 ) ) ;
#3565 = AXIS2_PLACEMENT_3D ( 'NONE', #555, #1897, #3551 ) ;
#3566 = LINE ( 'NONE', #5372, #987 ) ;
#3567 = DIRECTION ( 'NONE',  ( 3.942553354492742500E-016, 0.0000000000000000000, -1.000000000000000000 ) ) ;
#3569 = CARTESIAN_POINT ( 'NONE',  ( 0.2499999999999954500, 0.5250000000000000200, -0.2500000000000082700 ) ) ;
#3568 = DIRECTION ( 'NONE',  ( -0.0000000000000000000, -1.000000000000000000, -0.0000000000000000000 ) ) ;
#3570 = LINE ( 'NONE', #784, #4650 ) ;
#3571 = ORIENTED_EDGE ( 'NONE', *, *, #5173, .F. ) ;
#3572 = FACE_OUTER_BOUND ( 'NONE', #750, .T. ) ;
#3573 = AXIS2_PLACEMENT_3D ( 'NONE', #3341, #5080, #3739 ) ;
#3574 = DIRECTION ( 'NONE',  ( -0.0000000000000000000, -1.000000000000000000, -0.0000000000000000000 ) ) ;
#3575 = VERTEX_POINT ( 'NONE', #4509 ) ;
#3576 = LINE ( 'NONE', #1574, #2626 ) ;
#3577 = VERTEX_POINT ( 'NONE', #507 ) ;
#3578 = VECTOR ( 'NONE', #1259, 1000.000000000000000 ) ;
#3579 = DATE_TIME_ROLE ( 'creation_date' ) ;
#3580 = VERTEX_POINT ( 'NONE', #4895 ) ;
#3581 = FACE_OUTER_BOUND ( 'NONE', #3824, .T. ) ;
#3582 = ORIENTED_EDGE ( 'NONE', *, *, #1376, .T. ) ;
#3583 = ORIENTED_EDGE ( 'NONE', *, *, #5524, .F. ) ;
#3584 = DIRECTION ( 'NONE',  ( 0.0000000000000000000, 0.0000000000000000000, 1.000000000000000000 ) ) ;
#3585 = VERTEX_POINT ( 'NONE', #1465 ) ;
#3587 = DIRECTION ( 'NONE',  ( -0.0000000000000000000, -1.000000000000000000, -0.0000000000000000000 ) ) ;
#3586 = DIRECTION ( 'NONE',  ( 1.000000000000000000, 0.0000000000000000000, 0.0000000000000000000 ) ) ;
#3588 = CLOSED_SHELL ( 'NONE', ( #2569, #5491, #3306, #2402, #4713, #1965, #1245, #2459, #2541, #2521, #4992, #3774, #5047, #2514, #3249, #2168, #747, #3865, #2377, #1741, #4146, #3773, #5615, #3802, #344, #3811, #4551, #2562, #5084, #5466, #4743, #3837, #4087, #1493, #3277, #4688, #4353, #5112, #321, #2513, #2936, #1221, #4628, #5533, #1025, #293, #3671, #2989, #2112, #2345, #3405, #5435, #1911, #3014, #2022, #3829, #1544, #3425, #605, #4770, #2535, #326, #1231, #5196, #5142, #788, #1051, #2051, #3692, #3398, #5018, #1710, #4494, #1309, #5103, #4521, #2081, #2592, #440, #5579, #4119, #756, #5164, #1187, #665, #3721, #748, #691, #2121, #5381, #1516, #3479, #157, #1103, #5411, #4204, #1992, #1252, #2426, #1652, #2767, #5520, #2994, #4910, #2144, #1287, #2080, #2817, #4602, #4657, #1082, #4289, #409, #5077, #4294, #403, #5557, #5550, #635, #3803, #1571, #4265, #4963, #1197, #4940, #206, #842 ) ) ;
#3589 = VERTEX_POINT ( 'NONE', #3601 ) ;
#3590 = EDGE_CURVE ( 'NONE', #5397, #1454, #4678, .T. ) ;
#3591 = PLANE ( 'NONE',  #2995 ) ;
#3592 = CARTESIAN_POINT ( 'NONE',  ( 0.2500000000000058800, 0.5250000000000000200, 1.500000000000005800 ) ) ;
#3593 = EDGE_CURVE ( 'NONE', #1174, #1401, #4413, .T. ) ;
#3594 = EDGE_CURVE ( 'NONE', #4340, #998, #3201, .T. ) ;
#3595 = CARTESIAN_POINT ( 'NONE',  ( 0.3741800500510716300, 0.6050000000015696200, -1.247164337891044900 ) ) ;
#3596 = LINE ( 'NONE', #2186, #2453 ) ;
#3597 = EDGE_LOOP ( 'NONE', ( #2938, #2135, #4600, #1351 ) ) ;
#3598 = LINE ( 'NONE', #1358, #389 ) ;
#3599 = PERSON_AND_ORGANIZATION_ROLE ( 'classification_officer' ) ;
#3600 = CARTESIAN_POINT ( 'NONE',  ( -1.776177714672881000, 0.5000000000000000000, -1.573338007150887600 ) ) ;
#3601 = CARTESIAN_POINT ( 'NONE',  ( -0.2500000000000000000, 0.5250000000000000200, -0.6250000000000005600 ) ) ;
#3602 = VECTOR ( 'NONE', #5340, 1000.000000000000000 ) ;
#3603 = CARTESIAN_POINT ( 'NONE',  ( 0.2645504433633550400, 1.066950700471354100, -1.235493879314310900 ) ) ;
#3604 = FACE_OUTER_BOUND ( 'NONE', #3704, .T. ) ;
#3605 = CARTESIAN_POINT ( 'NONE',  ( 2.600000000000000100, 0.5000000000000000000, 2.599999999999999600 ) ) ;
#3607 = CARTESIAN_POINT ( 'NONE',  ( 0.3853683685971060500, 0.6050000000000002000, -1.270400956503554100 ) ) ;
#3606 = DIRECTION ( 'NONE',  ( 1.000000000000000000, 0.0000000000000000000, -6.938893903907224400E-016 ) ) ;
#3608 = AXIS2_PLACEMENT_3D ( 'NONE', #3142, #3567, #1773 ) ;
#3609 = ORIENTED_EDGE ( 'NONE', *, *, #3945, .F. ) ;
#3610 = DIRECTION ( 'NONE',  ( -0.9999939490354758900, 0.003478777433787436700, 0.0000000000000000000 ) ) ;
#3611 = CARTESIAN_POINT ( 'NONE',  ( 0.3500000000000000300, 0.6049999999999999800, 1.201657407838100600E-015 ) ) ;
#3612 = ORIENTED_EDGE ( 'NONE', *, *, #4025, .T. ) ;
#3613 = EDGE_LOOP ( 'NONE', ( #3679, #2641, #4837, #4556 ) ) ;
#3614 = PERSON_AND_ORGANIZATION_ROLE ( 'classification_officer' ) ;
#3615 = PLANE ( 'NONE',  #144 ) ;
#3616 = APPROVAL_DATE_TIME ( #2940, #581 ) ;
#3617 = DIRECTION ( 'NONE',  ( 7.021499783715647100E-015, 0.0000000000000000000, -1.000000000000000000 ) ) ;
#3618 = CARTESIAN_POINT ( 'NONE',  ( 1.449999999999993700, 0.5250000000000000200, 0.3000000000000183600 ) ) ;
#3620 = ORIENTED_EDGE ( 'NONE', *, *, #5030, .T. ) ;
#3619 = VERTEX_POINT ( 'NONE', #1916 ) ;
#3621 = DIRECTION ( 'NONE',  ( 0.0000000000000000000, 1.000000000000000000, 0.0000000000000000000 ) ) ;
#3622 = EDGE_CURVE ( 'NONE', #5387, #4991, #1572, .T. ) ;
#3623 = COORDINATED_UNIVERSAL_TIME_OFFSET ( 1, 0, .AHEAD. ) ;
#3625 = DIRECTION ( 'NONE',  ( 0.0000000000000000000, 1.000000000000000000, 0.0000000000000000000 ) ) ;
#3624 = CARTESIAN_POINT ( 'NONE',  ( 0.4070000000000048600, 0.6049999999999999800, -1.225999999999999800 ) ) ;
#3626 = VECTOR ( 'NONE', #4550, 1000.000000000000000 ) ;
#3627 = ORIENTED_EDGE ( 'NONE', *, *, #2828, .F. ) ;
#3628 = VERTEX_POINT ( 'NONE', #4864 ) ;
#3629 = EDGE_CURVE ( 'NONE', #3294, #110, #5341, .T. ) ;
#3630 = EDGE_CURVE ( 'NONE', #3465, #2445, #3264, .T. ) ;
#3631 = LINE ( 'NONE', #4406, #626 ) ;
#3632 = DIRECTION ( 'NONE',  ( -1.084202172485505800E-016, 0.0000000000000000000, 1.000000000000000000 ) ) ;
#3633 = DIRECTION ( 'NONE',  ( 1.000000000000000000, 0.0000000000000000000, 8.095376221224623800E-015 ) ) ;
#3634 = FACE_OUTER_BOUND ( 'NONE', #3331, .T. ) ;
#3635 = VECTOR ( 'NONE', #4202, 1000.000000000000000 ) ;
#3636 = CARTESIAN_POINT ( 'NONE',  ( 0.3927172996490819200, 0.6049999999999999800, -1.225642264008124100 ) ) ;
#3637 = LINE ( 'NONE', #1540, #4912 ) ;
#3638 = DIRECTION ( 'NONE',  ( 0.0000000000000000000, 0.0000000000000000000, -1.000000000000000000 ) ) ;
#3639 = LINE ( 'NONE', #1353, #636 ) ;
#3640 = CARTESIAN_POINT ( 'NONE',  ( -6.324512672832115800E-017, 0.6049999999999999800, -0.3500000000000001400 ) ) ;
#3641 = CARTESIAN_POINT ( 'NONE',  ( -0.1500000000000002200, 0.5250000000000000200, -0.6250000000000005600 ) ) ;
#3642 = CARTESIAN_POINT ( 'NONE',  ( 0.3740810881027474300, 0.6050000000081301500, -0.5019669000381270500 ) ) ;
#3643 = LINE ( 'NONE', #3358, #498 ) ;
#3644 = ORIENTED_EDGE ( 'NONE', *, *, #806, .T. ) ;
#3645 = ADVANCED_FACE ( 'NONE', ( #3475 ), #600, .F. ) ;
#3646 = CIRCLE ( 'NONE', #956, 2.366035024520240200 ) ;
#3647 = CARTESIAN_POINT ( 'NONE',  ( -1.040056992122280400, 0.6049999999999999800, 2.147870572128981900E-016 ) ) ;
#3648 = EDGE_LOOP ( 'NONE', ( #3713, #3984 ) ) ;
#3649 = LINE ( 'NONE', #1853, #4924 ) ;
#3650 = ORIENTED_EDGE ( 'NONE', *, *, #4643, .T. ) ;
#3651 = ORIENTED_EDGE ( 'NONE', *, *, #3550, .T. ) ;
#3652 = ORIENTED_EDGE ( 'NONE', *, *, #4134, .T. ) ;
#3653 = AXIS2_PLACEMENT_3D ( 'NONE', #2010, #4653, #2436 ) ;
#3654 = ORIENTED_EDGE ( 'NONE', *, *, #452, .T. ) ;
#3655 = CARTESIAN_POINT ( 'NONE',  ( 0.3809157389160761100, 0.6050000000001583000, -1.232642202807921800 ) ) ;
#3656 = EDGE_LOOP ( 'NONE', ( #4442, #1901, #690, #2906 ) ) ;
#3657 = EDGE_LOOP ( 'NONE', ( #203, #1448, #3650 ) ) ;
#3658 = EDGE_LOOP ( 'NONE', ( #2836, #2304, #714, #513 ) ) ;
#3659 = EDGE_CURVE ( 'NONE', #4303, #2585, #2461, .T. ) ;
#3660 = CARTESIAN_POINT ( 'NONE',  ( -0.3500000000000078000, 0.6049999999999999800, 0.7400569921222770500 ) ) ;
#3661 = CARTESIAN_POINT ( 'NONE',  ( 1.449999999999994400, 0.6000000000000000900, -0.3000000000000011500 ) ) ;
#3662 = DIRECTION ( 'NONE',  ( -0.0000000000000000000, -1.000000000000000000, -0.0000000000000000000 ) ) ;
#3663 = PLANE ( 'NONE',  #70 ) ;
#3664 = ORIENTED_EDGE ( 'NONE', *, *, #2261, .T. ) ;
#3665 = VECTOR ( 'NONE', #3194, 1000.000000000000000 ) ;
#3666 = EDGE_CURVE ( 'NONE', #4592, #3388, #2042, .T. ) ;
#3667 = DIRECTION ( 'NONE',  ( 1.000000000000000000, 0.0000000000000000000, 0.0000000000000000000 ) ) ;
#3668 = FACE_OUTER_BOUND ( 'NONE', #4955, .T. ) ;
#3669 = CARTESIAN_POINT ( 'NONE',  ( 2.400000000000000800, -0.02500000000000000100, 2.450000000000000600 ) ) ;
#3670 = EDGE_CURVE ( 'NONE', #4122, #1136, #4067, .T. ) ;
#3671 = ADVANCED_FACE ( 'NONE', ( #5078 ), #5006, .F. ) ;
#3672 = DIRECTION ( 'NONE',  ( -0.0000000000000000000, 0.0000000000000000000, -1.000000000000000000 ) ) ;
#3673 = VECTOR ( 'NONE', #2682, 1000.000000000000000 ) ;
#3674 = ORIENTED_EDGE ( 'NONE', *, *, #1998, .T. ) ;
#3675 = DIRECTION ( 'NONE',  ( 0.0000000000000000000, 1.000000000000000000, -0.0000000000000000000 ) ) ;
#3676 = CARTESIAN_POINT ( 'NONE',  ( 0.4053505726902890100, 0.6049999999999999800, -0.5245874429971809600 ) ) ;
#3677 = CARTESIAN_POINT ( 'NONE',  ( 1.449999999999993300, 0.5250000000000000200, 4.921335078586399600E-015 ) ) ;
#3678 = ORIENTED_EDGE ( 'NONE', *, *, #1704, .T. ) ;
#3680 = ORIENTED_EDGE ( 'NONE', *, *, #1456, .T. ) ;
#3679 = ORIENTED_EDGE ( 'NONE', *, *, #3873, .T. ) ;
#3681 = DIRECTION ( 'NONE',  ( -1.000000000000000000, 0.0000000000000000000, -1.032573497605242300E-014 ) ) ;
#3682 = VECTOR ( 'NONE', #2655, 1000.000000000000000 ) ;
#3683 = VERTEX_POINT ( 'NONE', #5429 ) ;
#3684 = CARTESIAN_POINT ( 'NONE',  ( -1.399999999999999700, -0.02500000000000000100, 2.100000000000001000 ) ) ;
#3685 = CARTESIAN_POINT ( 'NONE',  ( 0.3000000000000130900, 0.6000000000000000900, -1.449999999999994600 ) ) ;
#3686 = VECTOR ( 'NONE', #5513, 1000.000000000000000 ) ;
#3687 = CARTESIAN_POINT ( 'NONE',  ( -1.449999999999995700, 0.6000000000000000900, -0.3000000000000080900 ) ) ;
#3688 = CARTESIAN_POINT ( 'NONE',  ( 1.900000000000000800, -0.02500000000000000100, -2.449999999999999700 ) ) ;
#3689 = LINE ( 'NONE', #3851, #3369 ) ;
#3690 = ORIENTED_EDGE ( 'NONE', *, *, #5245, .T. ) ;
#3691 = ORIENTED_EDGE ( 'NONE', *, *, #3526, .T. ) ;
#3692 = ADVANCED_FACE ( 'NONE', ( #876 ), #644, .F. ) ;
#3693 = DIRECTION ( 'NONE',  ( -0.0000000000000000000, -1.000000000000000000, -0.0000000000000000000 ) ) ;
#3694 = LINE ( 'NONE', #950, #1118 ) ;
#3695 = EDGE_CURVE ( 'NONE', #3155, #3991, #5015, .T. ) ;
#3696 = LINE ( 'NONE', #1989, #2554 ) ;
#3697 = EDGE_CURVE ( 'NONE', #2231, #4865, #2115, .T. ) ;
#3698 = LINE ( 'NONE', #4098, #4707 ) ;
#3699 = EDGE_CURVE ( 'NONE', #5397, #4625, #661, .T. ) ;
#3700 = DIRECTION ( 'NONE',  ( -1.000000000000000000, 0.0000000000000000000, -0.0000000000000000000 ) ) ;
#3701 = LINE ( 'NONE', #3899, #2558 ) ;
#3702 = ORIENTED_EDGE ( 'NONE', *, *, #5017, .T. ) ;
#3703 = VECTOR ( 'NONE', #1791, 1000.000000000000000 ) ;
#3704 = EDGE_LOOP ( 'NONE', ( #1551, #4457, #1832, #275 ) ) ;
#3705 = CARTESIAN_POINT ( 'NONE',  ( 1.449999999999985500, 0.6000000000000000900, 1.450000000000003700 ) ) ;
#3706 = CARTESIAN_POINT ( 'NONE',  ( 1.500000000000005300, 0.5250000000000000200, 1.499999999999996900 ) ) ;
#3707 = FACE_OUTER_BOUND ( 'NONE', #1728, .T. ) ;
#3708 = ORIENTED_EDGE ( 'NONE', *, *, #5539, .T. ) ;
#3709 = ORIENTED_EDGE ( 'NONE', *, *, #5143, .T. ) ;
#3710 = CARTESIAN_POINT ( 'NONE',  ( 1.040056992122271100, 0.6049999999999999800, 1.400000000000007700 ) ) ;
#3711 = ORIENTED_EDGE ( 'NONE', *, *, #1672, .T. ) ;
#3712 = VECTOR ( 'NONE', #4313, 1000.000000000000000 ) ;
#3713 = ORIENTED_EDGE ( 'NONE', *, *, #2652, .T. ) ;
#3714 = CARTESIAN_POINT ( 'NONE',  ( -2.099999999999999600, 0.4500000000000000100, 2.099999999999999600 ) ) ;
#3715 = EDGE_LOOP ( 'NONE', ( #3469, #3777, #862, #2831 ) ) ;
#3716 = ORIENTED_EDGE ( 'NONE', *, *, #2147, .F. ) ;
#3717 = ORIENTED_EDGE ( 'NONE', *, *, #891, .T. ) ;
#3718 = AXIS2_PLACEMENT_3D ( 'NONE', #803, #4642, #3822 ) ;
#3719 = DIRECTION ( 'NONE',  ( 0.0000000000000000000, 1.000000000000000000, 0.0000000000000000000 ) ) ;
#3720 = ORIENTED_EDGE ( 'NONE', *, *, #1640, .T. ) ;
#3721 = ADVANCED_FACE ( 'NONE', ( #3998, #1699 ), #1970, .T. ) ;
#3722 = ORIENTED_EDGE ( 'NONE', *, *, #5559, .F. ) ;
#3723 = CARTESIAN_POINT ( 'NONE',  ( 0.2500000000000060500, 0.5250000000000000200, 0.6249999999999698000 ) ) ;
#3724 = CARTESIAN_POINT ( 'NONE',  ( -1.899999999999999200, -0.02500000000000000100, 2.450000000000000600 ) ) ;
#3725 = CARTESIAN_POINT ( 'NONE',  ( 1.400000000000001200, 0.6049999999999999800, 9.830099697201915300E-015 ) ) ;
#3726 = LINE ( 'NONE', #5623, #2724 ) ;
#3727 = ORIENTED_EDGE ( 'NONE', *, *, #4564, .T. ) ;
#3728 = ORIENTED_EDGE ( 'NONE', *, *, #332, .T. ) ;
#3729 = VECTOR ( 'NONE', #1282, 1000.000000000000000 ) ;
#3730 = DIRECTION ( 'NONE',  ( -1.000000000000000000, 0.0000000000000000000, 0.0000000000000000000 ) ) ;
#3731 = EDGE_CURVE ( 'NONE', #3883, #1115, #5337, .T. ) ;
#3732 = VECTOR ( 'NONE', #2288, 1000.000000000000000 ) ;
#3733 = LINE ( 'NONE', #3944, #2331 ) ;
#3734 = EDGE_CURVE ( 'NONE', #5064, #47, #1979, .T. ) ;
#3735 = CARTESIAN_POINT ( 'NONE',  ( 0.3500000000000012000, 0.6049999999999999800, 2.403314815676209500E-015 ) ) ;
#3736 = ORIENTED_EDGE ( 'NONE', *, *, #1729, .T. ) ;
#3737 = CARTESIAN_POINT ( 'NONE',  ( 0.3499999999999988100, 0.6049999999999999800, 0.3500000000000026400 ) ) ;
#3738 = CARTESIAN_POINT ( 'NONE',  ( -0.1935534813419279000, 1.027660447005099400, -1.051880234608604900 ) ) ;
#3739 = DIRECTION ( 'NONE',  ( -1.000000000000000000, 0.0000000000000000000, -1.032573497605242000E-014 ) ) ;
#3740 = CARTESIAN_POINT ( 'NONE',  ( 1.124999999999984500, 0.5250000000000000200, -0.2500000000000082700 ) ) ;
#3741 = ORIENTED_EDGE ( 'NONE', *, *, #730, .T. ) ;
#3742 = ORIENTED_EDGE ( 'NONE', *, *, #2966, .T. ) ;
#3743 = ADVANCED_FACE ( 'NONE', ( #5280 ), #5399, .T. ) ;
#3744 = DIRECTION ( 'NONE',  ( 0.0000000000000000000, 1.000000000000000000, 0.0000000000000000000 ) ) ;
#3745 = AXIS2_PLACEMENT_3D ( 'NONE', #2315, #4828, #3103 ) ;
#3746 = AXIS2_PLACEMENT_3D ( 'NONE', #4866, #1830, #924 ) ;
#3748 = VERTEX_POINT ( 'NONE', #2382 ) ;
#3747 = ORIENTED_EDGE ( 'NONE', *, *, #4468, .F. ) ;
#3749 = DIRECTION ( 'NONE',  ( -0.0000000000000000000, -1.000000000000000000, -0.0000000000000000000 ) ) ;
#3750 = CARTESIAN_POINT ( 'NONE',  ( 1.400000000000000100, -0.02500000000000000100, 0.0000000000000000000 ) ) ;
#3751 = VECTOR ( 'NONE', #2582, 1000.000000000000000 ) ;
#3752 = ORIENTED_EDGE ( 'NONE', *, *, #5535, .F. ) ;
#3753 = EDGE_LOOP ( 'NONE', ( #3243, #4264, #313, #410 ) ) ;
#3754 = EDGE_CURVE ( 'NONE', #3619, #2100, #4280, .T. ) ;
#3755 = FACE_OUTER_BOUND ( 'NONE', #4028, .T. ) ;
#3756 = FACE_OUTER_BOUND ( 'NONE', #3715, .T. ) ;
#3757 = PLANE ( 'NONE',  #1081 ) ;
#3758 = VECTOR ( 'NONE', #1790, 1000.000000000000000 ) ;
#3759 = CARTESIAN_POINT ( 'NONE',  ( -0.2500000000000006700, 0.5000000000000000000, -1.500000000000000900 ) ) ;
#3760 = CARTESIAN_POINT ( 'NONE',  ( -0.2499999999999954500, 0.5250000000000000200, 0.2500000000000084400 ) ) ;
#3761 = LINE ( 'NONE', #1578, #4577 ) ;
#3762 = DIRECTION ( 'NONE',  ( 0.0000000000000000000, 1.000000000000000000, 0.0000000000000000000 ) ) ;
#3763 = VECTOR ( 'NONE', #755, 1000.000000000000000 ) ;
#3764 = LINE ( 'NONE', #2, #1740 ) ;
#3765 = CARTESIAN_POINT ( 'NONE',  ( 0.4081931888559031700, 0.6049999999999999800, -0.5236274079022743600 ) ) ;
#3766 = DIRECTION ( 'NONE',  ( -1.048062100069321200E-014, 0.0000000000000000000, 1.000000000000000000 ) ) ;
#3767 = EDGE_CURVE ( 'NONE', #3252, #2837, #5152, .T. ) ;
#3768 = FACE_BOUND ( 'NONE', #4191, .T. ) ;
#3769 = ORIENTED_EDGE ( 'NONE', *, *, #3555, .F. ) ;
#3770 = LINE ( 'NONE', #1406, #847 ) ;
#3771 = CARTESIAN_POINT ( 'NONE',  ( 0.0000000000000000000, 0.6049999999999999800, 0.0000000000000000000 ) ) ;
#3772 = EDGE_LOOP ( 'NONE', ( #4925, #2387, #2678, #1201 ) ) ;
#3773 = ADVANCED_FACE ( 'NONE', ( #1706 ), #2527, .F. ) ;
#3774 = ADVANCED_FACE ( 'NONE', ( #5146 ), #3380, .F. ) ;
#3775 = LINE ( 'NONE', #850, #4660 ) ;
#3776 = VERTEX_POINT ( 'NONE', #699 ) ;
#3777 = ORIENTED_EDGE ( 'NONE', *, *, #4853, .F. ) ;
#3778 = ORIENTED_EDGE ( 'NONE', *, *, #1708, .F. ) ;
#3779 = DIRECTION ( 'NONE',  ( 1.000000000000000000, -0.0000000000000000000, 0.0000000000000000000 ) ) ;
#3780 = CARTESIAN_POINT ( 'NONE',  ( -1.100000000000001200, 0.6000000000000000900, -0.3500000000000000300 ) ) ;
#3781 = VERTEX_POINT ( 'NONE', #330 ) ;
#3782 = CARTESIAN_POINT ( 'NONE',  ( 0.2499999999999958900, 0.5250000000000000200, 0.2500000000000028300 ) ) ;
#3783 = DIRECTION ( 'NONE',  ( 0.0000000000000000000, 0.0000000000000000000, -1.000000000000000000 ) ) ;
#3784 = EDGE_LOOP ( 'NONE', ( #3111, #3119, #1417, #567 ) ) ;
#3785 = ORIENTED_EDGE ( 'NONE', *, *, #3659, .F. ) ;
#3786 = AXIS2_PLACEMENT_3D ( 'NONE', #2576, #3430, #3053 ) ;
#3787 = VERTEX_POINT ( 'NONE', #4179 ) ;
#3788 = AXIS2_PLACEMENT_3D ( 'NONE', #3611, #5336, #185 ) ;
#3789 = DIRECTION ( 'NONE',  ( 2.017120320903263200E-016, 0.0000000000000000000, 1.000000000000000000 ) ) ;
#3790 = CARTESIAN_POINT ( 'NONE',  ( -1.011922027653137400E-014, 0.6049999999999999800, 1.399999999999999500 ) ) ;
#3791 = APPROVAL ( #3559, 'UNSPECIFIED' ) ;
#3792 = ORIENTED_EDGE ( 'NONE', *, *, #226, .T. ) ;
#3793 = CARTESIAN_POINT ( 'NONE',  ( 1.500000000000005300, 0.5250000000000000200, 1.499999999999996900 ) ) ;
#3794 = LINE ( 'NONE', #4010, #2255 ) ;
#3795 = LINE ( 'NONE', #5602, #191 ) ;
#3796 = EDGE_CURVE ( 'NONE', #1211, #1828, #1149, .T. ) ;
#3797 = CARTESIAN_POINT ( 'NONE',  ( -0.2500000000000000000, 0.5250000000000000200, 1.500000000000003800 ) ) ;
#3798 = CARTESIAN_POINT ( 'NONE',  ( -2.166348257330973600, 0.5000000000000000000, 1.135111053597029700 ) ) ;
#3799 = CARTESIAN_POINT ( 'NONE',  ( 0.3000000000000008200, -0.02500000000000000100, -2.449999999999999700 ) ) ;
#3800 = CIRCLE ( 'NONE', #1474, 2.366035024520240200 ) ;
#3801 = EDGE_CURVE ( 'NONE', #672, #1655, #3468, .T. ) ;
#3802 = ADVANCED_FACE ( 'NONE', ( #805 ), #1208, .T. ) ;
#3803 = ADVANCED_FACE ( 'NONE', ( #5405 ), #3343, .T. ) ;
#3804 = CARTESIAN_POINT ( 'NONE',  ( 0.3855875704840953100, 0.6049999999999997600, -0.4795027814903550800 ) ) ;
#3805 = VERTEX_POINT ( 'NONE', #718 ) ;
#3806 = DIRECTION ( 'NONE',  ( 6.608470384673549400E-015, 0.0000000000000000000, -1.000000000000000000 ) ) ;
#3807 = EDGE_CURVE ( 'NONE', #574, #2702, #4140, .T. ) ;
#3808 = B_SPLINE_CURVE_WITH_KNOTS ( 'NONE', 3,
 ( #3765, #3676, #4533, #622, #175, #2053, #587, #5071, #4052, #1524, #1058, #2491, #603, #3246, #5494, #1469, #3642, #4069, #1490, #4690, #1190, #1638, #4266, #4221, #5124, #797, #2092, #3804, #4659, #4676, #1671 ),
 .UNSPECIFIED., .F., .F.,
 ( 4, 3, 3, 3, 3, 3, 3, 3, 3, 3, 4 ),
 ( 0.0000000000000000000, 9.001066960986974300E-006, 1.800853030013860400E-005, 2.689970788812336400E-005, 3.546453807956958700E-005, 4.368438006061349100E-005, 5.172678592544406800E-005, 5.983720413930209800E-005, 6.821383716894592100E-005, 7.248230235068772800E-005, 7.346518681972263100E-005 ),
 .UNSPECIFIED. ) ;
#3809 = ORIENTED_EDGE ( 'NONE', *, *, #694, .F. ) ;
#3810 = CARTESIAN_POINT ( 'NONE',  ( 0.3500000000000022500, 0.6049999999999999800, -0.6500000000000000200 ) ) ;
#3811 = ADVANCED_FACE ( 'NONE', ( #250 ), #1164, .F. ) ;
#3812 = CARTESIAN_POINT ( 'NONE',  ( 2.600000000000000100, 0.5000000000000000000, -2.600000000000000500 ) ) ;
#3813 = ORIENTED_EDGE ( 'NONE', *, *, #1526, .T. ) ;
#3814 = ORIENTED_EDGE ( 'NONE', *, *, #859, .T. ) ;
#3815 = DIRECTION ( 'NONE',  ( 1.000000000000000000, 0.0000000000000000000, 7.165162183382530900E-015 ) ) ;
#3816 = PLANE ( 'NONE',  #4329 ) ;
#3817 = LINE ( 'NONE', #5590, #1243 ) ;
#3818 = CARTESIAN_POINT ( 'NONE',  ( -0.2500000000000006700, 0.5250000000000000200, -1.500000000000000900 ) ) ;
#3819 = ORIENTED_EDGE ( 'NONE', *, *, #408, .F. ) ;
#3820 = CARTESIAN_POINT ( 'NONE',  ( -1.399999999999999700, 0.0000000000000000000, -2.449999999999999700 ) ) ;
#3821 = LINE ( 'NONE', #3348, #1800 ) ;
#3822 = DIRECTION ( 'NONE',  ( 0.0000000000000000000, 0.0000000000000000000, -1.000000000000000000 ) ) ;
#3823 = VECTOR ( 'NONE', #1805, 1000.000000000000000 ) ;
#3824 = EDGE_LOOP ( 'NONE', ( #364, #2502, #1420, #1646 ) ) ;
#3825 = EDGE_LOOP ( 'NONE', ( #186, #3910, #5542, #3075 ) ) ;
#3826 = VECTOR ( 'NONE', #3048, 1000.000000000000000 ) ;
#3827 = CIRCLE ( 'NONE', #1695, 2.374999999999999600 ) ;
#3828 = EDGE_CURVE ( 'NONE', #3991, #4545, #518, .T. ) ;
#3829 = ADVANCED_FACE ( 'NONE', ( #3131, #5473, #1847, #5007 ), #3816, .T. ) ;
#3830 = LINE ( 'NONE', #2587, #25 ) ;
#3831 = CARTESIAN_POINT ( 'NONE',  ( -1.499999999999995600, 0.5000000000000000000, 0.2500000000000038900 ) ) ;
#3832 = PLANE ( 'NONE',  #5469 ) ;
#3833 = LINE ( 'NONE', #3491, #5514 ) ;
#3834 = VERTEX_POINT ( 'NONE', #4618 ) ;
#3835 = VECTOR ( 'NONE', #107, 1000.000000000000000 ) ;
#3836 = EDGE_CURVE ( 'NONE', #1555, #4656, #799, .T. ) ;
#3837 = ADVANCED_FACE ( 'NONE', ( #3861 ), #736, .T. ) ;
#3838 = EDGE_LOOP ( 'NONE', ( #3841, #5338, #5540, #1408 ) ) ;
#3839 = CARTESIAN_POINT ( 'NONE',  ( 2.399999999999999900, -0.02500000000000000100, -2.449999999999999700 ) ) ;
#3840 = VECTOR ( 'NONE', #2056, 1000.000000000000000 ) ;
#3841 = ORIENTED_EDGE ( 'NONE', *, *, #4086, .T. ) ;
#3842 = DIRECTION ( 'NONE',  ( 1.037736365093268500E-014, 0.0000000000000000000, -1.000000000000000000 ) ) ;
#3843 = ORIENTED_EDGE ( 'NONE', *, *, #3590, .F. ) ;
#3844 = DIRECTION ( 'NONE',  ( -0.0000000000000000000, -1.000000000000000000, -0.0000000000000000000 ) ) ;
#3845 = EDGE_CURVE ( 'NONE', #1175, #3355, #4133, .T. ) ;
#3846 = DIRECTION ( 'NONE',  ( -1.000000000000000000, 0.0000000000000000000, -1.048062100069321200E-014 ) ) ;
#3847 = EDGE_CURVE ( 'NONE', #5102, #1175, #4272, .T. ) ;
#3848 = ORIENTED_EDGE ( 'NONE', *, *, #4428, .T. ) ;
#3849 = EDGE_LOOP ( 'NONE', ( #4762, #4393, #4901, #4661 ) ) ;
#3850 = ORIENTED_EDGE ( 'NONE', *, *, #2070, .F. ) ;
#3851 = CARTESIAN_POINT ( 'NONE',  ( -2.399999999999999500, -0.02500000000000000100, 0.3000000000000012700 ) ) ;
#3852 = ORIENTED_EDGE ( 'NONE', *, *, #3828, .T. ) ;
#3853 = EDGE_LOOP ( 'NONE', ( #2970, #2211, #1150, #3727 ) ) ;
#3854 = EDGE_LOOP ( 'NONE', ( #5330, #1893, #1166, #3432 ) ) ;
#3855 = CARTESIAN_POINT ( 'NONE',  ( -2.399999999999999500, 0.0000000000000000000, 0.3000000000000012700 ) ) ;
#3856 = CARTESIAN_POINT ( 'NONE',  ( 0.3867504988068364800, 0.6049999999999996500, -0.4787558877378621500 ) ) ;
#3857 = ORIENTED_EDGE ( 'NONE', *, *, #340, .F. ) ;
#3858 = ADVANCED_FACE ( 'NONE', ( #2583 ), #317, .F. ) ;
#3859 = CARTESIAN_POINT ( 'NONE',  ( -2.600000000000000100, 0.5000000000000000000, 2.600000000000000100 ) ) ;
#3860 = CARTESIAN_POINT ( 'NONE',  ( -1.399999999999999700, -0.02500000000000000100, 2.450000000000000600 ) ) ;
#3861 = FACE_OUTER_BOUND ( 'NONE', #5002, .T. ) ;
#3862 = ORIENTED_EDGE ( 'NONE', *, *, #13, .T. ) ;
#3863 = VECTOR ( 'NONE', #8, 1000.000000000000000 ) ;
#3864 = DIRECTION ( 'NONE',  ( -3.488302641909928700E-015, 0.0000000000000000000, 1.000000000000000000 ) ) ;
#3865 = ADVANCED_FACE ( 'NONE', ( #528 ), #5584, .F. ) ;
#3866 = DIRECTION ( 'NONE',  ( -9.396418828207711900E-015, 0.0000000000000000000, 1.000000000000000000 ) ) ;
#3867 = CARTESIAN_POINT ( 'NONE',  ( -0.3500000000000037500, 0.6049999999999999800, 0.3499999999999974200 ) ) ;
#3868 = LINE ( 'NONE', #1285, #4737 ) ;
#3869 = DIRECTION ( 'NONE',  ( 0.0000000000000000000, 1.000000000000000000, 0.0000000000000000000 ) ) ;
#3870 = CARTESIAN_POINT ( 'NONE',  ( -2.375090593447391400, 0.5000000000000000000, 2.897552781341955700E-016 ) ) ;
#3871 = CARTESIAN_POINT ( 'NONE',  ( -0.008349065841095756500, 0.5000000000000000000, 0.0000000000000000000 ) ) ;
#3872 = VERTEX_POINT ( 'NONE', #5605 ) ;
#3873 = EDGE_CURVE ( 'NONE', #3427, #2167, #3726, .T. ) ;
#3874 = DIRECTION ( 'NONE',  ( 0.0000000000000000000, 0.0000000000000000000, -1.000000000000000000 ) ) ;
#3875 = EDGE_CURVE ( 'NONE', #3781, #5624, #5219, .T. ) ;
#3876 = CARTESIAN_POINT ( 'NONE',  ( -0.2999999999999991000, -0.02500000000000000100, 2.450000000000001500 ) ) ;
#3877 = CARTESIAN_POINT ( 'NONE',  ( 1.449999999999985500, 0.5250000000000000200, 1.450000000000003700 ) ) ;
#3878 = ORIENTED_EDGE ( 'NONE', *, *, #840, .F. ) ;
#3879 = ORIENTED_EDGE ( 'NONE', *, *, #1034, .T. ) ;
#3880 = COORDINATED_UNIVERSAL_TIME_OFFSET ( 1, 0, .AHEAD. ) ;
#3881 = DIRECTION ( 'NONE',  ( 0.2670722855255381300, -0.9605230838007323700, 0.07789608327828172200 ) ) ;
#3883 = VERTEX_POINT ( 'NONE', #1719 ) ;
#3882 = ORIENTED_EDGE ( 'NONE', *, *, #4956, .F. ) ;
#3884 = VECTOR ( 'NONE', #4805, 1000.000000000000000 ) ;
#3885 = AXIS2_PLACEMENT_3D ( 'NONE', #34, #2651, #3091 ) ;
#3886 = AXIS2_PLACEMENT_3D ( 'NONE', #932, #951, #3144 ) ;
#3887 = CARTESIAN_POINT ( 'NONE',  ( 1.499999999999995300, 0.5250000000000000200, -1.500000000000005800 ) ) ;
#3888 = VECTOR ( 'NONE', #1717, 1000.000000000000000 ) ;
#3889 = ORIENTED_EDGE ( 'NONE', *, *, #4344, .F. ) ;
#3890 = DIRECTION ( 'NONE',  ( 0.0000000000000000000, 0.0000000000000000000, 1.000000000000000000 ) ) ;
#3891 = EDGE_LOOP ( 'NONE', ( #5462, #856, #5095, #2105 ) ) ;
#3892 = DIRECTION ( 'NONE',  ( -0.0000000000000000000, -1.000000000000000000, -0.0000000000000000000 ) ) ;
#3893 = ADVANCED_FACE ( 'NONE', ( #4606 ), #3485, .F. ) ;
#3894 = VECTOR ( 'NONE', #27, 1000.000000000000000 ) ;
#3895 = FACE_OUTER_BOUND ( 'NONE', #3113, .T. ) ;
#3896 = LINE ( 'NONE', #4381, #2756 ) ;
#3897 = LINE ( 'NONE', #3298, #3168 ) ;
#3898 = CARTESIAN_POINT ( 'NONE',  ( 0.2851200706794352900, 1.091632514127298700, -1.191493353948167600 ) ) ;
#3899 = CARTESIAN_POINT ( 'NONE',  ( 1.900000000000000800, 0.0000000000000000000, -0.2999999999999986000 ) ) ;
#3900 = FACE_BOUND ( 'NONE', #2213, .T. ) ;
#3901 = LINE ( 'NONE', #3516, #841 ) ;
#3902 = PLANE ( 'NONE',  #1028 ) ;
#3903 = EDGE_CURVE ( 'NONE', #1851, #2103, #123, .T. ) ;
#3904 = FACE_OUTER_BOUND ( 'NONE', #4534, .T. ) ;
#3905 = ORIENTED_EDGE ( 'NONE', *, *, #3056, .F. ) ;
#3906 = LINE ( 'NONE', #369, #2088 ) ;
#3907 = CARTESIAN_POINT ( 'NONE',  ( 2.600000000000000100, 0.0000000000000000000, 2.599999999999999600 ) ) ;
#3908 = CARTESIAN_POINT ( 'NONE',  ( 0.4081931888559031700, 0.6049999999999999800, -0.5236274079022743600 ) ) ;
#3909 = EDGE_CURVE ( 'NONE', #147, #3776, #1567, .T. ) ;
#3910 = ORIENTED_EDGE ( 'NONE', *, *, #1086, .F. ) ;
#3911 = DIRECTION ( 'NONE',  ( 0.0000000000000000000, 0.0000000000000000000, -1.000000000000000000 ) ) ;
#3912 = LINE ( 'NONE', #2764, #5323 ) ;
#3913 = ORIENTED_EDGE ( 'NONE', *, *, #4384, .T. ) ;
#3914 = VERTEX_POINT ( 'NONE', #3010 ) ;
#3915 = EDGE_CURVE ( 'NONE', #2816, #2471, #3868, .T. ) ;
#3916 = ORIENTED_EDGE ( 'NONE', *, *, #4746, .F. ) ;
#3917 = PLANE ( 'NONE',  #3508 ) ;
#3918 = VERTEX_POINT ( 'NONE', #5563 ) ;
#3919 = DIRECTION ( 'NONE',  ( 2.065146995210484200E-016, 0.0000000000000000000, 1.000000000000000000 ) ) ;
#3920 = ORIENTED_EDGE ( 'NONE', *, *, #1122, .F. ) ;
#3921 = VERTEX_POINT ( 'NONE', #3473 ) ;
#3922 = DIRECTION ( 'NONE',  ( 0.0000000000000000000, 0.0000000000000000000, -1.000000000000000000 ) ) ;
#3923 = EDGE_LOOP ( 'NONE', ( #3717, #3022, #2235, #646 ) ) ;
#3924 = ADVANCED_FACE ( 'NONE', ( #2323 ), #874, .F. ) ;
#3925 = DIRECTION ( 'NONE',  ( -6.608470384673549400E-015, 0.0000000000000000000, 1.000000000000000000 ) ) ;
#3926 = AXIS2_PLACEMENT_3D ( 'NONE', #4170, #3314, #687 ) ;
#3927 = ORIENTED_EDGE ( 'NONE', *, *, #95, .T. ) ;
#3928 = CARTESIAN_POINT ( 'NONE',  ( 0.3906532308836800400, 0.6049999999999999800, -1.273315525674426200 ) ) ;
#3929 = PLANE ( 'NONE',  #5286 ) ;
#3930 = LINE ( 'NONE', #5413, #2722 ) ;
#3931 = FACE_OUTER_BOUND ( 'NONE', #5, .T. ) ;
#3932 = DIRECTION ( 'NONE',  ( -1.000000000000000000, 0.0000000000000000000, -1.032573497605242600E-014 ) ) ;
#3933 = PLANE ( 'NONE',  #4654 ) ;
#3934 = VECTOR ( 'NONE', #4115, 1000.000000000000000 ) ;
#3935 = CARTESIAN_POINT ( 'NONE',  ( -2.099999999999999600, 0.4500000000000000100, 1.849999999999999400 ) ) ;
#3936 = EDGE_CURVE ( 'NONE', #4734, #5380, #3596, .T. ) ;
#3937 = ORIENTED_EDGE ( 'NONE', *, *, #4281, .T. ) ;
#3938 = CARTESIAN_POINT ( 'NONE',  ( 1.400000000000000100, -0.02500000000000000100, 0.0000000000000000000 ) ) ;
#3939 = PLANE ( 'NONE',  #5366 ) ;
#3940 = VERTEX_POINT ( 'NONE', #5192 ) ;
#3941 = VERTEX_POINT ( 'NONE', #2596 ) ;
#3942 = CARTESIAN_POINT ( 'NONE',  ( -1.399999999999999700, -0.02500000000000000100, -0.0000000000000000000 ) ) ;
#3943 = CARTESIAN_POINT ( 'NONE',  ( -2.366017083758554600, 3.108230896643798100, 0.0000000000000000000 ) ) ;
#3944 = CARTESIAN_POINT ( 'NONE',  ( -3.139472377719001300E-015, 0.5250000000000000200, 0.3000000000000062100 ) ) ;
#3945 = EDGE_CURVE ( 'NONE', #1005, #2031, #5612, .T. ) ;
#3947 = EDGE_LOOP ( 'NONE', ( #509, #338, #5594, #4871 ) ) ;
#3946 = ORIENTED_EDGE ( 'NONE', *, *, #629, .F. ) ;
#3948 = EDGE_CURVE ( 'NONE', #9, #236, #668, .T. ) ;
#3949 = CARTESIAN_POINT ( 'NONE',  ( 2.600000000000000100, 0.5000000000000000000, -2.600000000000000500 ) ) ;
#3950 = CARTESIAN_POINT ( 'NONE',  ( -1.400000000000001200, 0.6049999999999999800, -1.399999999999999900 ) ) ;
#3951 = CALENDAR_DATE ( 2019, 28, 10 ) ;
#3952 = CARTESIAN_POINT ( 'NONE',  ( 0.3868252848768638000, 0.6030525979180430000, -1.271157374755750500 ) ) ;
#3953 = ORIENTED_EDGE ( 'NONE', *, *, #1158, .F. ) ;
#3954 = DIRECTION ( 'NONE',  ( 0.0000000000000000000, 1.000000000000000000, -0.0000000000000000000 ) ) ;
#3955 = CARTESIAN_POINT ( 'NONE',  ( 1.400000000000000100, 0.0000000000000000000, -2.100000000000000100 ) ) ;
#3956 = LINE ( 'NONE', #4246, #3686 ) ;
#3957 = CARTESIAN_POINT ( 'NONE',  ( 0.0000000000000000000, 0.6049999999999999800, 0.0000000000000000000 ) ) ;
#3958 = VECTOR ( 'NONE', #49, 1000.000000000000000 ) ;
#3959 = VERTEX_POINT ( 'NONE', #1766 ) ;
#3960 = AXIS2_PLACEMENT_3D ( 'NONE', #2234, #4358, #1384 ) ;
#3961 = LINE ( 'NONE', #589, #4444 ) ;
#3962 = AXIS2_PLACEMENT_3D ( 'NONE', #5551, #2978, #2113 ) ;
#3963 = CARTESIAN_POINT ( 'NONE',  ( -1.100000000000001400, 0.6000000000000000900, -1.399999999999999700 ) ) ;
#3964 = CARTESIAN_POINT ( 'NONE',  ( -2.600000000000000100, 0.5000000000000000000, -2.600000000000000100 ) ) ;
#3965 = LINE ( 'NONE', #2454, #3232 ) ;
#3966 = FACE_OUTER_BOUND ( 'NONE', #3151, .T. ) ;
#3967 = VECTOR ( 'NONE', #4808, 1000.000000000000000 ) ;
#3968 = VERTEX_POINT ( 'NONE', #5210 ) ;
#3969 = DIRECTION ( 'NONE',  ( 9.020562075079395300E-015, 0.0000000000000000000, 1.000000000000000000 ) ) ;
#3970 = CARTESIAN_POINT ( 'NONE',  ( -0.1933075571673791000, 1.027787101528986800, -0.6980480375071528300 ) ) ;
#3971 = FACE_OUTER_BOUND ( 'NONE', #3126, .T. ) ;
#3972 = CARTESIAN_POINT ( 'NONE',  ( 0.3500000000000000300, 0.6000000000000000900, 1.201657407838100800E-015 ) ) ;
#3973 = CARTESIAN_POINT ( 'NONE',  ( 0.3000000000000004900, -0.02500000000000000100, 4.646580739223591500E-017 ) ) ;
#3974 = ORIENTED_EDGE ( 'NONE', *, *, #3666, .F. ) ;
#3975 = VECTOR ( 'NONE', #3054, 1000.000000000000000 ) ;
#3976 = ORIENTED_EDGE ( 'NONE', *, *, #5109, .T. ) ;
#3977 = EDGE_LOOP ( 'NONE', ( #3529, #830, #2379, #60 ) ) ;
#3978 = CARTESIAN_POINT ( 'NONE',  ( -0.2999999999999990500, -0.02500000000000000100, -2.099999999999999600 ) ) ;
#3979 =( BOUNDED_SURFACE ( )  B_SPLINE_SURFACE ( 3, 3, ( 
 ( #64, #1786, #4840, #1346 ),
 ( #4397, #4430, #3541, #3152 ),
 ( #1844, #2208, #2287, #5283 ),
 ( #1382, #3970, #2267, #1768 ),
 ( #4376, #5267, #2692, #467 ),
 ( #42, #3528, #2712, #99 ),
 ( #524, #919, #76, #3135 ) ),
 .UNSPECIFIED., .T., .F., .F. ) 
 B_SPLINE_SURFACE_WITH_KNOTS ( ( 4, 3, 4 ),
 ( 4, 4 ),
 ( 0.0000000000000000000, 0.5000000000000000000, 1.000000000000000000 ),
 ( 0.0000000000000000000, 1.000000000000000000 ),
 .UNSPECIFIED. ) 
 GEOMETRIC_REPRESENTATION_ITEM ( )  RATIONAL_B_SPLINE_SURFACE ( (
 ( 1.000000000000000000, 0.4269957486570998300, 0.4269957486570998300, 1.000000000000000000),
 ( 0.3333333333333333700, 0.1423319162190332900, 0.1423319162190332900, 0.3333333333333333700),
 ( 0.3333333333333333700, 0.1423319162190332900, 0.1423319162190332900, 0.3333333333333333700),
 ( 1.000000000000000000, 0.4269957486570998300, 0.4269957486570998300, 1.000000000000000000),
 ( 0.3333333333333333700, 0.1423319162190332900, 0.1423319162190332900, 0.3333333333333333700),
 ( 0.3333333333333333700, 0.1423319162190332900, 0.1423319162190332900, 0.3333333333333333700),
 ( 1.000000000000000000, 0.4269957486570998300, 0.4269957486570998300, 1.000000000000000000) ) ) 
 REPRESENTATION_ITEM ( '' )  SURFACE ( )  );
#3981 = CARTESIAN_POINT ( 'NONE',  ( 1.900000000000000800, -0.02500000000000000100, 2.450000000000000600 ) ) ;
#3980 = CARTESIAN_POINT ( 'NONE',  ( -1.899999999999999200, -0.02500000000000000100, -0.0000000000000000000 ) ) ;
#3982 = EDGE_LOOP ( 'NONE', ( #1483, #4269, #2863, #3742 ) ) ;
#3983 = EDGE_LOOP ( 'NONE', ( #4147, #5498, #1075, #1697 ) ) ;
#3984 = ORIENTED_EDGE ( 'NONE', *, *, #3945, .T. ) ;
#3985 = EDGE_LOOP ( 'NONE', ( #436, #150, #3184, #446 ) ) ;
#3986 = EDGE_CURVE ( 'NONE', #4188, #5147, #3333, .T. ) ;
#3987 = DIRECTION ( 'NONE',  ( 2.017120320903263200E-016, 0.0000000000000000000, 1.000000000000000000 ) ) ;
#3988 = CARTESIAN_POINT ( 'NONE',  ( 0.2499999999999932800, 0.5250000000000000200, -1.499999999999994900 ) ) ;
#3989 = EDGE_CURVE ( 'NONE', #715, #2479, #4339, .T. ) ;
#3990 = EDGE_CURVE ( 'NONE', #5266, #3580, #4068, .T. ) ;
#3991 = VERTEX_POINT ( 'NONE', #463 ) ;
#3992 = DATE_TIME_ROLE ( 'classification_date' ) ;
#3993 = PLANE ( 'NONE',  #2015 ) ;
#3994 = ORIENTED_EDGE ( 'NONE', *, *, #5607, .F. ) ;
#3995 = CARTESIAN_POINT ( 'NONE',  ( 1.449999999999994400, 0.6000000000000000900, -0.3000000000000011500 ) ) ;
#3996 = CARTESIAN_POINT ( 'NONE',  ( 0.4535156188246833900, 0.6203010163582339800, -1.255192055490531100 ) ) ;
#3997 = DIRECTION ( 'NONE',  ( -0.0000000000000000000, -1.000000000000000000, -0.0000000000000000000 ) ) ;
#3998 = FACE_BOUND ( 'NONE', #2666, .T. ) ;
#4000 = CARTESIAN_POINT ( 'NONE',  ( -7.641632367829181700E-015, 0.6000000000000000900, 0.7400569921222806000 ) ) ;
#3999 = DIRECTION ( 'NONE',  ( 0.0000000000000000000, 1.000000000000000000, -0.0000000000000000000 ) ) ;
#4001 = EDGE_LOOP ( 'NONE', ( #3325, #5268, #172, #887, #3716, #1060, #2173, #4761 ) ) ;
#4002 = LINE ( 'NONE', #3007, #2586 ) ;
#4003 = FACE_OUTER_BOUND ( 'NONE', #4323, .T. ) ;
#4004 = VECTOR ( 'NONE', #3057, 1000.000000000000000 ) ;
#4005 = DIRECTION ( 'NONE',  ( -0.0000000000000000000, -1.000000000000000000, -0.0000000000000000000 ) ) ;
#4006 = PRODUCT_DEFINITION_FORMATION_WITH_SPECIFIED_SOURCE ( 'ANY', '', #4341, .NOT_KNOWN. ) ;
#4007 = AXIS2_PLACEMENT_3D ( 'NONE', #4127, #173, #621 ) ;
#4008 = PERSON_AND_ORGANIZATION_ROLE ( 'creator' ) ;
#4009 = DIRECTION ( 'NONE',  ( 1.000000000000000000, 0.0000000000000000000, 3.407492542097299900E-015 ) ) ;
#4010 = CARTESIAN_POINT ( 'NONE',  ( -0.6249999999999942300, 0.5250000000000000200, 0.2500000000000071100 ) ) ;
#4011 = DIRECTION ( 'NONE',  ( 0.0000000000000000000, 1.000000000000000000, 0.0000000000000000000 ) ) ;
#4012 = VERTEX_POINT ( 'NONE', #2127 ) ;
#4013 = DIRECTION ( 'NONE',  ( 1.000000000000000000, 0.0000000000000000000, -0.0000000000000000000 ) ) ;
#4014 = CARTESIAN_POINT ( 'NONE',  ( -0.2500000000000000000, 0.5250000000000000200, -0.6250000000000005600 ) ) ;
#4015 = CARTESIAN_POINT ( 'NONE',  ( 2.400000000000000400, 0.0000000000000000000, -0.2999999999999986600 ) ) ;
#4016 = ORIENTED_EDGE ( 'NONE', *, *, #328, .T. ) ;
#4017 = VERTEX_POINT ( 'NONE', #5140 ) ;
#4018 = COORDINATED_UNIVERSAL_TIME_OFFSET ( 1, 0, .AHEAD. ) ;
#4019 = EDGE_CURVE ( 'NONE', #3941, #1503, #596, .T. ) ;
#4020 = DIRECTION ( 'NONE',  ( -1.000000000000000000, 0.0000000000000000000, -1.029992063861229800E-014 ) ) ;
#4021 = PLANE ( 'NONE',  #239 ) ;
#4023 = ORIENTED_EDGE ( 'NONE', *, *, #5073, .T. ) ;
#4022 = VERTEX_POINT ( 'NONE', #14 ) ;
#4024 = CARTESIAN_POINT ( 'NONE',  ( 0.3850547629695299500, 0.6050000000039440500, -1.229042915842905900 ) ) ;
#4025 = EDGE_CURVE ( 'NONE', #1548, #5388, #3733, .T. ) ;
#4026 = LINE ( 'NONE', #1692, #978 ) ;
#4027 = EDGE_LOOP ( 'NONE', ( #151, #4870, #2197, #2508 ) ) ;
#4028 = EDGE_LOOP ( 'NONE', ( #2237, #5359, #2981, #4694 ) ) ;
#4029 = PERSON_AND_ORGANIZATION_ROLE ( 'design_supplier' ) ;
#4030 = LINE ( 'NONE', #3980, #1731 ) ;
#4031 = CARTESIAN_POINT ( 'NONE',  ( -0.1435534813419278300, 0.9318202138296659600, -1.101880234608605000 ) ) ;
#4032 = LINE ( 'NONE', #3724, #2888 ) ;
#4033 = AXIS2_PLACEMENT_3D ( 'NONE', #3661, #1097, #4967 ) ;
#4034 = VECTOR ( 'NONE', #4312, 1000.000000000000000 ) ;
#4035 = LINE ( 'NONE', #1563, #3635 ) ;
#4036 = CARTESIAN_POINT ( 'NONE',  ( 0.3849146924521537100, 0.6050000000000002000, -1.270077032521043800 ) ) ;
#4037 = LINE ( 'NONE', #4200, #5373 ) ;
#4038 = VECTOR ( 'NONE', #140, 1000.000000000000000 ) ;
#4039 = AXIS2_PLACEMENT_3D ( 'NONE', #4966, #2411, #4557 ) ;
#4040 = VECTOR ( 'NONE', #5189, 1000.000000000000000 ) ;
#4041 = VERTEX_POINT ( 'NONE', #3072 ) ;
#4042 = LINE ( 'NONE', #3156, #1946 ) ;
#4043 = DIRECTION ( 'NONE',  ( 0.0000000000000000000, 0.0000000000000000000, -1.000000000000000000 ) ) ;
#4044 =( NAMED_UNIT ( * ) SI_UNIT ( $, .STERADIAN. ) SOLID_ANGLE_UNIT ( ) );
#4045 = EDGE_CURVE ( 'NONE', #3941, #3213, #3536, .T. ) ;
#4046 = ORIENTED_EDGE ( 'NONE', *, *, #3129, .F. ) ;
#4047 = CARTESIAN_POINT ( 'NONE',  ( -2.466559942404523800E-015, 0.6000000000000000900, 0.3500000000000001400 ) ) ;
#4048 = LINE ( 'NONE', #3943, #1135 ) ;
#4049 = ORIENTED_EDGE ( 'NONE', *, *, #2680, .F. ) ;
#4050 = ORIENTED_EDGE ( 'NONE', *, *, #1235, .F. ) ;
#4051 = ORIENTED_EDGE ( 'NONE', *, *, #2404, .F. ) ;
#4052 = CARTESIAN_POINT ( 'NONE',  ( 0.3850259361400085700, 0.6050000000001224400, -0.5208638767650652900 ) ) ;
#4053 = EDGE_LOOP ( 'NONE', ( #4023, #2143, #1955, #4194 ) ) ;
#4054 = EDGE_LOOP ( 'NONE', ( #3728, #2713, #1412, #497 ) ) ;
#4056 = CARTESIAN_POINT ( 'NONE',  ( -0.3500000000000004800, 0.6049999999999999800, -3.541727096785987200E-015 ) ) ;
#4055 = DIRECTION ( 'NONE',  ( 3.394024192128566700E-015, 0.0000000000000000000, -1.000000000000000000 ) ) ;
#4057 = ORIENTED_EDGE ( 'NONE', *, *, #2763, .F. ) ;
#4058 = VERTEX_POINT ( 'NONE', #3509 ) ;
#4059 = CARTESIAN_POINT ( 'NONE',  ( -2.166348257330973100, 0.5000000000000000000, -1.135111053597029700 ) ) ;
#4060 = PLANE ( 'NONE',  #3068 ) ;
#4061 = EDGE_CURVE ( 'NONE', #2637, #4863, #2392, .T. ) ;
#4062 = ADVANCED_FACE ( 'NONE', ( #132 ), #4786, .F. ) ;
#4063 = CARTESIAN_POINT ( 'NONE',  ( 0.4060968549632992800, 0.6049999999999997600, -1.225736582697627200 ) ) ;
#4064 = ORIENTED_EDGE ( 'NONE', *, *, #1499, .F. ) ;
#4065 = DIRECTION ( 'NONE',  ( -7.228014483236698500E-016, 0.0000000000000000000, -1.000000000000000000 ) ) ;
#4066 = DIRECTION ( 'NONE',  ( 0.0000000000000000000, 0.0000000000000000000, 1.000000000000000000 ) ) ;
#4067 = LINE ( 'NONE', #3685, #2924 ) ;
#4068 = CIRCLE ( 'NONE', #3885, 0.02500000000000006400 ) ;
#4069 = CARTESIAN_POINT ( 'NONE',  ( 0.3740761038657317000, 0.6049999999999999800, -0.4992080293476847700 ) ) ;
#4070 = DIRECTION ( 'NONE',  ( 2.017120320903263200E-016, 0.0000000000000000000, 1.000000000000000000 ) ) ;
#4071 = AXIS2_PLACEMENT_3D ( 'NONE', #4686, #1258, #5582 ) ;
#4072 = LINE ( 'NONE', #478, #3673 ) ;
#4073 = AXIS2_PLACEMENT_3D ( 'NONE', #1141, #4230, #2078 ) ;
#4074 = ORIENTED_EDGE ( 'NONE', *, *, #1729, .F. ) ;
#4075 = CARTESIAN_POINT ( 'NONE',  ( -0.009066261709600637700, 0.4938525753565956000, 0.0000000000000000000 ) ) ;
#4076 = EDGE_CURVE ( 'NONE', #4117, #1685, #4945, .T. ) ;
#4077 = CARTESIAN_POINT ( 'NONE',  ( -1.040056992122280600, 0.6049999999999999800, -1.400000000000000100 ) ) ;
#4078 = SECURITY_CLASSIFICATION ( '', '', #134 ) ;
#4079 = DIRECTION ( 'NONE',  ( 8.883499016139744500E-016, 0.0000000000000000000, -1.000000000000000000 ) ) ;
#4080 = ORIENTED_EDGE ( 'NONE', *, *, #4543, .F. ) ;
#4081 = CALENDAR_DATE ( 2019, 28, 10 ) ;
#4082 = DIRECTION ( 'NONE',  ( 7.021499783715647100E-015, 0.0000000000000000000, -1.000000000000000000 ) ) ;
#4083 = DIRECTION ( 'NONE',  ( -1.224639388853017000E-016, 4.260273649233804600E-019, 1.000000000000000000 ) ) ;
#4085 = ORIENTED_EDGE ( 'NONE', *, *, #2893, .T. ) ;
#4084 = ORIENTED_EDGE ( 'NONE', *, *, #2833, .F. ) ;
#4086 = EDGE_CURVE ( 'NONE', #1685, #2274, #4745, .T. ) ;
#4087 = ADVANCED_FACE ( 'NONE', ( #1224, #325 ), #3933, .F. ) ;
#4088 = PERSON_AND_ORGANIZATION ( #5627, #2878 ) ;
#4089 = PLANE ( 'NONE',  #2885 ) ;
#4090 = ORIENTED_EDGE ( 'NONE', *, *, #3204, .T. ) ;
#4091 = EDGE_CURVE ( 'NONE', #2709, #2094, #3410, .T. ) ;
#4092 = EDGE_CURVE ( 'NONE', #475, #2585, #5545, .T. ) ;
#4093 = LINE ( 'NONE', #178, #1997 ) ;
#4094 = CARTESIAN_POINT ( 'NONE',  ( 1.099999999999991700, 0.6049999999999999800, 1.400000000000007700 ) ) ;
#4095 = CARTESIAN_POINT ( 'NONE',  ( 0.4133731825217035700, 0.6066452991079837000, -0.5210994884311707100 ) ) ;
#4096 = VECTOR ( 'NONE', #5228, 1000.000000000000000 ) ;
#4097 = ORIENTED_EDGE ( 'NONE', *, *, #2020, .F. ) ;
#4098 = CARTESIAN_POINT ( 'NONE',  ( 0.0000000000000000000, 0.0000000000000000000, 2.100000000000000500 ) ) ;
#4099 = LINE ( 'NONE', #1792, #5174 ) ;
#4100 = FACE_BOUND ( 'NONE', #5195, .T. ) ;
#4101 = DIRECTION ( 'NONE',  ( 7.165162183382554600E-015, 0.0000000000000000000, -1.000000000000000000 ) ) ;
#4102 = LINE ( 'NONE', #2057, #5512 ) ;
#4103 = CARTESIAN_POINT ( 'NONE',  ( -2.399999999999999500, 0.0000000000000000000, 4.841088770167832500E-016 ) ) ;
#4104 = CARTESIAN_POINT ( 'NONE',  ( 1.449999999999994400, 0.6000000000000000900, -0.3000000000000011500 ) ) ;
#4105 = CARTESIAN_POINT ( 'NONE',  ( 1.400000000000003000, 0.6000000000000000900, -0.7400569921222759400 ) ) ;
#4106 = FACE_OUTER_BOUND ( 'NONE', #312, .T. ) ;
#4107 = EDGE_LOOP ( 'NONE', ( #5414, #5365, #1203, #970 ) ) ;
#4108 = LINE ( 'NONE', #769, #4448 ) ;
#4109 = DIRECTION ( 'NONE',  ( -1.000000000000000000, 0.0000000000000000000, 1.807003620809175400E-016 ) ) ;
#4110 = VERTEX_POINT ( 'NONE', #5230 ) ;
#4111 = LINE ( 'NONE', #761, #3840 ) ;
#4112 = ORIENTED_EDGE ( 'NONE', *, *, #553, .F. ) ;
#4113 = ORIENTED_EDGE ( 'NONE', *, *, #3056, .T. ) ;
#4114 = AXIS2_PLACEMENT_3D ( 'NONE', #3527, #3115, #3097 ) ;
#4115 = DIRECTION ( 'NONE',  ( -0.0000000000000000000, -1.000000000000000000, -0.0000000000000000000 ) ) ;
#4117 = VERTEX_POINT ( 'NONE', #1349 ) ;
#4116 = CARTESIAN_POINT ( 'NONE',  ( 2.214870152363249000E-015, 0.6049999999999999800, -0.6500000000000011300 ) ) ;
#4118 = VERTEX_POINT ( 'NONE', #415 ) ;
#4119 = ADVANCED_FACE ( 'NONE', ( #4549 ), #2209, .T. ) ;
#4120 = CARTESIAN_POINT ( 'NONE',  ( -0.2500000000000003900, 0.5250000000000000200, -1.125000000000000700 ) ) ;
#4121 = ORIENTED_EDGE ( 'NONE', *, *, #5348, .T. ) ;
#4122 = VERTEX_POINT ( 'NONE', #3120 ) ;
#4123 = ORIENTED_EDGE ( 'NONE', *, *, #1961, .F. ) ;
#4124 = CARTESIAN_POINT ( 'NONE',  ( 2.400000000000000400, -0.02500000000000000100, -0.2999999999999986600 ) ) ;
#4125 = EDGE_CURVE ( 'NONE', #4288, #5387, #2590, .T. ) ;
#4126 = CARTESIAN_POINT ( 'NONE',  ( 0.7046400000000018200, 0.6049999999999999800, -0.2055199999999980100 ) ) ;
#4127 = CARTESIAN_POINT ( 'NONE',  ( -0.2500000000000000000, 0.5250000000000000200, -0.6250000000000005600 ) ) ;
#4128 = ORIENTED_EDGE ( 'NONE', *, *, #1817, .T. ) ;
#4129 = PLANE ( 'NONE',  #588 ) ;
#4130 = CARTESIAN_POINT ( 'NONE',  ( 3.252606517456523800E-017, -0.02500000000000000100, 0.3000000000000009900 ) ) ;
#4131 = EDGE_CURVE ( 'NONE', #1341, #4854, #2259, .T. ) ;
#4132 = ORIENTED_EDGE ( 'NONE', *, *, #3274, .F. ) ;
#4133 = LINE ( 'NONE', #2469, #2717 ) ;
#4134 = EDGE_CURVE ( 'NONE', #5388, #545, #3203, .T. ) ;
#4135 = ORIENTED_EDGE ( 'NONE', *, *, #5029, .T. ) ;
#4136 = LINE ( 'NONE', #347, #5009 ) ;
#4137 = CARTESIAN_POINT ( 'NONE',  ( 0.7400569921222783800, 0.6000000000000000900, 0.3500000000000053100 ) ) ;
#4138 = EDGE_CURVE ( 'NONE', #3004, #2471, #4815, .T. ) ;
#4139 = FACE_OUTER_BOUND ( 'NONE', #2648, .T. ) ;
#4140 = LINE ( 'NONE', #5065, #2181 ) ;
#4141 = AXIS2_PLACEMENT_3D ( 'NONE', #2539, #2877, #260 ) ;
#4142 = DIRECTION ( 'NONE',  ( 0.0000000000000000000, 0.0000000000000000000, -1.000000000000000000 ) ) ;
#4143 = PLANE ( 'NONE',  #2097 ) ;
#4144 = CARTESIAN_POINT ( 'NONE',  ( -0.7400569921222808200, 0.6049999999999999800, -1.400000000000000400 ) ) ;
#4145 = PLANE ( 'NONE',  #3255 ) ;
#4146 = ADVANCED_FACE ( 'NONE', ( #3931 ), #65, .T. ) ;
#4147 = ORIENTED_EDGE ( 'NONE', *, *, #1016, .F. ) ;
#4148 = PLANE ( 'NONE',  #3247 ) ;
#4149 = ORIENTED_EDGE ( 'NONE', *, *, #452, .F. ) ;
#4150 = ORIENTED_EDGE ( 'NONE', *, *, #4995, .T. ) ;
#4151 = DATE_AND_TIME ( #5224, #4629 ) ;
#4152 = EDGE_LOOP ( 'NONE', ( #4926, #3310, #3544, #3582 ) ) ;
#4153 = CARTESIAN_POINT ( 'NONE',  ( 2.521738681383630500E-015, 0.6049999999999999800, -0.7400569921222807100 ) ) ;
#4154 = CARTESIAN_POINT ( 'NONE',  ( -1.124999999999993800, 0.5250000000000000200, 0.1500000000000052700 ) ) ;
#4155 = CARTESIAN_POINT ( 'NONE',  ( 0.2999999999999961600, 0.6000000000000000900, 1.449999999999995500 ) ) ;
#4156 = DIRECTION ( 'NONE',  ( -1.000000000000000000, 0.0000000000000000000, 2.017120320903264400E-016 ) ) ;
#4157 = LINE ( 'NONE', #5552, #4565 ) ;
#4158 = CARTESIAN_POINT ( 'NONE',  ( -0.2499999999999997200, 0.5000000000000000000, -0.2500000000000000600 ) ) ;
#4159 = PLANE ( 'NONE',  #4595 ) ;
#4160 = VECTOR ( 'NONE', #4284, 1000.000000000000000 ) ;
#4161 = ORIENTED_EDGE ( 'NONE', *, *, #1809, .F. ) ;
#4162 = ORIENTED_EDGE ( 'NONE', *, *, #3836, .T. ) ;
#4163 = FACE_OUTER_BOUND ( 'NONE', #314, .T. ) ;
#4164 = LINE ( 'NONE', #4176, #556 ) ;
#4165 = EDGE_CURVE ( 'NONE', #1042, #3035, #4883, .T. ) ;
#4166 = VECTOR ( 'NONE', #400, 1000.000000000000000 ) ;
#4167 = VECTOR ( 'NONE', #1161, 1000.000000000000000 ) ;
#4168 = EDGE_CURVE ( 'NONE', #643, #786, #2043, .T. ) ;
#4169 = DIRECTION ( 'NONE',  ( -0.0000000000000000000, -1.000000000000000000, -0.0000000000000000000 ) ) ;
#4170 = CARTESIAN_POINT ( 'NONE',  ( 0.2999999999999961600, 0.6000000000000000900, 1.449999999999995500 ) ) ;
#4171 = VECTOR ( 'NONE', #1772, 1000.000000000000000 ) ;
#4172 = ADVANCED_FACE ( 'NONE', ( #1437 ), #1748, .T. ) ;
#4173 = FACE_OUTER_BOUND ( 'NONE', #500, .T. ) ;
#4174 = CARTESIAN_POINT ( 'NONE',  ( 0.2645504433633550400, 1.066950700471354100, -1.235493879314310900 ) ) ;
#4175 = PLANE ( 'NONE',  #2812 ) ;
#4176 = CARTESIAN_POINT ( 'NONE',  ( -1.500000000000001300, 0.5250000000000000200, -1.500000000000000000 ) ) ;
#4177 = FACE_OUTER_BOUND ( 'NONE', #1770, .T. ) ;
#4178 = EDGE_LOOP ( 'NONE', ( #432, #828, #689, #4399 ) ) ;
#4179 = CARTESIAN_POINT ( 'NONE',  ( -0.3500000000000068600, 0.6049999999999999800, 0.6499999999999974700 ) ) ;
#4180 = VECTOR ( 'NONE', #2545, 1000.000000000000000 ) ;
#4181 = DIRECTION ( 'NONE',  ( 0.0000000000000000000, -1.000000000000000000, -0.0000000000000000000 ) ) ;
#4182 = AXIS2_PLACEMENT_3D ( 'NONE', #2297, #577, #1452 ) ;
#4183 = CARTESIAN_POINT ( 'NONE',  ( 0.3000000000000004900, -0.02500000000000000100, 4.646580739223591500E-017 ) ) ;
#4184 = ORIENTED_EDGE ( 'NONE', *, *, #2337, .F. ) ;
#4185 = VECTOR ( 'NONE', #3815, 1000.000000000000000 ) ;
#4186 = VERTEX_POINT ( 'NONE', #2192 ) ;
#4187 = CARTESIAN_POINT ( 'NONE',  ( -0.2500000000000003900, 0.5250000000000000200, -1.125000000000000700 ) ) ;
#4188 = VERTEX_POINT ( 'NONE', #4578 ) ;
#4189 = ORIENTED_EDGE ( 'NONE', *, *, #2444, .T. ) ;
#4190 = ORIENTED_EDGE ( 'NONE', *, *, #3990, .T. ) ;
#4191 = EDGE_LOOP ( 'NONE', ( #1223, #2703 ) ) ;
#4192 = PLANE ( 'NONE',  #1577 ) ;
#4193 = CARTESIAN_POINT ( 'NONE',  ( -1.011922027653137400E-014, 0.6049999999999999800, 1.400000000000000100 ) ) ;
#4194 = ORIENTED_EDGE ( 'NONE', *, *, #13, .F. ) ;
#4195 = EDGE_LOOP ( 'NONE', ( #333, #5096, #2099, #2873 ) ) ;
#4196 = EDGE_CURVE ( 'NONE', #2909, #3388, #4415, .T. ) ;
#4197 = CARTESIAN_POINT ( 'NONE',  ( 0.2851200706794352900, 1.091632514127298700, -1.191493353948167600 ) ) ;
#4198 = CARTESIAN_POINT ( 'NONE',  ( 0.3500000000000025900, 0.6049999999999999800, -0.7400569921222794900 ) ) ;
#4199 = CARTESIAN_POINT ( 'NONE',  ( 0.3000000000000004900, -0.02500000000000000100, -4.646580739223585300E-017 ) ) ;
#4200 = CARTESIAN_POINT ( 'NONE',  ( -0.3500000000000115800, 0.6049999999999999800, 1.099999999999997400 ) ) ;
#4201 = ORIENTED_EDGE ( 'NONE', *, *, #783, .T. ) ;
#4202 = DIRECTION ( 'NONE',  ( 1.000000000000000000, -0.0000000000000000000, 0.0000000000000000000 ) ) ;
#4203 = EDGE_CURVE ( 'NONE', #375, #523, #1573, .T. ) ;
#4204 = ADVANCED_FACE ( 'NONE', ( #1156 ), #2483, .T. ) ;
#4205 = DIRECTION ( 'NONE',  ( -1.734723475976825800E-015, 0.0000000000000000000, -1.000000000000000000 ) ) ;
#4206 = CARTESIAN_POINT ( 'NONE',  ( 0.0000000000000000000, -0.02500000000000000100, 2.100000000000001000 ) ) ;
#4207 = EDGE_CURVE ( 'NONE', #3047, #5560, #2654, .T. ) ;
#4208 = LINE ( 'NONE', #3669, #2790 ) ;
#4209 = VECTOR ( 'NONE', #3340, 1000.000000000000000 ) ;
#4210 = PLANE ( 'NONE',  #4875 ) ;
#4211 = DIRECTION ( 'NONE',  ( -1.000000000000000000, 0.0000000000000000000, 8.340016711426957800E-017 ) ) ;
#4212 = FACE_OUTER_BOUND ( 'NONE', #4464, .T. ) ;
#4213 = ORIENTED_EDGE ( 'NONE', *, *, #308, .F. ) ;
#4214 = DIRECTION ( 'NONE',  ( 0.0000000000000000000, 0.0000000000000000000, 1.000000000000000000 ) ) ;
#4215 = CARTESIAN_POINT ( 'NONE',  ( -1.899999999999999200, -0.02500000000000000100, 0.3000000000000012100 ) ) ;
#4216 = DIRECTION ( 'NONE',  ( 1.000000000000000000, 0.0000000000000000000, -1.084202172485504400E-016 ) ) ;
#4217 = CARTESIAN_POINT ( 'NONE',  ( 1.400000000000000100, -0.02500000000000000100, 0.0000000000000000000 ) ) ;
#4218 = DIRECTION ( 'NONE',  ( -1.000000000000000000, 0.0000000000000000000, -3.394024192128579700E-015 ) ) ;
#4219 = ORIENTED_EDGE ( 'NONE', *, *, #1299, .F. ) ;
#4220 = PERSON_AND_ORGANIZATION ( #5627, #2878 ) ;
#4221 = CARTESIAN_POINT ( 'NONE',  ( 0.3801874731317581600, 0.6049999999999995400, -0.4841233640953822600 ) ) ;
#4222 = DIRECTION ( 'NONE',  ( -1.000000000000000000, 0.0000000000000000000, -7.228014483236698300E-015 ) ) ;
#4223 = AXIS2_PLACEMENT_3D ( 'NONE', #3231, #208, #2758 ) ;
#4224 =( BOUNDED_CURVE ( )  B_SPLINE_CURVE ( 3, ( #554, #4059, #4944, #2374 ),
 .UNSPECIFIED., .F., .F. ) 
 B_SPLINE_CURVE_WITH_KNOTS ( ( 4, 4 ),
 ( 2.414140757177547100, 3.141592653589793100 ),
 .UNSPECIFIED. ) 
 CURVE ( )  GEOMETRIC_REPRESENTATION_ITEM ( )  RATIONAL_B_SPLINE_CURVE ( ( 1.000000000000000000, 0.9563851831947511900, 0.9563851831947511900, 1.000000000000000000 ) ) 
 REPRESENTATION_ITEM ( '' )  );
#4225 = AXIS2_PLACEMENT_3D ( 'NONE', #2494, #3846, #3766 ) ;
#4226 = DIRECTION ( 'NONE',  ( 0.0000000000000000000, 0.0000000000000000000, -1.000000000000000000 ) ) ;
#4228 = EDGE_LOOP ( 'NONE', ( #264, #917, #2780, #1013 ) ) ;
#4227 = VERTEX_POINT ( 'NONE', #4631 ) ;
#4229 = VECTOR ( 'NONE', #4222, 1000.000000000000000 ) ;
#4230 = DIRECTION ( 'NONE',  ( -1.000000000000000000, 0.0000000000000000000, 1.734723475976826000E-015 ) ) ;
#4231 = ORIENTED_EDGE ( 'NONE', *, *, #2943, .F. ) ;
#4232 = ORIENTED_EDGE ( 'NONE', *, *, #2833, .T. ) ;
#4233 = EDGE_CURVE ( 'NONE', #3393, #5423, #2462, .T. ) ;
#4234 = LINE ( 'NONE', #5329, #3092 ) ;
#4235 = CARTESIAN_POINT ( 'NONE',  ( 0.2500000000000060500, 0.5250000000000000200, 1.124999999999969800 ) ) ;
#4236 = VECTOR ( 'NONE', #1363, 1000.000000000000000 ) ;
#4237 = CARTESIAN_POINT ( 'NONE',  ( -2.099999999999999600, 0.4500000000000000100, 1.849999999999999400 ) ) ;
#4238 = PLANE ( 'NONE',  #2389 ) ;
#4239 = LINE ( 'NONE', #700, #4775 ) ;
#4240 = DIRECTION ( 'NONE',  ( -1.000000000000000000, 0.0000000000000000000, 3.942553354492745500E-016 ) ) ;
#4241 = CARTESIAN_POINT ( 'NONE',  ( 0.3000000000000007700, -0.02500000000000000100, -2.099999999999999600 ) ) ;
#4242 = ADVANCED_FACE ( 'NONE', ( #2524 ), #1648, .F. ) ;
#4243 = VECTOR ( 'NONE', #2046, 1000.000000000000000 ) ;
#4244 = LINE ( 'NONE', #4056, #2685 ) ;
#4245 = DIRECTION ( 'NONE',  ( 2.017120320903263200E-016, 0.0000000000000000000, 1.000000000000000000 ) ) ;
#4246 = CARTESIAN_POINT ( 'NONE',  ( 1.449999999999998400, 0.6000000000000000900, -1.449999999999990900 ) ) ;
#4247 = EDGE_CURVE ( 'NONE', #4605, #1926, #256, .T. ) ;
#4248 = PLANE ( 'NONE',  #4517 ) ;
#4249 = EDGE_CURVE ( 'NONE', #3114, #3250, #2792, .T. ) ;
#4250 = VECTOR ( 'NONE', #3063, 1000.000000000000000 ) ;
#4251 = ORIENTED_EDGE ( 'NONE', *, *, #3629, .F. ) ;
#4252 = LINE ( 'NONE', #3366, #4921 ) ;
#4253 = ORIENTED_EDGE ( 'NONE', *, *, #2296, .F. ) ;
#4254 = VECTOR ( 'NONE', #890, 1000.000000000000000 ) ;
#4255 = EDGE_LOOP ( 'NONE', ( #5574, #4520, #1276, #3654 ) ) ;
#4256 = EDGE_LOOP ( 'NONE', ( #772, #5522, #2770, #2829 ) ) ;
#4257 = CARTESIAN_POINT ( 'NONE',  ( -0.2500000000000002800, 0.5249999999999999100, -1.050000000000000500 ) ) ;
#4258 = CARTESIAN_POINT ( 'NONE',  ( 0.3918424336925460700, 0.6049999999999997600, -0.4762559426344859500 ) ) ;
#4259 = ORIENTED_EDGE ( 'NONE', *, *, #4281, .F. ) ;
#4260 = DIRECTION ( 'NONE',  ( 1.000000000000000000, 0.0000000000000000000, 0.0000000000000000000 ) ) ;
#4261 = ORIENTED_EDGE ( 'NONE', *, *, #216, .T. ) ;
#4262 = ORIENTED_EDGE ( 'NONE', *, *, #5610, .F. ) ;
#4263 = AXIS2_PLACEMENT_3D ( 'NONE', #733, #3779, #4757 ) ;
#4264 = ORIENTED_EDGE ( 'NONE', *, *, #4500, .F. ) ;
#4265 = ADVANCED_FACE ( 'NONE', ( #3668 ), #594, .T. ) ;
#4266 = CARTESIAN_POINT ( 'NONE',  ( 0.3784407169776429200, 0.6049999999999997600, -0.4864000313957143100 ) ) ;
#4267 = ORIENTED_EDGE ( 'NONE', *, *, #1342, .F. ) ;
#4268 = DIRECTION ( 'NONE',  ( 0.0000000000000000000, 1.000000000000000000, 0.0000000000000000000 ) ) ;
#4269 = ORIENTED_EDGE ( 'NONE', *, *, #4426, .F. ) ;
#4270 = ADVANCED_FACE ( 'NONE', ( #3604 ), #1162, .F. ) ;
#4271 = DIRECTION ( 'NONE',  ( 6.608470384673549400E-015, 0.0000000000000000000, -1.000000000000000000 ) ) ;
#4272 = LINE ( 'NONE', #773, #1289 ) ;
#4273 = ORIENTED_EDGE ( 'NONE', *, *, #776, .T. ) ;
#4274 = ORIENTED_EDGE ( 'NONE', *, *, #3129, .T. ) ;
#4275 = FACE_OUTER_BOUND ( 'NONE', #4195, .T. ) ;
#4276 = CARTESIAN_POINT ( 'NONE',  ( -1.135830847365768000E-014, 0.6049999999999999800, 1.100000000000001200 ) ) ;
#4277 = DIRECTION ( 'NONE',  ( 1.032573497605242100E-016, 0.0000000000000000000, 1.000000000000000000 ) ) ;
#4278 = DIRECTION ( 'NONE',  ( 0.0000000000000000000, 0.0000000000000000000, -1.000000000000000000 ) ) ;
#4279 = LINE ( 'NONE', #1942, #2529 ) ;
#4280 = LINE ( 'NONE', #676, #2855 ) ;
#4281 = EDGE_CURVE ( 'NONE', #4738, #2036, #3795, .T. ) ;
#4282 = CARTESIAN_POINT ( 'NONE',  ( 8.279362044434755800E-016, 0.0000000000000000000, -2.099999999999999600 ) ) ;
#4283 = EDGE_CURVE ( 'NONE', #147, #1195, #4680, .T. ) ;
#4284 = DIRECTION ( 'NONE',  ( 2.717733445697237200E-014, 0.0000000000000000000, 1.000000000000000000 ) ) ;
#4285 = DIRECTION ( 'NONE',  ( 1.000000000000000000, -0.0000000000000000000, 0.0000000000000000000 ) ) ;
#4286 = DIRECTION ( 'NONE',  ( 1.000000000000000000, 0.0000000000000000000, 8.095376221224623800E-015 ) ) ;
#4287 = CARTESIAN_POINT ( 'NONE',  ( -2.600000000000000100, 0.5000000000000000000, 2.600000000000000100 ) ) ;
#4288 = VERTEX_POINT ( 'NONE', #1239 ) ;
#4289 = ADVANCED_FACE ( 'NONE', ( #2925 ), #3483, .T. ) ;
#4290 = EDGE_LOOP ( 'NONE', ( #2742, #3511, #4506, #4090 ) ) ;
#4291 = AXIS2_PLACEMENT_3D ( 'NONE', #1644, #5091, #269 ) ;
#4292 = EDGE_LOOP ( 'NONE', ( #1492, #846, #4331, #1340 ) ) ;
#4293 = LOCAL_TIME ( 1, 35, 54.00000000000000000, #4018 ) ;
#4294 = ADVANCED_FACE ( 'NONE', ( #732 ), #826, .F. ) ;
#4296 = ORIENTED_EDGE ( 'NONE', *, *, #5390, .F. ) ;
#4295 = VERTEX_POINT ( 'NONE', #807 ) ;
#4297 = DIRECTION ( 'NONE',  ( -1.000000000000000000, 0.0000000000000000000, 6.938893903907232300E-015 ) ) ;
#4298 = CARTESIAN_POINT ( 'NONE',  ( -1.400000000000001200, 0.6049999999999999800, -1.399999999999999900 ) ) ;
#4299 = LINE ( 'NONE', #4495, #1044 ) ;
#4300 = AXIS2_PLACEMENT_3D ( 'NONE', #2859, #243, #3303 ) ;
#4301 = VECTOR ( 'NONE', #815, 1000.000000000000000 ) ;
#4302 = ORIENTED_EDGE ( 'NONE', *, *, #1914, .F. ) ;
#4303 = VERTEX_POINT ( 'NONE', #3855 ) ;
#4304 = CARTESIAN_POINT ( 'NONE',  ( -1.124999999999993800, 0.5000000000000000000, 0.1500000000000052700 ) ) ;
#4305 = VECTOR ( 'NONE', #4973, 1000.000000000000000 ) ;
#4306 = CARTESIAN_POINT ( 'NONE',  ( -0.2500000000000003900, 0.5250000000000000200, -1.125000000000000700 ) ) ;
#4307 = VECTOR ( 'NONE', #2468, 1000.000000000000000 ) ;
#4308 = EDGE_CURVE ( 'NONE', #1556, #3575, #1775, .T. ) ;
#4309 = VECTOR ( 'NONE', #3749, 1000.000000000000000 ) ;
#4310 = FACE_BOUND ( 'NONE', #1160, .T. ) ;
#4311 = DIRECTION ( 'NONE',  ( 1.000000000000000000, 0.0000000000000000000, 0.0000000000000000000 ) ) ;
#4312 = DIRECTION ( 'NONE',  ( -2.891205793294678200E-015, 0.0000000000000000000, 1.000000000000000000 ) ) ;
#4313 = DIRECTION ( 'NONE',  ( -0.0000000000000000000, -1.000000000000000000, -0.0000000000000000000 ) ) ;
#4314 = VECTOR ( 'NONE', #443, 1000.000000000000000 ) ;
#4315 = LINE ( 'NONE', #1388, #3703 ) ;
#4316 = EDGE_CURVE ( 'NONE', #3776, #2058, #5409, .T. ) ;
#4317 = ADVANCED_FACE ( 'NONE', ( #3470 ), #2538, .T. ) ;
#4318 = FACE_OUTER_BOUND ( 'NONE', #4027, .T. ) ;
#4319 = EDGE_LOOP ( 'NONE', ( #1868, #4532, #722, #2704, #5596 ) ) ;
#4320 = CARTESIAN_POINT ( 'NONE',  ( -0.2500000000000000000, 0.5250000000000000200, 1.500000000000003800 ) ) ;
#4321 = LINE ( 'NONE', #81, #774 ) ;
#4322 = EDGE_CURVE ( 'NONE', #4295, #4991, #2325, .T. ) ;
#4323 = EDGE_LOOP ( 'NONE', ( #4472, #5220, #3620, #1841 ) ) ;
#4324 = VECTOR ( 'NONE', #3633, 1000.000000000000000 ) ;
#4325 = EDGE_LOOP ( 'NONE', ( #97, #5131, #3409, #2776 ) ) ;
#4326 = EDGE_LOOP ( 'NONE', ( #1145, #86, #4806 ) ) ;
#4327 = ADVANCED_FACE ( 'NONE', ( #1701 ), #1661, .T. ) ;
#4328 = EDGE_LOOP ( 'NONE', ( #4364, #5350, #5328, #4423, #4132, #1921, #4046, #758 ) ) ;
#4329 = AXIS2_PLACEMENT_3D ( 'NONE', #3360, #5529, #1228 ) ;
#4330 = ORIENTED_EDGE ( 'NONE', *, *, #4469, .F. ) ;
#4331 = ORIENTED_EDGE ( 'NONE', *, *, #5213, .T. ) ;
#4332 = ORIENTED_EDGE ( 'NONE', *, *, #1157, .F. ) ;
#4333 = CARTESIAN_POINT ( 'NONE',  ( 1.900000000000000800, -0.02500000000000000100, -0.2999999999999986000 ) ) ;
#4334 = CARTESIAN_POINT ( 'NONE',  ( 1.124999999999984500, 0.5000000000000000000, -0.2500000000000082700 ) ) ;
#4335 = DIRECTION ( 'NONE',  ( 0.7071067811865474600, 0.0000000000000000000, -0.7071067811865474600 ) ) ;
#4336 = EDGE_LOOP ( 'NONE', ( #3709, #4503, #2919, #2244 ) ) ;
#4337 = AXIS2_PLACEMENT_3D ( 'NONE', #1095, #1108, #4936 ) ;
#4338 = PLANE ( 'NONE',  #2320 ) ;
#4339 = LINE ( 'NONE', #1782, #5480 ) ;
#4340 = VERTEX_POINT ( 'NONE', #424 ) ;
#4341 = PRODUCT ( 'VLMU5200-serie-140', 'VLMU5200-serie-140', '', ( #4474 ) ) ;
#4342 = CARTESIAN_POINT ( 'NONE',  ( -1.445602896647340300E-014, 0.6049999999999999800, 1.400000000000001000 ) ) ;
#4343 = CARTESIAN_POINT ( 'NONE',  ( -1.399999999999999700, -0.02500000000000000100, 1.800000000000000700 ) ) ;
#4344 = EDGE_CURVE ( 'NONE', #3294, #4396, #1569, .T. ) ;
#4345 = DIRECTION ( 'NONE',  ( 1.000000000000000000, 0.0000000000000000000, 1.046490792572978600E-014 ) ) ;
#4346 = VECTOR ( 'NONE', #2328, 1000.000000000000000 ) ;
#4347 = CARTESIAN_POINT ( 'NONE',  ( 1.174552353525966800E-015, 0.6000000000000000900, -0.3500000000000010900 ) ) ;
#4348 = VECTOR ( 'NONE', #899, 1000.000000000000000 ) ;
#4349 = FACE_OUTER_BOUND ( 'NONE', #4931, .T. ) ;
#4350 = DIRECTION ( 'NONE',  ( 1.156482317317871800E-014, 0.0000000000000000000, -1.000000000000000000 ) ) ;
#4351 = CARTESIAN_POINT ( 'NONE',  ( 0.0000000000000000000, 0.5250000000000000200, 0.0000000000000000000 ) ) ;
#4352 = PLANE ( 'NONE',  #2312 ) ;
#4353 = ADVANCED_FACE ( 'NONE', ( #4275 ), #2183, .T. ) ;
#4354 = ORIENTED_EDGE ( 'NONE', *, *, #5535, .T. ) ;
#4355 = EDGE_CURVE ( 'NONE', #4058, #5423, #4610, .T. ) ;
#4356 = DIRECTION ( 'NONE',  ( -1.000000000000000000, 0.0000000000000000000, -3.614007241618359400E-015 ) ) ;
#4357 = DIRECTION ( 'NONE',  ( -1.000000000000000000, 0.0000000000000000000, 1.734723475976807100E-016 ) ) ;
#4358 = DIRECTION ( 'NONE',  ( 1.000000000000000000, -0.0000000000000000000, 7.744301232039306800E-016 ) ) ;
#4359 = ORIENTED_EDGE ( 'NONE', *, *, #2073, .F. ) ;
#4360 = LOCAL_TIME ( 1, 35, 54.00000000000000000, #4431 ) ;
#4361 = DIRECTION ( 'NONE',  ( 1.000000000000000000, 0.0000000000000000000, -1.032573497605242100E-016 ) ) ;
#4362 = CARTESIAN_POINT ( 'NONE',  ( -0.3000000000000062100, 0.6000000000000000900, -1.449999999999993300 ) ) ;
#4363 = CARTESIAN_POINT ( 'NONE',  ( 0.4001984673985626300, 0.6046978970260263900, -0.4999421136754203000 ) ) ;
#4365 = EDGE_LOOP ( 'NONE', ( #5534, #4972, #2798, #3254 ) ) ;
#4364 = ORIENTED_EDGE ( 'NONE', *, *, #254, .F. ) ;
#4366 = CARTESIAN_POINT ( 'NONE',  ( -1.399999999999996800, 0.0000000000000000000, 1.734723475976803000E-015 ) ) ;
#4367 = ORIENTED_EDGE ( 'NONE', *, *, #1998, .F. ) ;
#4368 = CARTESIAN_POINT ( 'NONE',  ( 1.100000000000001400, 0.6049999999999999800, 7.723649762087223400E-015 ) ) ;
#4369 = DIRECTION ( 'NONE',  ( 0.0000000000000000000, 0.0000000000000000000, 1.000000000000000000 ) ) ;
#4370 = ORIENTED_EDGE ( 'NONE', *, *, #376, .F. ) ;
#4371 = CARTESIAN_POINT ( 'NONE',  ( -1.399999999999999200, -0.02500000000000000100, -2.100000000000000100 ) ) ;
#4372 = VECTOR ( 'NONE', #5072, 1000.000000000000000 ) ;
#4373 = EDGE_CURVE ( 'NONE', #5262, #1250, #521, .T. ) ;
#4374 = FACE_OUTER_BOUND ( 'NONE', #212, .T. ) ;
#4375 = LINE ( 'NONE', #5249, #3230 ) ;
#4376 = CARTESIAN_POINT ( 'NONE',  ( -0.2500000000000001100, 0.5249999999999999100, -0.7000000000000007300 ) ) ;
#4377 = AXIS2_PLACEMENT_3D ( 'NONE', #1463, #1858, #539 ) ;
#4378 = DIRECTION ( 'NONE',  ( -0.0000000000000000000, -1.000000000000000000, -0.0000000000000000000 ) ) ;
#4379 = FACE_BOUND ( 'NONE', #3849, .T. ) ;
#4380 = VECTOR ( 'NONE', #4345, 1000.000000000000000 ) ;
#4381 = CARTESIAN_POINT ( 'NONE',  ( 1.400000000000000100, 0.0000000000000000000, 0.0000000000000000000 ) ) ;
#4382 = DIRECTION ( 'NONE',  ( -0.0000000000000000000, -1.000000000000000000, -0.0000000000000000000 ) ) ;
#4383 = CARTESIAN_POINT ( 'NONE',  ( -1.445602896647340300E-014, 0.6049999999999999800, 1.400000000000001000 ) ) ;
#4384 = EDGE_CURVE ( 'NONE', #1067, #4441, #4002, .T. ) ;
#4385 = LINE ( 'NONE', #744, #771 ) ;
#4386 = ORIENTED_EDGE ( 'NONE', *, *, #5180, .T. ) ;
#4387 = VECTOR ( 'NONE', #3621, 1000.000000000000000 ) ;
#4388 = CARTESIAN_POINT ( 'NONE',  ( -0.3000000000000112600, 0.6000000000000000900, 0.3000000000000030400 ) ) ;
#4389 = EDGE_CURVE ( 'NONE', #1829, #4409, #5277, .T. ) ;
#4390 = ORIENTED_EDGE ( 'NONE', *, *, #4283, .F. ) ;
#4391 = VECTOR ( 'NONE', #1819, 1000.000000000000000 ) ;
#4392 = ORIENTED_EDGE ( 'NONE', *, *, #2546, .F. ) ;
#4393 = ORIENTED_EDGE ( 'NONE', *, *, #840, .T. ) ;
#4394 = EDGE_CURVE ( 'NONE', #3781, #3921, #4739, .T. ) ;
#4395 = PLANE ( 'NONE',  #4977 ) ;
#4396 = VERTEX_POINT ( 'NONE', #3887 ) ;
#4397 = CARTESIAN_POINT ( 'NONE',  ( -0.1500000000000002700, 0.5249999999999999100, -0.6500000000000006900 ) ) ;
#4398 = ORIENTED_EDGE ( 'NONE', *, *, #3807, .F. ) ;
#4399 = ORIENTED_EDGE ( 'NONE', *, *, #5349, .T. ) ;
#4400 = CARTESIAN_POINT ( 'NONE',  ( 0.2850748798756306800, 1.151574061577449700, -1.256063506630391300 ) ) ;
#4401 = ORIENTED_EDGE ( 'NONE', *, *, #2187, .F. ) ;
#4402 = CARTESIAN_POINT ( 'NONE',  ( -1.399999999999999700, -0.02500000000000000100, 1.800000000000000700 ) ) ;
#4403 = DIRECTION ( 'NONE',  ( 0.0000000000000000000, 0.0000000000000000000, 1.000000000000000000 ) ) ;
#4404 = DIRECTION ( 'NONE',  ( 1.000000000000000000, -0.0000000000000000000, 3.642919299551294900E-015 ) ) ;
#4405 = ORIENTED_EDGE ( 'NONE', *, *, #340, .T. ) ;
#4407 = CARTESIAN_POINT ( 'NONE',  ( 0.3499999999999916000, 0.6049999999999999800, 1.400000000000002800 ) ) ;
#4406 = CARTESIAN_POINT ( 'NONE',  ( 0.0000000000000000000, 0.0000000000000000000, -2.449999999999999700 ) ) ;
#4408 = AXIS2_PLACEMENT_3D ( 'NONE', #1352, #5257, #3925 ) ;
#4409 = VERTEX_POINT ( 'NONE', #792 ) ;
#4410 = DIRECTION ( 'NONE',  ( -3.642919299551294900E-015, 0.0000000000000000000, 1.000000000000000000 ) ) ;
#4411 = CARTESIAN_POINT ( 'NONE',  ( 1.400000000000000100, -0.02500000000000000100, -2.100000000000000100 ) ) ;
#4412 = AXIS2_PLACEMENT_3D ( 'NONE', #3714, #1977, #4561 ) ;
#4413 = LINE ( 'NONE', #135, #3665 ) ;
#4414 = ORIENTED_EDGE ( 'NONE', *, *, #1158, .T. ) ;
#4415 = LINE ( 'NONE', #5082, #3267 ) ;
#4416 =( LENGTH_UNIT ( ) NAMED_UNIT ( * ) SI_UNIT ( .MILLI., .METRE. ) );
#4417 = CARTESIAN_POINT ( 'NONE',  ( -0.2500000000000000000, 0.5000000000000000000, 1.500000000000003800 ) ) ;
#4418 = DIRECTION ( 'NONE',  ( 3.433306879537430400E-015, 0.0000000000000000000, -1.000000000000000000 ) ) ;
#4419 = FACE_OUTER_BOUND ( 'NONE', #3947, .T. ) ;
#4420 = CARTESIAN_POINT ( 'NONE',  ( 0.2440260068510791400, 0.9823273393652588400, -1.214924251998230800 ) ) ;
#4421 = DIRECTION ( 'NONE',  ( 0.0000000000000000000, 0.0000000000000000000, 1.000000000000000000 ) ) ;
#4422 = EDGE_CURVE ( 'NONE', #1211, #4188, #4136, .T. ) ;
#4423 = ORIENTED_EDGE ( 'NONE', *, *, #4781, .F. ) ;
#4424 = PLANE ( 'NONE',  #2160 ) ;
#4425 = PLANE ( 'NONE',  #4443 ) ;
#4426 = EDGE_CURVE ( 'NONE', #3805, #2911, #1433, .T. ) ;
#4427 = ORIENTED_EDGE ( 'NONE', *, *, #133, .F. ) ;
#4428 = EDGE_CURVE ( 'NONE', #3213, #1554, #127, .T. ) ;
#4429 = ORIENTED_EDGE ( 'NONE', *, *, #4779, .T. ) ;
#4430 = CARTESIAN_POINT ( 'NONE',  ( -0.1433075571673792800, 0.9319468683535534500, -0.6480480375071529000 ) ) ;
#4431 = COORDINATED_UNIVERSAL_TIME_OFFSET ( 1, 0, .AHEAD. ) ;
#4432 = CARTESIAN_POINT ( 'NONE',  ( 0.3499999999999988100, 0.6000000000000000900, 0.3500000000000026400 ) ) ;
#4433 = CARTESIAN_POINT ( 'NONE',  ( -0.1935534813419279000, 1.027660447005099400, -1.051880234608604900 ) ) ;
#4434 = ORIENTED_EDGE ( 'NONE', *, *, #3629, .T. ) ;
#4435 = DIRECTION ( 'NONE',  ( 0.0000000000000000000, 0.0000000000000000000, 1.000000000000000000 ) ) ;
#4436 = AXIS2_PLACEMENT_3D ( 'NONE', #754, #1649, #3323 ) ;
#4437 = PLANE ( 'NONE',  #5546 ) ;
#4438 = VECTOR ( 'NONE', #2959, 1000.000000000000000 ) ;
#4439 = CARTESIAN_POINT ( 'NONE',  ( -0.7400569921222808200, 0.6049999999999999800, -1.400000000000000400 ) ) ;
#4440 = VECTOR ( 'NONE', #4357, 1000.000000000000000 ) ;
#4441 = VERTEX_POINT ( 'NONE', #2649 ) ;
#4442 = ORIENTED_EDGE ( 'NONE', *, *, #3847, .T. ) ;
#4443 = AXIS2_PLACEMENT_3D ( 'NONE', #1833, #84, #5346 ) ;
#4444 = VECTOR ( 'NONE', #1920, 1000.000000000000000 ) ;
#4445 = DIRECTION ( 'NONE',  ( 1.032573497605242300E-014, 0.0000000000000000000, -1.000000000000000000 ) ) ;
#4446 = DIRECTION ( 'NONE',  ( -1.000000000000000000, 0.0000000000000000000, -3.758567531283069900E-015 ) ) ;
#4447 = VECTOR ( 'NONE', #2917, 1000.000000000000000 ) ;
#4448 = VECTOR ( 'NONE', #4721, 1000.000000000000000 ) ;
#4449 = LINE ( 'NONE', #1570, #1249 ) ;
#4450 = LINE ( 'NONE', #46, #4171 ) ;
#4451 = CARTESIAN_POINT ( 'NONE',  ( 0.3864233366454614700, 0.6049999999999998700, -0.4789598601450765800 ) ) ;
#4452 = VECTOR ( 'NONE', #1371, 1000.000000000000000 ) ;
#4453 = CARTESIAN_POINT ( 'NONE',  ( -1.450000000000008600, 0.6000000000000000900, 1.449999999999980600 ) ) ;
#4454 = CARTESIAN_POINT ( 'NONE',  ( 0.2999999999999961600, 0.6000000000000000900, 1.449999999999995500 ) ) ;
#4455 = CARTESIAN_POINT ( 'NONE',  ( -2.466559942404523800E-015, 0.6049999999999999800, 0.3500000000000001400 ) ) ;
#4456 = FACE_OUTER_BOUND ( 'NONE', #3493, .T. ) ;
#4457 = ORIENTED_EDGE ( 'NONE', *, *, #3936, .F. ) ;
#4458 = LINE ( 'NONE', #2083, #5050 ) ;
#4459 = CARTESIAN_POINT ( 'NONE',  ( 0.0000000000000000000, 0.6049999999999999800, 0.0000000000000000000 ) ) ;
#4460 = CARTESIAN_POINT ( 'NONE',  ( 1.500000000000040900, 0.5250000000000000200, 0.2500000000000028300 ) ) ;
#4461 = EDGE_LOOP ( 'NONE', ( #3878, #3315, #2710, #5544 ) ) ;
#4462 = VECTOR ( 'NONE', #392, 1000.000000000000000 ) ;
#4463 = ORIENTED_EDGE ( 'NONE', *, *, #4781, .T. ) ;
#4464 = EDGE_LOOP ( 'NONE', ( #2868, #114, #1307, #2364 ) ) ;
#4465 = ORIENTED_EDGE ( 'NONE', *, *, #2686, .F. ) ;
#4466 = PLANE ( 'NONE',  #4832 ) ;
#4467 = CARTESIAN_POINT ( 'NONE',  ( 0.2649513006952652300, 1.066841518943849600, -0.5143892039638818800 ) ) ;
#4468 = EDGE_CURVE ( 'NONE', #3787, #5024, #3598, .T. ) ;
#4469 = EDGE_CURVE ( 'NONE', #375, #5360, #5148, .T. ) ;
#4470 = CARTESIAN_POINT ( 'NONE',  ( 0.3828083809768782500, 0.6050000000001583000, -1.230694117456629300 ) ) ;
#4471 = ORIENTED_EDGE ( 'NONE', *, *, #4821, .F. ) ;
#4472 = ORIENTED_EDGE ( 'NONE', *, *, #164, .F. ) ;
#4473 = EDGE_LOOP ( 'NONE', ( #3879, #4769, #824, #1744 ) ) ;
#4474 = MECHANICAL_CONTEXT ( 'NONE', #522, 'mechanical' ) ;
#4475 = VERTEX_POINT ( 'NONE', #1763 ) ;
#4476 = CARTESIAN_POINT ( 'NONE',  ( -1.399999999999999700, 0.0000000000000000000, -0.0000000000000000000 ) ) ;
#4477 = CARTESIAN_POINT ( 'NONE',  ( -0.2435534813419279700, 1.080217994230337400, -1.101880234608605000 ) ) ;
#4478 = CARTESIAN_POINT ( 'NONE',  ( -1.400000000000011000, 0.6000000000000000900, 1.040056992122266000 ) ) ;
#4479 = LINE ( 'NONE', #3660, #1297 ) ;
#4480 = CARTESIAN_POINT ( 'NONE',  ( 0.3824756149055409900, 0.6050000000000002000, -1.268335535373041900 ) ) ;
#4481 = ORIENTED_EDGE ( 'NONE', *, *, #1177, .F. ) ;
#4482 = AXIS2_PLACEMENT_3D ( 'NONE', #2736, #1793, #1391 ) ;
#4483 = FACE_BOUND ( 'NONE', #4292, .T. ) ;
#4484 = CARTESIAN_POINT ( 'NONE',  ( 2.400000000000000400, -0.02500000000000000100, 0.3000000000000012700 ) ) ;
#4485 = VECTOR ( 'NONE', #5020, 1000.000000000000000 ) ;
#4486 = CARTESIAN_POINT ( 'NONE',  ( -0.1433075571673792800, 0.9535882113286511300, -0.6980480375071530500 ) ) ;
#4487 = DIRECTION ( 'NONE',  ( 1.000000000000000000, 0.0000000000000000000, 0.0000000000000000000 ) ) ;
#4488 = CARTESIAN_POINT ( 'NONE',  ( -1.011922027653137400E-014, 0.6049999999999999800, 1.400000000000000100 ) ) ;
#4489 = APPROVAL_STATUS ( 'not_yet_approved' ) ;
#4490 = ORIENTED_EDGE ( 'NONE', *, *, #3986, .T. ) ;
#4491 = EDGE_LOOP ( 'NONE', ( #813, #3327, #2368, #4670 ) ) ;
#4492 = DIRECTION ( 'NONE',  ( -0.0000000000000000000, -1.000000000000000000, -0.0000000000000000000 ) ) ;
#4493 = EDGE_CURVE ( 'NONE', #80, #2898, #953, .T. ) ;
#4494 = ADVANCED_FACE ( 'NONE', ( #1974 ), #957, .T. ) ;
#4496 = DIRECTION ( 'NONE',  ( 1.011922027653137700E-014, 0.0000000000000000000, -1.000000000000000000 ) ) ;
#4495 = CARTESIAN_POINT ( 'NONE',  ( -2.399999999999999900, -0.02500000000000000100, -2.449999999999999700 ) ) ;
#4497 = ORIENTED_EDGE ( 'NONE', *, *, #5070, .T. ) ;
#4498 = EDGE_CURVE ( 'NONE', #1410, #4734, #2991, .T. ) ;
#4499 = CALENDAR_DATE ( 2019, 28, 10 ) ;
#4500 = EDGE_CURVE ( 'NONE', #126, #444, #4877, .T. ) ;
#4501 = DIRECTION ( 'NONE',  ( 0.0000000000000000000, 0.0000000000000000000, 1.000000000000000000 ) ) ;
#4503 = ORIENTED_EDGE ( 'NONE', *, *, #4607, .T. ) ;
#4502 = ORIENTED_EDGE ( 'NONE', *, *, #481, .T. ) ;
#4504 = DIRECTION ( 'NONE',  ( 0.0000000000000000000, 1.000000000000000000, 0.0000000000000000000 ) ) ;
#4505 = LINE ( 'NONE', #5248, #3884 ) ;
#4506 = ORIENTED_EDGE ( 'NONE', *, *, #3261, .F. ) ;
#4507 = ORIENTED_EDGE ( 'NONE', *, *, #3670, .T. ) ;
#4508 = CARTESIAN_POINT ( 'NONE',  ( 0.3500000000000047500, 0.6049999999999999800, -1.399999999999999700 ) ) ;
#4509 = CARTESIAN_POINT ( 'NONE',  ( 2.600000000000000100, 0.0000000000000000000, -2.600000000000000500 ) ) ;
#4510 = FACE_OUTER_BOUND ( 'NONE', #3784, .T. ) ;
#4511 = AXIS2_PLACEMENT_3D ( 'NONE', #1504, #3675, #1131 ) ;
#4512 = VECTOR ( 'NONE', #2987, 1000.000000000000000 ) ;
#4513 = LINE ( 'NONE', #4990, #1936 ) ;
#4514 = LINE ( 'NONE', #3245, #3373 ) ;
#4515 = VECTOR ( 'NONE', #1473, 1000.000000000000000 ) ;
#4516 = AXIS2_PLACEMENT_3D ( 'NONE', #4603, #5027, #2475 ) ;
#4517 = AXIS2_PLACEMENT_3D ( 'NONE', #5556, #5108, #1217 ) ;
#4518 = DIRECTION ( 'NONE',  ( 1.000000000000000000, 0.0000000000000000000, 1.032573497605242300E-014 ) ) ;
#4519 = LINE ( 'NONE', #838, #222 ) ;
#4520 = ORIENTED_EDGE ( 'NONE', *, *, #5272, .F. ) ;
#4521 = ADVANCED_FACE ( 'NONE', ( #5215, #1645 ), #4818, .T. ) ;
#4522 = FACE_OUTER_BOUND ( 'NONE', #1486, .T. ) ;
#4523 = CARTESIAN_POINT ( 'NONE',  ( 0.4051786084440220900, 0.6049999999999999800, -1.225520331119477300 ) ) ;
#4524 = EDGE_CURVE ( 'NONE', #4288, #147, #1846, .T. ) ;
#4525 = VERTEX_POINT ( 'NONE', #3963 ) ;
#4526 = CARTESIAN_POINT ( 'NONE',  ( 0.7400569921222711600, 0.6049999999999999800, 1.400000000000005900 ) ) ;
#4527 = LINE ( 'NONE', #578, #1620 ) ;
#4528 = VERTEX_POINT ( 'NONE', #4851 ) ;
#4529 = ORIENTED_EDGE ( 'NONE', *, *, #2647, .T. ) ;
#4530 = DIRECTION ( 'NONE',  ( 2.017120320903264400E-016, 0.0000000000000000000, 1.000000000000000000 ) ) ;
#4531 = CARTESIAN_POINT ( 'NONE',  ( -0.2499999999999997200, 0.5250000000000000200, -0.2500000000000000600 ) ) ;
#4532 = ORIENTED_EDGE ( 'NONE', *, *, #708, .T. ) ;
#4533 = CARTESIAN_POINT ( 'NONE',  ( 0.4023037833772341600, 0.6049999999999997600, -0.5250720758939979600 ) ) ;
#4534 = EDGE_LOOP ( 'NONE', ( #2781, #2206, #5088, #4559, #174, #3492, #4965, #485 ) ) ;
#4535 = ORIENTED_EDGE ( 'NONE', *, *, #3478, .F. ) ;
#4536 = CARTESIAN_POINT ( 'NONE',  ( 0.0000000000000000000, -0.02500000000000000100, 2.100000000000000500 ) ) ;
#4537 = ORIENTED_EDGE ( 'NONE', *, *, #2763, .T. ) ;
#4538 = ORIENTED_EDGE ( 'NONE', *, *, #59, .T. ) ;
#4539 = VERTEX_POINT ( 'NONE', #1374 ) ;
#4540 = EDGE_CURVE ( 'NONE', #1199, #444, #4947, .T. ) ;
#4541 = CARTESIAN_POINT ( 'NONE',  ( -0.3500000000000078000, 0.6000000000000000900, 0.7400569921222770500 ) ) ;
#4542 = CARTESIAN_POINT ( 'NONE',  ( 0.2499999999999932800, 0.5000000000000000000, -1.499999999999994900 ) ) ;
#4543 = EDGE_CURVE ( 'NONE', #4856, #4998, #4072, .T. ) ;
#4544 = DIRECTION ( 'NONE',  ( -1.000000000000000000, 0.0000000000000000000, 3.614007241618349300E-016 ) ) ;
#4545 = VERTEX_POINT ( 'NONE', #2707 ) ;
#4546 = VECTOR ( 'NONE', #1142, 1000.000000000000000 ) ;
#4547 = CARTESIAN_POINT ( 'NONE',  ( 0.0000000000000000000, 0.6000000000000000900, 0.0000000000000000000 ) ) ;
#4548 = ORIENTED_EDGE ( 'NONE', *, *, #4168, .F. ) ;
#4549 = FACE_OUTER_BOUND ( 'NONE', #2847, .T. ) ;
#4550 = DIRECTION ( 'NONE',  ( -2.891205793294680200E-015, 0.0000000000000000000, 1.000000000000000000 ) ) ;
#4551 = ADVANCED_FACE ( 'NONE', ( #5548 ), #2629, .F. ) ;
#4552 = LINE ( 'NONE', #2321, #667 ) ;
#4553 = ORIENTED_EDGE ( 'NONE', *, *, #161, .T. ) ;
#4554 = DIRECTION ( 'NONE',  ( 1.000000000000000000, 0.0000000000000000000, 3.632077277826439900E-015 ) ) ;
#4555 = CARTESIAN_POINT ( 'NONE',  ( -1.400000000000008100, 0.6049999999999999800, 0.7400569921222661700 ) ) ;
#4556 = ORIENTED_EDGE ( 'NONE', *, *, #2104, .F. ) ;
#4557 = DIRECTION ( 'NONE',  ( 2.844946500601976900E-014, 0.0000000000000000000, -1.000000000000000000 ) ) ;
#4558 = DIRECTION ( 'NONE',  ( -0.0000000000000000000, -1.000000000000000000, -0.0000000000000000000 ) ) ;
#4559 = ORIENTED_EDGE ( 'NONE', *, *, #1927, .F. ) ;
#4560 = DATE_AND_TIME ( #1860, #3353 ) ;
#4561 = DIRECTION ( 'NONE',  ( 0.0000000000000000000, 0.0000000000000000000, 1.000000000000000000 ) ) ;
#4562 = EDGE_LOOP ( 'NONE', ( #4663, #2350, #1414, #4961 ) ) ;
#4563 = EDGE_CURVE ( 'NONE', #1280, #537, #346, .T. ) ;
#4564 = EDGE_CURVE ( 'NONE', #2140, #4865, #2658, .T. ) ;
#4565 = VECTOR ( 'NONE', #4691, 1000.000000000000000 ) ;
#4566 = DIRECTION ( 'NONE',  ( 0.0000000000000000000, 1.000000000000000000, 0.0000000000000000000 ) ) ;
#4567 = FACE_OUTER_BOUND ( 'NONE', #4621, .T. ) ;
#4568 = VERTEX_POINT ( 'NONE', #3500 ) ;
#4569 = ORIENTED_EDGE ( 'NONE', *, *, #4207, .F. ) ;
#4570 = ADVANCED_FACE ( 'NONE', ( #5279 ), #5292, .T. ) ;
#4571 = LINE ( 'NONE', #1887, #3296 ) ;
#4572 = LINE ( 'NONE', #3760, #4307 ) ;
#4573 = CARTESIAN_POINT ( 'NONE',  ( -1.100000000000001400, 0.6049999999999999800, -1.399999999999999700 ) ) ;
#4574 = LINE ( 'NONE', #3396, #1670 ) ;
#4575 = DIRECTION ( 'NONE',  ( 0.0000000000000000000, 0.0000000000000000000, 1.000000000000000000 ) ) ;
#4576 = DIRECTION ( 'NONE',  ( -0.0000000000000000000, -1.000000000000000000, -0.0000000000000000000 ) ) ;
#4577 = VECTOR ( 'NONE', #5476, 1000.000000000000000 ) ;
#4578 = CARTESIAN_POINT ( 'NONE',  ( -1.500000000000000000, 0.5250000000000000200, 1.500000000000004000 ) ) ;
#4579 = CARTESIAN_POINT ( 'NONE',  ( -0.7400569921222807100, 0.6049999999999999800, 7.641632367829184200E-017 ) ) ;
#4580 = AXIS2_PLACEMENT_3D ( 'NONE', #3372, #3446, #1253 ) ;
#4581 = PLANE ( 'NONE',  #1985 ) ;
#4582 = VECTOR ( 'NONE', #4378, 1000.000000000000000 ) ;
#4583 = ORIENTED_EDGE ( 'NONE', *, *, #2797, .F. ) ;
#4584 = CYLINDRICAL_SURFACE ( 'NONE', #3886, 0.2500000000000002200 ) ;
#4585 = FACE_OUTER_BOUND ( 'NONE', #1762, .T. ) ;
#4586 = ORIENTED_EDGE ( 'NONE', *, *, #4984, .F. ) ;
#4587 = LINE ( 'NONE', #3211, #4785 ) ;
#4588 = CC_DESIGN_SECURITY_CLASSIFICATION ( #184, ( #4006 ) ) ;
#4589 = DIRECTION ( 'NONE',  ( -1.000000000000000000, 0.0000000000000000000, 0.0000000000000000000 ) ) ;
#4590 = ORIENTED_EDGE ( 'NONE', *, *, #4930, .T. ) ;
#4591 = FACE_OUTER_BOUND ( 'NONE', #2324, .T. ) ;
#4592 = VERTEX_POINT ( 'NONE', #1418 ) ;
#4593 = ORIENTED_EDGE ( 'NONE', *, *, #1855, .T. ) ;
#4594 = CARTESIAN_POINT ( 'NONE',  ( 3.252606517456495400E-017, -0.02500000000000000100, -0.2999999999999983800 ) ) ;
#4595 = AXIS2_PLACEMENT_3D ( 'NONE', #4183, #1165, #3304 ) ;
#4596 = DIRECTION ( 'NONE',  ( 0.0000000000000000000, 1.000000000000000000, -0.0000000000000000000 ) ) ;
#4597 = PLANE ( 'NONE',  #3573 ) ;
#4598 = DIRECTION ( 'NONE',  ( -0.0000000000000000000, -1.000000000000000000, -0.0000000000000000000 ) ) ;
#4599 = ORIENTED_EDGE ( 'NONE', *, *, #5499, .F. ) ;
#4600 = ORIENTED_EDGE ( 'NONE', *, *, #451, .T. ) ;
#4601 = DIRECTION ( 'NONE',  ( 0.5269886049256310400, 0.07789608327828005700, 0.8462949902300264100 ) ) ;
#4602 = ADVANCED_FACE ( 'NONE', ( #1232 ), #4466, .F. ) ;
#4603 = CARTESIAN_POINT ( 'NONE',  ( -2.466559942404523800E-015, 0.6049999999999999800, 0.3500000000000001400 ) ) ;
#4604 = EDGE_CURVE ( 'NONE', #1614, #2575, #4552, .T. ) ;
#4605 = VERTEX_POINT ( 'NONE', #5313 ) ;
#4606 = FACE_OUTER_BOUND ( 'NONE', #68, .T. ) ;
#4607 = EDGE_CURVE ( 'NONE', #2242, #3355, #1027, .T. ) ;
#4608 = ORIENTED_EDGE ( 'NONE', *, *, #708, .F. ) ;
#4609 = PLANE ( 'NONE',  #5619 ) ;
#4610 = LINE ( 'NONE', #4740, #3133 ) ;
#4611 = DIRECTION ( 'NONE',  ( 1.000000000000000000, -0.0000000000000000000, 3.304235192336774700E-015 ) ) ;
#4612 = LINE ( 'NONE', #1845, #1021 ) ;
#4613 = VECTOR ( 'NONE', #1771, 1000.000000000000000 ) ;
#4614 = CARTESIAN_POINT ( 'NONE',  ( 0.3500000000000047500, 0.6049999999999999800, -1.399999999999999700 ) ) ;
#4615 = AXIS2_PLACEMENT_3D ( 'NONE', #525, #5357, #983 ) ;
#4616 = CARTESIAN_POINT ( 'NONE',  ( -0.1500000000000001100, 0.5249999999999999100, -1.100000000000000500 ) ) ;
#4617 = PLANE ( 'NONE',  #4833 ) ;
#4618 = CARTESIAN_POINT ( 'NONE',  ( 0.3499999999999916000, 0.6049999999999999800, 1.400000000000002800 ) ) ;
#4619 = DIRECTION ( 'NONE',  ( -0.0000000000000000000, -1.000000000000000000, -0.0000000000000000000 ) ) ;
#4620 = DIRECTION ( 'NONE',  ( 0.0000000000000000000, 1.000000000000000000, -0.0000000000000000000 ) ) ;
#4621 = EDGE_LOOP ( 'NONE', ( #4262, #1760, #2158, #305 ) ) ;
#4622 = AXIS2_PLACEMENT_3D ( 'NONE', #1859, #1442, #2327 ) ;
#4623 = ORIENTED_EDGE ( 'NONE', *, *, #3308, .T. ) ;
#4624 = DIRECTION ( 'NONE',  ( -1.000000000000000000, 0.0000000000000000000, 0.0000000000000000000 ) ) ;
#4625 = VERTEX_POINT ( 'NONE', #1852 ) ;
#4626 = ORIENTED_EDGE ( 'NONE', *, *, #2116, .T. ) ;
#4627 = EDGE_CURVE ( 'NONE', #4863, #3222, #2929, .T. ) ;
#4628 = ADVANCED_FACE ( 'NONE', ( #3272 ), #162, .F. ) ;
#4629 = LOCAL_TIME ( 1, 35, 54.00000000000000000, #749 ) ;
#4630 = ORIENTED_EDGE ( 'NONE', *, *, #1456, .F. ) ;
#4631 = CARTESIAN_POINT ( 'NONE',  ( -2.375086969435844500, 0.5020834846074473400, 0.0000000000000000000 ) ) ;
#4632 = CARTESIAN_POINT ( 'NONE',  ( -1.449999999999996400, 0.6000000000000000900, 0.2999999999999910500 ) ) ;
#4633 = DIRECTION ( 'NONE',  ( 1.000000000000000000, -0.0000000000000000000, 3.304235192336776300E-015 ) ) ;
#4634 = DIRECTION ( 'NONE',  ( -0.0000000000000000000, -1.000000000000000000, -0.0000000000000000000 ) ) ;
#4635 = VECTOR ( 'NONE', #2072, 1000.000000000000000 ) ;
#4636 = CARTESIAN_POINT ( 'NONE',  ( 1.046490792573000200E-015, 0.5250000000000000200, -0.3000000000000062100 ) ) ;
#4637 = ORIENTED_EDGE ( 'NONE', *, *, #5570, .F. ) ;
#4638 = ORIENTED_EDGE ( 'NONE', *, *, #92, .F. ) ;
#4639 = CARTESIAN_POINT ( 'NONE',  ( -1.400000000000003900, 0.6049999999999999800, 0.3499999999999865400 ) ) ;
#4640 = DIRECTION ( 'NONE',  ( 1.000000000000000000, 0.0000000000000000000, -6.938893903907232300E-015 ) ) ;
#4641 = LINE ( 'NONE', #2386, #2074 ) ;
#4642 = DIRECTION ( 'NONE',  ( 1.000000000000000000, -0.0000000000000000000, 0.0000000000000000000 ) ) ;
#4643 = EDGE_CURVE ( 'NONE', #4227, #4022, #3800, .T. ) ;
#4644 = CIRCLE ( 'NONE', #2997, 0.2500000000000002200 ) ;
#4645 = FACE_OUTER_BOUND ( 'NONE', #2284, .T. ) ;
#4646 = FACE_BOUND ( 'NONE', #4336, .T. ) ;
#4647 = VECTOR ( 'NONE', #2041, 1000.000000000000000 ) ;
#4648 = DIRECTION ( 'NONE',  ( -0.0000000000000000000, -1.000000000000000000, -0.0000000000000000000 ) ) ;
#4649 = DIRECTION ( 'NONE',  ( 1.000000000000000000, 0.0000000000000000000, -7.885106708985491000E-016 ) ) ;
#4650 = VECTOR ( 'NONE', #5149, 1000.000000000000000 ) ;
#4651 = ORIENTED_EDGE ( 'NONE', *, *, #4165, .F. ) ;
#4652 = VECTOR ( 'NONE', #3196, 1000.000000000000000 ) ;
#4653 = DIRECTION ( 'NONE',  ( 0.0000000000000000000, 1.000000000000000000, -0.0000000000000000000 ) ) ;
#4654 = AXIS2_PLACEMENT_3D ( 'NONE', #922, #3098, #5269 ) ;
#4655 = CARTESIAN_POINT ( 'NONE',  ( 0.3756234133608693500, 0.6049999999999997600, -1.258506322634051600 ) ) ;
#4656 = VERTEX_POINT ( 'NONE', #3185 ) ;
#4657 = ADVANCED_FACE ( 'NONE', ( #2996 ), #2799, .F. ) ;
#4658 = ADVANCED_FACE ( 'NONE', ( #4419 ), #3591, .T. ) ;
#4659 = CARTESIAN_POINT ( 'NONE',  ( 0.3858627411989544700, 0.6049999999999997600, -0.4793166517975787600 ) ) ;
#4660 = VECTOR ( 'NONE', #11, 1000.000000000000000 ) ;
#4661 = ORIENTED_EDGE ( 'NONE', *, *, #4930, .F. ) ;
#4662 = EDGE_LOOP ( 'NONE', ( #1348, #2091, #4857, #4933 ) ) ;
#4663 = ORIENTED_EDGE ( 'NONE', *, *, #3731, .F. ) ;
#4664 = EDGE_LOOP ( 'NONE', ( #2737, #3238, #5327, #2245 ) ) ;
#4665 = CC_DESIGN_DATE_AND_TIME_ASSIGNMENT ( #4560, #5339, ( #1100 ) ) ;
#4666 = ORIENTED_EDGE ( 'NONE', *, *, #3191, .F. ) ;
#4667 = ORIENTED_EDGE ( 'NONE', *, *, #3488, .F. ) ;
#4668 = ADVANCED_FACE ( 'NONE', ( #3413 ), #534, .F. ) ;
#4669 = CARTESIAN_POINT ( 'NONE',  ( 0.2500000000000060500, 0.5250000000000000200, 0.6249999999999698000 ) ) ;
#4670 = ORIENTED_EDGE ( 'NONE', *, *, #1669, .T. ) ;
#4671 = EDGE_CURVE ( 'NONE', #1929, #2274, #3069, .T. ) ;
#4672 = CARTESIAN_POINT ( 'NONE',  ( 0.3000000000000008200, 0.0000000000000000000, 2.450000000000001500 ) ) ;
#4673 = CARTESIAN_POINT ( 'NONE',  ( 0.0000000000000000000, 0.4500000000000000100, 0.0000000000000000000 ) ) ;
#4674 = ORIENTED_EDGE ( 'NONE', *, *, #2546, .T. ) ;
#4675 = EDGE_CURVE ( 'NONE', #1250, #2731, #4224, .T. ) ;
#4676 = CARTESIAN_POINT ( 'NONE',  ( 0.3861414285213322600, 0.6049999999999996500, -0.4791356184859871200 ) ) ;
#4677 = EDGE_CURVE ( 'NONE', #2520, #1341, #327, .T. ) ;
#4678 = LINE ( 'NONE', #4476, #4346 ) ;
#4679 = VERTEX_POINT ( 'NONE', #4978 ) ;
#4680 = LINE ( 'NONE', #871, #5617 ) ;
#4681 = DIRECTION ( 'NONE',  ( 0.0000000000000000000, 0.0000000000000000000, -1.000000000000000000 ) ) ;
#4682 = CARTESIAN_POINT ( 'NONE',  ( 1.400000000000000100, -0.02500000000000000100, -1.799999999999999400 ) ) ;
#4683 = VECTOR ( 'NONE', #3987, 1000.000000000000000 ) ;
#4684 = ADVANCED_FACE ( 'NONE', ( #4139 ), #5481, .F. ) ;
#4685 = AXIS2_PLACEMENT_3D ( 'NONE', #3351, #4624, #5518 ) ;
#4686 = CARTESIAN_POINT ( 'NONE',  ( -1.124999999999994200, 0.5250000000000000200, 0.2500000000000053300 ) ) ;
#4687 = CARTESIAN_POINT ( 'NONE',  ( 0.3942064023550359000, 0.6049999999999999800, -0.4756727113278703700 ) ) ;
#4688 = ADVANCED_FACE ( 'NONE', ( #4349 ), #5408, .F. ) ;
#4689 = VERTEX_POINT ( 'NONE', #4541 ) ;
#4690 = CARTESIAN_POINT ( 'NONE',  ( 0.3749528843052021300, 0.6049999999999999800, -0.4938878015439479000 ) ) ;
#4691 = DIRECTION ( 'NONE',  ( -0.0000000000000000000, -1.000000000000000000, -0.0000000000000000000 ) ) ;
#4692 = CARTESIAN_POINT ( 'NONE',  ( -1.899999999999999200, -0.02500000000000000100, -2.449999999999999700 ) ) ;
#4693 = CARTESIAN_POINT ( 'NONE',  ( 0.2500000000000060500, 0.5000000000000000000, 1.124999999999969800 ) ) ;
#4694 = ORIENTED_EDGE ( 'NONE', *, *, #4469, .T. ) ;
#4695 = ORIENTED_EDGE ( 'NONE', *, *, #2726, .F. ) ;
#4696 = EDGE_CURVE ( 'NONE', #4755, #2720, #4279, .T. ) ;
#4697 = VECTOR ( 'NONE', #666, 1000.000000000000000 ) ;
#4698 = CARTESIAN_POINT ( 'NONE',  ( -1.399999999999998600, 0.6000000000000000900, -1.619075244245018800E-014 ) ) ;
#4699 = FACE_BOUND ( 'NONE', #245, .T. ) ;
#4700 = ORIENTED_EDGE ( 'NONE', *, *, #1451, .F. ) ;
#4701 = DIRECTION ( 'NONE',  ( -1.239088197126290700E-015, 0.0000000000000000000, -1.000000000000000000 ) ) ;
#4702 = ORIENTED_EDGE ( 'NONE', *, *, #1825, .F. ) ;
#4703 = CARTESIAN_POINT ( 'NONE',  ( -1.500000000000000000, 0.5250000000000000200, 1.500000000000004000 ) ) ;
#4704 = EDGE_CURVE ( 'NONE', #1401, #2473, #1365, .T. ) ;
#4705 = VECTOR ( 'NONE', #4752, 1000.000000000000000 ) ;
#4706 = VECTOR ( 'NONE', #3783, 1000.000000000000000 ) ;
#4707 = VECTOR ( 'NONE', #2745, 1000.000000000000000 ) ;
#4708 = CARTESIAN_POINT ( 'NONE',  ( 0.2500000000000058800, 0.5250000000000000200, 1.500000000000005800 ) ) ;
#4709 = EDGE_CURVE ( 'NONE', #1568, #655, #3206, .T. ) ;
#4710 = LINE ( 'NONE', #1004, #3305 ) ;
#4711 = EDGE_LOOP ( 'NONE', ( #4481, #5253, #4985, #4490 ) ) ;
#4712 = LINE ( 'NONE', #4846, #495 ) ;
#4713 = ADVANCED_FACE ( 'NONE', ( #526, #3137, #66, #1978, #4212 ), #630, .F. ) ;
#4714 = DIRECTION ( 'NONE',  ( 0.0000000000000000000, 1.000000000000000000, 0.0000000000000000000 ) ) ;
#4715 = CARTESIAN_POINT ( 'NONE',  ( 1.500000000000006400, 0.5250000000000000200, -0.2500000000000052200 ) ) ;
#4716 = ORIENTED_EDGE ( 'NONE', *, *, #2038, .T. ) ;
#4717 = LINE ( 'NONE', #5021, #994 ) ;
#4718 = ORIENTED_EDGE ( 'NONE', *, *, #3936, .T. ) ;
#4719 = VECTOR ( 'NONE', #5526, 1000.000000000000000 ) ;
#4720 = DIRECTION ( 'NONE',  ( -1.000000000000000000, 0.0000000000000000000, -1.011922027653137900E-014 ) ) ;
#4721 = DIRECTION ( 'NONE',  ( 1.000000000000000000, 0.0000000000000000000, -1.084202172485505800E-016 ) ) ;
#4722 = CARTESIAN_POINT ( 'NONE',  ( -0.2499999999999954500, 0.5250000000000000200, 0.2500000000000084400 ) ) ;
#4723 = ORIENTED_EDGE ( 'NONE', *, *, #3093, .F. ) ;
#4724 = DIRECTION ( 'NONE',  ( 0.0000000000000000000, 0.0000000000000000000, -1.000000000000000000 ) ) ;
#4725 = LINE ( 'NONE', #5190, #5055 ) ;
#4726 = ORIENTED_EDGE ( 'NONE', *, *, #1048, .F. ) ;
#4727 = ORIENTED_EDGE ( 'NONE', *, *, #1817, .F. ) ;
#4728 = CARTESIAN_POINT ( 'NONE',  ( -1.449999999999996400, 0.6000000000000000900, 0.2999999999999910500 ) ) ;
#4729 = CARTESIAN_POINT ( 'NONE',  ( 0.0000000000000000000, -0.02500000000000000100, 2.100000000000000500 ) ) ;
#4730 = VERTEX_POINT ( 'NONE', #3723 ) ;
#4731 = CARTESIAN_POINT ( 'NONE',  ( 1.400000000000000100, -0.02500000000000000100, -1.799999999999999400 ) ) ;
#4732 = VERTEX_POINT ( 'NONE', #4526 ) ;
#4733 = EDGE_CURVE ( 'NONE', #4897, #3505, #2260, .T. ) ;
#4734 = VERTEX_POINT ( 'NONE', #3684 ) ;
#4735 = DIRECTION ( 'NONE',  ( 1.000000000000000000, 0.0000000000000000000, -0.0000000000000000000 ) ) ;
#4736 = CARTESIAN_POINT ( 'NONE',  ( -0.3000000000000062100, 0.6000000000000000900, -1.449999999999993300 ) ) ;
#4737 = VECTOR ( 'NONE', #3911, 1000.000000000000000 ) ;
#4738 = VERTEX_POINT ( 'NONE', #4948 ) ;
#4739 = CIRCLE ( 'NONE', #1063, 0.02499999999999995600 ) ;
#4740 = CARTESIAN_POINT ( 'NONE',  ( -0.2499999999999954500, 0.5000000000000000000, 0.2500000000000084400 ) ) ;
#4741 = CARTESIAN_POINT ( 'NONE',  ( -2.276824562219564800E-015, 0.6000000000000000900, 0.3500000000000007000 ) ) ;
#4742 = CARTESIAN_POINT ( 'NONE',  ( 0.0000000000000000000, -0.02500000000000000100, 1.800000000000000700 ) ) ;
#4743 = ADVANCED_FACE ( 'NONE', ( #4003 ), #2381, .T. ) ;
#4744 = FACE_OUTER_BOUND ( 'NONE', #4888, .T. ) ;
#4745 = LINE ( 'NONE', #468, #3338 ) ;
#4746 = EDGE_CURVE ( 'NONE', #1815, #3352, #3537, .T. ) ;
#4747 = CARTESIAN_POINT ( 'NONE',  ( -1.011922027653137400E-014, 0.6000000000000000900, 1.399999999999999500 ) ) ;
#4748 = EDGE_CURVE ( 'NONE', #3991, #2640, #1777, .T. ) ;
#4749 = CARTESIAN_POINT ( 'NONE',  ( 0.6249999999999845700, 0.5250000000000000200, -0.2500000000000082700 ) ) ;
#4750 = CARTESIAN_POINT ( 'NONE',  ( -1.400000000000003900, 0.6000000000000000900, 0.3499999999999865400 ) ) ;
#4751 = EDGE_LOOP ( 'NONE', ( #3188, #1033, #3814, #2667 ) ) ;
#4752 = DIRECTION ( 'NONE',  ( -0.0000000000000000000, -1.000000000000000000, -0.0000000000000000000 ) ) ;
#4753 = ORIENTED_EDGE ( 'NONE', *, *, #4748, .T. ) ;
#4754 = AXIS2_PLACEMENT_3D ( 'NONE', #4333, #848, #5138 ) ;
#4755 = VERTEX_POINT ( 'NONE', #1520 ) ;
#4756 = EDGE_LOOP ( 'NONE', ( #1494, #583, #711, #5226 ) ) ;
#4757 = DIRECTION ( 'NONE',  ( 0.0000000000000000000, 0.0000000000000000000, -1.000000000000000000 ) ) ;
#4758 = CARTESIAN_POINT ( 'NONE',  ( -0.2000000000000002100, 0.5250000000000000200, -1.075000000000000600 ) ) ;
#4759 = CARTESIAN_POINT ( 'NONE',  ( 0.3000000000000042100, 0.6000000000000000900, 0.3000000000000103100 ) ) ;
#4760 = DIRECTION ( 'NONE',  ( 1.000000000000000000, 0.0000000000000000000, -1.548860246407859400E-016 ) ) ;
#4762 = ORIENTED_EDGE ( 'NONE', *, *, #5593, .T. ) ;
#4761 = ORIENTED_EDGE ( 'NONE', *, *, #5301, .F. ) ;
#4763 = DIRECTION ( 'NONE',  ( 1.000000000000000000, 0.0000000000000000000, 3.304235192336774700E-015 ) ) ;
#4764 = FACE_OUTER_BOUND ( 'NONE', #3460, .T. ) ;
#4765 = DIRECTION ( 'NONE',  ( -1.046490792572974600E-014, 0.0000000000000000000, 1.000000000000000000 ) ) ;
#4766 = CARTESIAN_POINT ( 'NONE',  ( 1.400000000000000100, -0.02500000000000000100, 2.100000000000000500 ) ) ;
#4767 = LINE ( 'NONE', #4729, #5032 ) ;
#4768 = ORIENTED_EDGE ( 'NONE', *, *, #332, .F. ) ;
#4769 = ORIENTED_EDGE ( 'NONE', *, *, #2755, .F. ) ;
#4770 = ADVANCED_FACE ( 'NONE', ( #881 ), #1076, .T. ) ;
#4771 = FACE_OUTER_BOUND ( 'NONE', #1623, .T. ) ;
#4772 = DIRECTION ( 'NONE',  ( -1.000000000000000000, 0.0000000000000000000, 8.340016711426957800E-017 ) ) ;
#4773 = EDGE_CURVE ( 'NONE', #5172, #1280, #598, .T. ) ;
#4774 = LINE ( 'NONE', #5133, #762 ) ;
#4775 = VECTOR ( 'NONE', #1594, 1000.000000000000000 ) ;
#4776 = CARTESIAN_POINT ( 'NONE',  ( 0.1500000000000060700, 0.5250000000000000200, 0.6249999999999698000 ) ) ;
#4777 = PLANE ( 'NONE',  #1435 ) ;
#4778 = LINE ( 'NONE', #3710, #562 ) ;
#4779 = EDGE_CURVE ( 'NONE', #3266, #1306, #5085, .T. ) ;
#4780 = FACE_OUTER_BOUND ( 'NONE', #895, .T. ) ;
#4781 = EDGE_CURVE ( 'NONE', #2096, #3088, #2395, .T. ) ;
#4782 = LINE ( 'NONE', #3484, #5185 ) ;
#4783 = VERTEX_POINT ( 'NONE', #217 ) ;
#4784 = CARTESIAN_POINT ( 'NONE',  ( -1.135830847365768000E-014, 0.6000000000000000900, 1.100000000000001200 ) ) ;
#4785 = VECTOR ( 'NONE', #2361, 1000.000000000000000 ) ;
#4786 = PLANE ( 'NONE',  #5618 ) ;
#4787 = PLANE ( 'NONE',  #2282 ) ;
#4788 = ORIENTED_EDGE ( 'NONE', *, *, #4748, .F. ) ;
#4789 = FACE_OUTER_BOUND ( 'NONE', #1991, .T. ) ;
#4790 = ORIENTED_EDGE ( 'NONE', *, *, #1704, .F. ) ;
#4791 = ORIENTED_EDGE ( 'NONE', *, *, #2180, .T. ) ;
#4792 = CARTESIAN_POINT ( 'NONE',  ( 1.500000000000006400, 0.5000000000000000000, -0.2500000000000052200 ) ) ;
#4793 = DIRECTION ( 'NONE',  ( 0.0000000000000000000, 1.000000000000000000, 0.0000000000000000000 ) ) ;
#4794 = VERTEX_POINT ( 'NONE', #2788 ) ;
#4795 = PLANE ( 'NONE',  #3253 ) ;
#4796 = AXIS2_PLACEMENT_3D ( 'NONE', #1552, #5442, #3700 ) ;
#4797 = EDGE_LOOP ( 'NONE', ( #5427, #3612, #3652, #3317 ) ) ;
#4798 = ORIENTED_EDGE ( 'NONE', *, *, #5593, .F. ) ;
#4799 = EDGE_LOOP ( 'NONE', ( #4190, #3289, #5449, #3557, #2086 ) ) ;
#4800 = ORIENTED_EDGE ( 'NONE', *, *, #557, .F. ) ;
#4801 = DIRECTION ( 'NONE',  ( 4.336808689942016200E-015, 0.0000000000000000000, -1.000000000000000000 ) ) ;
#4802 = CARTESIAN_POINT ( 'NONE',  ( -1.399999999999996800, -0.02500000000000000100, 1.734723475976803000E-015 ) ) ;
#4803 = AXIS2_PLACEMENT_3D ( 'NONE', #1510, #1041, #1495 ) ;
#4804 = AXIS2_PLACEMENT_3D ( 'NONE', #5081, #675, #2507 ) ;
#4805 = DIRECTION ( 'NONE',  ( -0.0000000000000000000, -1.000000000000000000, -0.0000000000000000000 ) ) ;
#4806 = ORIENTED_EDGE ( 'NONE', *, *, #4809, .T. ) ;
#4807 = DIRECTION ( 'NONE',  ( 1.000000000000000000, -0.0000000000000000000, 0.0000000000000000000 ) ) ;
#4808 = DIRECTION ( 'NONE',  ( -0.0000000000000000000, 1.000000000000000000, -0.0000000000000000000 ) ) ;
#4809 = EDGE_CURVE ( 'NONE', #2445, #3150, #2795, .T. ) ;
#4810 = DIRECTION ( 'NONE',  ( 1.000000000000000000, 0.0000000000000000000, -2.717733445697237500E-014 ) ) ;
#4811 = FACE_OUTER_BOUND ( 'NONE', #4491, .T. ) ;
#4812 =( BOUNDED_CURVE ( )  B_SPLINE_CURVE ( 3, ( #3278, #654, #2394, #2818 ),
 .UNSPECIFIED., .F., .F. ) 
 B_SPLINE_CURVE_WITH_KNOTS ( ( 4, 4 ),
 ( 0.0000000000000000000, 1.000000000000000000 ),
 .UNSPECIFIED. ) 
 CURVE ( )  GEOMETRIC_REPRESENTATION_ITEM ( )  RATIONAL_B_SPLINE_CURVE ( ( 1.000000000000000000, 0.4269957486570998300, 0.4269957486570998300, 1.000000000000000000 ) ) 
 REPRESENTATION_ITEM ( '' )  );
#4814 = DIRECTION ( 'NONE',  ( 1.000000000000000000, 0.0000000000000000000, 0.0000000000000000000 ) ) ;
#4813 = DIRECTION ( 'NONE',  ( 1.000000000000000000, -0.0000000000000000000, 0.0000000000000000000 ) ) ;
#4815 = LINE ( 'NONE', #3530, #5343 ) ;
#4816 = EDGE_CURVE ( 'NONE', #5024, #4794, #1913, .T. ) ;
#4817 = VECTOR ( 'NONE', #3236, 1000.000000000000000 ) ;
#4818 = PLANE ( 'NONE',  #2047 ) ;
#4819 = CARTESIAN_POINT ( 'NONE',  ( 0.2499999999999958900, 0.5250000000000000200, 0.2500000000000028300 ) ) ;
#4820 = EDGE_CURVE ( 'NONE', #2339, #4679, #3930, .T. ) ;
#4821 = EDGE_CURVE ( 'NONE', #4041, #4689, #4479, .T. ) ;
#4822 = CARTESIAN_POINT ( 'NONE',  ( 1.040056992122278200, 0.6000000000000000900, 0.3500000000000073600 ) ) ;
#4823 = DIRECTION ( 'NONE',  ( 0.0000000000000000000, 1.000000000000000000, -0.0000000000000000000 ) ) ;
#4824 = CARTESIAN_POINT ( 'NONE',  ( 0.2499999999999954500, 0.5250000000000000200, -0.2500000000000082700 ) ) ;
#4825 = ORIENTED_EDGE ( 'NONE', *, *, #1914, .T. ) ;
#4826 = CARTESIAN_POINT ( 'NONE',  ( 3.634658711570457200E-015, 0.6049999999999999800, -1.100000000000001000 ) ) ;
#4827 = CARTESIAN_POINT ( 'NONE',  ( -0.7400569921222807100, 0.6049999999999999800, 7.641632367829184200E-017 ) ) ;
#4829 = DIRECTION ( 'NONE',  ( -1.000000000000000000, 0.0000000000000000000, -1.032573497605242000E-014 ) ) ;
#4828 = DIRECTION ( 'NONE',  ( 1.000000000000000000, -0.0000000000000000000, 5.782411586588803500E-016 ) ) ;
#4831 = ORIENTED_EDGE ( 'NONE', *, *, #1144, .T. ) ;
#4830 = ORIENTED_EDGE ( 'NONE', *, *, #1889, .T. ) ;
#4832 = AXIS2_PLACEMENT_3D ( 'NONE', #595, #4445, #1436 ) ;
#4833 = AXIS2_PLACEMENT_3D ( 'NONE', #2028, #5040, #716 ) ;
#4834 = ORIENTED_EDGE ( 'NONE', *, *, #3555, .T. ) ;
#4835 = LINE ( 'NONE', #569, #4968 ) ;
#4836 = FACE_OUTER_BOUND ( 'NONE', #1869, .T. ) ;
#4837 = ORIENTED_EDGE ( 'NONE', *, *, #3419, .F. ) ;
#4838 = VERTEX_POINT ( 'NONE', #2397 ) ;
#4839 = DIRECTION ( 'NONE',  ( 1.000000000000000000, 0.0000000000000000000, 0.0000000000000000000 ) ) ;
#4840 = CARTESIAN_POINT ( 'NONE',  ( 0.2649513006952652300, 1.066841518943849600, -0.5143892039638818800 ) ) ;
#4841 = VECTOR ( 'NONE', #1865, 1000.000000000000000 ) ;
#4842 = CARTESIAN_POINT ( 'NONE',  ( 0.2851200706794352900, 1.091632514127298700, -1.191493353948167600 ) ) ;
#4843 = FACE_BOUND ( 'NONE', #3176, .T. ) ;
#4844 = DIRECTION ( 'NONE',  ( -0.0000000000000000000, -1.000000000000000000, -0.0000000000000000000 ) ) ;
#4845 = VECTOR ( 'NONE', #3415, 1000.000000000000000 ) ;
#4846 = CARTESIAN_POINT ( 'NONE',  ( 1.900000000000000800, -0.02500000000000000100, 2.450000000000000600 ) ) ;
#4847 = LINE ( 'NONE', #3935, #3967 ) ;
#4848 = EDGE_LOOP ( 'NONE', ( #5475, #1679, #3240, #1425 ) ) ;
#4849 = LINE ( 'NONE', #3569, #1880 ) ;
#4850 = DIRECTION ( 'NONE',  ( 0.0000000000000000000, -0.0000000000000000000, -1.000000000000000000 ) ) ;
#4851 = CARTESIAN_POINT ( 'NONE',  ( -2.600000000000000100, 0.0000000000000000000, -2.600000000000000100 ) ) ;
#4852 = CARTESIAN_POINT ( 'NONE',  ( -0.1933075571673791000, 1.006145758553888900, -0.6480480375071530100 ) ) ;
#4853 = EDGE_CURVE ( 'NONE', #3004, #3180, #2456, .T. ) ;
#4854 = VERTEX_POINT ( 'NONE', #673 ) ;
#4855 = VECTOR ( 'NONE', #4268, 1000.000000000000000 ) ;
#4856 = VERTEX_POINT ( 'NONE', #1054 ) ;
#4857 = ORIENTED_EDGE ( 'NONE', *, *, #3801, .F. ) ;
#4858 = EDGE_CURVE ( 'NONE', #3047, #4730, #1361, .T. ) ;
#4859 = APPLICATION_PROTOCOL_DEFINITION ( 'international standard', 'config_control_design', 1994, #2750 ) ;
#4860 = ORIENTED_EDGE ( 'NONE', *, *, #1529, .F. ) ;
#4861 = CARTESIAN_POINT ( 'NONE',  ( -1.449999999999995700, 0.6000000000000000900, -1.449999999999993300 ) ) ;
#4862 = ORIENTED_EDGE ( 'NONE', *, *, #4196, .T. ) ;
#4863 = VERTEX_POINT ( 'NONE', #3262 ) ;
#4864 = CARTESIAN_POINT ( 'NONE',  ( -0.3000000000000062100, 0.6000000000000000900, -1.449999999999993300 ) ) ;
#4865 = VERTEX_POINT ( 'NONE', #4937 ) ;
#4866 = CARTESIAN_POINT ( 'NONE',  ( 1.931851143701446800E-015, -0.02500000000000000100, 2.450000000000002000 ) ) ;
#4867 = DIRECTION ( 'NONE',  ( -1.156482317317871800E-014, 0.0000000000000000000, 1.000000000000000000 ) ) ;
#4868 = ORIENTED_EDGE ( 'NONE', *, *, #2893, .F. ) ;
#4869 = CARTESIAN_POINT ( 'NONE',  ( 1.400000000000000100, 0.0000000000000000000, -2.449999999999999700 ) ) ;
#4870 = ORIENTED_EDGE ( 'NONE', *, *, #4677, .F. ) ;
#4871 = ORIENTED_EDGE ( 'NONE', *, *, #5418, .T. ) ;
#4872 = DIRECTION ( 'NONE',  ( 1.000000000000000000, 0.0000000000000000000, -8.340016711426957800E-017 ) ) ;
#4873 = DIRECTION ( 'NONE',  ( -4.336808689942016900E-015, 0.0000000000000000000, 1.000000000000000000 ) ) ;
#4874 = VECTOR ( 'NONE', #2109, 1000.000000000000000 ) ;
#4875 = AXIS2_PLACEMENT_3D ( 'NONE', #310, #4285, #4226 ) ;
#4876 = VERTEX_POINT ( 'NONE', #3146 ) ;
#4877 = LINE ( 'NONE', #938, #2122 ) ;
#4878 = APPROVAL_STATUS ( 'not_yet_approved' ) ;
#4879 = CARTESIAN_POINT ( 'NONE',  ( -1.499999999999995600, 0.5250000000000000200, 0.2500000000000038900 ) ) ;
#4880 = CARTESIAN_POINT ( 'NONE',  ( -0.1500000000000002200, 0.5250000000000000200, -1.125000000000000700 ) ) ;
#4881 = FACE_OUTER_BOUND ( 'NONE', #1084, .T. ) ;
#4882 = DIRECTION ( 'NONE',  ( -1.000000000000000000, 0.0000000000000000000, 0.0000000000000000000 ) ) ;
#4883 = LINE ( 'NONE', #2251, #459 ) ;
#4884 = DIRECTION ( 'NONE',  ( -6.505213034913029000E-015, 0.0000000000000000000, 1.000000000000000000 ) ) ;
#4886 = DIRECTION ( 'NONE',  ( 0.0000000000000000000, 0.0000000000000000000, -1.000000000000000000 ) ) ;
#4885 = CARTESIAN_POINT ( 'NONE',  ( 0.6499999999999988000, 0.6049999999999999800, 0.3500000000000047000 ) ) ;
#4887 = EDGE_CURVE ( 'NONE', #2380, #3294, #593, .T. ) ;
#4888 = EDGE_LOOP ( 'NONE', ( #4097, #4149, #1257, #41 ) ) ;
#4889 = CARTESIAN_POINT ( 'NONE',  ( 0.3870237522754217400, 0.6027504949440695100, -0.4787847389196696600 ) ) ;
#4890 = EDGE_CURVE ( 'NONE', #2473, #4340, #5212, .T. ) ;
#4891 = ORIENTED_EDGE ( 'NONE', *, *, #2442, .F. ) ;
#4892 = ORIENTED_EDGE ( 'NONE', *, *, #1407, .T. ) ;
#4893 = DATE_TIME_ROLE ( 'classification_date' ) ;
#4894 = LOCAL_TIME ( 1, 35, 54.00000000000000000, #5163 ) ;
#4895 = CARTESIAN_POINT ( 'NONE',  ( -0.1999999999999999000, 0.5250000000000000200, -1.100000000000000800 ) ) ;
#4897 = VERTEX_POINT ( 'NONE', #1757 ) ;
#4896 = EDGE_LOOP ( 'NONE', ( #590, #4392, #5169, #447 ) ) ;
#4898 = DIRECTION ( 'NONE',  ( 0.0000000000000000000, 1.000000000000000000, 0.0000000000000000000 ) ) ;
#4899 = AXIS2_PLACEMENT_3D ( 'NONE', #660, #2840, #1056 ) ;
#4900 = DIRECTION ( 'NONE',  ( -0.0000000000000000000, -1.000000000000000000, -0.0000000000000000000 ) ) ;
#4901 = ORIENTED_EDGE ( 'NONE', *, *, #1220, .F. ) ;
#4902 = ORIENTED_EDGE ( 'NONE', *, *, #267, .F. ) ;
#4903 = LINE ( 'NONE', #2646, #3894 ) ;
#4904 = AXIS2_PLACEMENT_3D ( 'NONE', #5104, #2531, #5537 ) ;
#4905 = DIRECTION ( 'NONE',  ( 8.340016711426957800E-017, -0.0000000000000000000, 1.000000000000000000 ) ) ;
#4906 = CARTESIAN_POINT ( 'NONE',  ( 0.3730322788201659300, 0.5932916848317065800, -0.5474489186774524900 ) ) ;
#4907 = LINE ( 'NONE', #242, #1603 ) ;
#4908 = LINE ( 'NONE', #5205, #1470 ) ;
#4909 = CIRCLE ( 'NONE', #3157, 0.02500000000000002900 ) ;
#4910 = ADVANCED_FACE ( 'NONE', ( #4771 ), #2625, .F. ) ;
#4911 = CARTESIAN_POINT ( 'NONE',  ( 0.3874712015261829200, 0.6050000000039440500, -1.227802772622080800 ) ) ;
#4912 = VECTOR ( 'NONE', #645, 1000.000000000000000 ) ;
#4913 = EDGE_CURVE ( 'NONE', #643, #2270, #88, .T. ) ;
#4914 = CARTESIAN_POINT ( 'NONE',  ( 0.3500000000000002000, 0.6000000000000000900, 1.138412281109781400E-015 ) ) ;
#4915 = LINE ( 'NONE', #4407, #224 ) ;
#4916 = DIRECTION ( 'NONE',  ( -0.0000000000000000000, -1.000000000000000000, -0.0000000000000000000 ) ) ;
#4917 = PLANE ( 'NONE',  #2172 ) ;
#4918 = CARTESIAN_POINT ( 'NONE',  ( -0.2499999999999954500, 0.5250000000000000200, 0.2500000000000084400 ) ) ;
#4919 = VECTOR ( 'NONE', #5074, 1000.000000000000000 ) ;
#4920 = ORIENTED_EDGE ( 'NONE', *, *, #5610, .T. ) ;
#4921 = VECTOR ( 'NONE', #3268, 1000.000000000000000 ) ;
#4922 = DIRECTION ( 'NONE',  ( -1.000000000000000000, 0.0000000000000000000, -0.0000000000000000000 ) ) ;
#4923 = ORIENTED_EDGE ( 'NONE', *, *, #4704, .F. ) ;
#4924 = VECTOR ( 'NONE', #4501, 1000.000000000000000 ) ;
#4925 = ORIENTED_EDGE ( 'NONE', *, *, #3191, .T. ) ;
#4926 = ORIENTED_EDGE ( 'NONE', *, *, #231, .F. ) ;
#4927 = VERTEX_POINT ( 'NONE', #2589 ) ;
#4928 = DIRECTION ( 'NONE',  ( -3.433306879537430100E-015, 0.0000000000000000000, 1.000000000000000000 ) ) ;
#4929 = DIRECTION ( 'NONE',  ( -0.0000000000000000000, -1.000000000000000000, -0.0000000000000000000 ) ) ;
#4930 = EDGE_CURVE ( 'NONE', #4838, #2633, #2145, .T. ) ;
#4931 = EDGE_LOOP ( 'NONE', ( #5532, #1317, #1753, #3522 ) ) ;
#4932 = CARTESIAN_POINT ( 'NONE',  ( 0.3500000000000012500, 0.6000000000000000900, -0.3499999999999998700 ) ) ;
#4933 = ORIENTED_EDGE ( 'NONE', *, *, #1742, .T. ) ;
#4934 = EDGE_LOOP ( 'NONE', ( #4427, #2378, #3843, #5137, #2974 ) ) ;
#4935 = ORIENTED_EDGE ( 'NONE', *, *, #1457, .T. ) ;
#4936 = DIRECTION ( 'NONE',  ( -1.000000000000000000, 0.0000000000000000000, -6.976605283819831400E-015 ) ) ;
#4937 = CARTESIAN_POINT ( 'NONE',  ( 0.3500000000000012500, 0.6049999999999999800, -0.3499999999999998700 ) ) ;
#4938 = DIRECTION ( 'NONE',  ( 1.000000000000000000, -0.0000000000000000000, 3.304235192336774700E-015 ) ) ;
#4939 = DIRECTION ( 'NONE',  ( 0.0000000000000000000, 0.0000000000000000000, 1.000000000000000000 ) ) ;
#4940 = ADVANCED_FACE ( 'NONE', ( #3436 ), #4795, .T. ) ;
#4941 = ORIENTED_EDGE ( 'NONE', *, *, #1012, .F. ) ;
#4942 = AXIS2_PLACEMENT_3D ( 'NONE', #5150, #2533, #4735 ) ;
#4943 = FACE_OUTER_BOUND ( 'NONE', #4053, .T. ) ;
#4944 = CARTESIAN_POINT ( 'NONE',  ( -2.375090593447391400, 0.5000000000000000000, -0.5867487305952324700 ) ) ;
#4945 = LINE ( 'NONE', #2642, #877 ) ;
#4946 = CARTESIAN_POINT ( 'NONE',  ( -2.099999999999999600, 0.5000000000000000000, 1.849999999999999400 ) ) ;
#4947 = LINE ( 'NONE', #5265, #4683 ) ;
#4948 = CARTESIAN_POINT ( 'NONE',  ( -1.100000000000001200, 0.6049999999999999800, -0.3500000000000000300 ) ) ;
#4949 = ORIENTED_EDGE ( 'NONE', *, *, #4247, .T. ) ;
#4950 = CARTESIAN_POINT ( 'NONE',  ( 0.2500000000000058800, 0.5250000000000000200, 1.500000000000005800 ) ) ;
#4951 = VERTEX_POINT ( 'NONE', #2218 ) ;
#4952 = DIRECTION ( 'NONE',  ( -0.0000000000000000000, -1.000000000000000000, -0.0000000000000000000 ) ) ;
#4953 = EDGE_CURVE ( 'NONE', #2094, #5054, #984, .T. ) ;
#4954 = EDGE_CURVE ( 'NONE', #3575, #4528, #488, .T. ) ;
#4955 = EDGE_LOOP ( 'NONE', ( #1627, #5422, #12, #5069, #2634 ) ) ;
#4956 = EDGE_CURVE ( 'NONE', #4876, #1416, #2886, .T. ) ;
#4957 = EDGE_CURVE ( 'NONE', #1827, #865, #4903, .T. ) ;
#4958 = PRODUCT_DEFINITION_SHAPE ( 'NONE', 'NONE',  #1100 ) ;
#4959 = DIRECTION ( 'NONE',  ( 0.0000000000000000000, 0.0000000000000000000, 1.000000000000000000 ) ) ;
#4960 = DIRECTION ( 'NONE',  ( -1.000000000000000000, 0.0000000000000000000, -3.407492542097299500E-015 ) ) ;
#4962 = ORIENTED_EDGE ( 'NONE', *, *, #742, .T. ) ;
#4961 = ORIENTED_EDGE ( 'NONE', *, *, #632, .T. ) ;
#4963 = ADVANCED_FACE ( 'NONE', ( #1254 ), #822, .T. ) ;
#4964 = VECTOR ( 'NONE', #4356, 1000.000000000000000 ) ;
#4965 = ORIENTED_EDGE ( 'NONE', *, *, #1415, .F. ) ;
#4966 = CARTESIAN_POINT ( 'NONE',  ( 1.500000000000040900, 0.5250000000000000200, 0.2500000000000028300 ) ) ;
#4967 = DIRECTION ( 'NONE',  ( -3.394024192128566700E-015, 0.0000000000000000000, 1.000000000000000000 ) ) ;
#4968 = VECTOR ( 'NONE', #2366, 1000.000000000000000 ) ;
#4969 = AXIS2_PLACEMENT_3D ( 'NONE', #614, #3672, #1072 ) ;
#4970 = LINE ( 'NONE', #1310, #1733 ) ;
#4971 = ORIENTED_EDGE ( 'NONE', *, *, #3903, .T. ) ;
#4972 = ORIENTED_EDGE ( 'NONE', *, *, #618, .F. ) ;
#4973 = DIRECTION ( 'NONE',  ( -3.642919299551294900E-015, 0.0000000000000000000, 1.000000000000000000 ) ) ;
#4974 = FACE_OUTER_BOUND ( 'NONE', #1102, .T. ) ;
#4975 = FACE_BOUND ( 'NONE', #1958, .T. ) ;
#4976 = CIRCLE ( 'NONE', #4969, 2.374999999999999600 ) ;
#4977 = AXIS2_PLACEMENT_3D ( 'NONE', #2249, #858, #40 ) ;
#4978 = CARTESIAN_POINT ( 'NONE',  ( -1.399999999999999700, -0.02500000000000000100, -1.499999999999999300 ) ) ;
#4979 = CARTESIAN_POINT ( 'NONE',  ( -0.2500000000000000000, 0.5250000000000000200, 1.500000000000003800 ) ) ;
#4980 = LINE ( 'NONE', #399, #2230 ) ;
#4981 = ORIENTED_EDGE ( 'NONE', *, *, #435, .T. ) ;
#4982 = LINE ( 'NONE', #1431, #3835 ) ;
#4983 = CARTESIAN_POINT ( 'NONE',  ( 1.400000000000002400, 0.6000000000000000900, -0.6499999999999963600 ) ) ;
#4984 = EDGE_CURVE ( 'NONE', #3318, #3959, #5239, .T. ) ;
#4985 = ORIENTED_EDGE ( 'NONE', *, *, #1415, .T. ) ;
#4986 = CARTESIAN_POINT ( 'NONE',  ( 0.0000000000000000000, 0.5000000000000000000, 0.0000000000000000000 ) ) ;
#4987 = FACE_OUTER_BOUND ( 'NONE', #1727, .T. ) ;
#4988 = ORIENTED_EDGE ( 'NONE', *, *, #4131, .T. ) ;
#4989 = EDGE_LOOP ( 'NONE', ( #4064, #4330, #1723, #4113 ) ) ;
#4990 = CARTESIAN_POINT ( 'NONE',  ( -0.2499999999999997200, 0.5000000000000000000, -0.2500000000000000600 ) ) ;
#4991 = VERTEX_POINT ( 'NONE', #1296 ) ;
#4992 = ADVANCED_FACE ( 'NONE', ( #287 ), #5577, .T. ) ;
#4993 = ORIENTED_EDGE ( 'NONE', *, *, #4890, .T. ) ;
#4994 = CARTESIAN_POINT ( 'NONE',  ( 1.500000000000040900, 0.5250000000000000200, 0.2500000000000028300 ) ) ;
#4995 = EDGE_CURVE ( 'NONE', #190, #237, #214, .T. ) ;
#4996 = ORIENTED_EDGE ( 'NONE', *, *, #2263, .T. ) ;
#4997 = EDGE_LOOP ( 'NONE', ( #379, #3994, #4830, #3644 ) ) ;
#4998 = VERTEX_POINT ( 'NONE', #5183 ) ;
#4999 = EDGE_CURVE ( 'NONE', #3628, #4012, #2481, .T. ) ;
#5000 = CARTESIAN_POINT ( 'NONE',  ( -0.2500000000000001100, 0.5249999999999999100, -0.6500000000000006900 ) ) ;
#5001 = ORIENTED_EDGE ( 'NONE', *, *, #1441, .F. ) ;
#5002 = EDGE_LOOP ( 'NONE', ( #2026, #4465, #2604, #4121 ) ) ;
#5003 = DIRECTION ( 'NONE',  ( 4.336808689942016200E-015, 0.0000000000000000000, -1.000000000000000000 ) ) ;
#5004 = CARTESIAN_POINT ( 'NONE',  ( -2.399999999999999500, -0.02500000000000000100, 4.841088770167829500E-016 ) ) ;
#5005 = CARTESIAN_POINT ( 'NONE',  ( 1.400000000000000100, 0.0000000000000000000, 0.0000000000000000000 ) ) ;
#5006 = PLANE ( 'NONE',  #4033 ) ;
#5007 = FACE_OUTER_BOUND ( 'NONE', #1892, .T. ) ;
#5008 = ORIENTED_EDGE ( 'NONE', *, *, #3228, .T. ) ;
#5009 = VECTOR ( 'NONE', #4410, 1000.000000000000000 ) ;
#5010 = DIRECTION ( 'NONE',  ( -0.0000000000000000000, -1.000000000000000000, -0.0000000000000000000 ) ) ;
#5011 = DIRECTION ( 'NONE',  ( 1.084202172485504400E-016, -0.0000000000000000000, 1.000000000000000000 ) ) ;
#5012 = AXIS2_PLACEMENT_3D ( 'NONE', #918, #2190, #1323 ) ;
#5013 = VECTOR ( 'NONE', #1969, 1000.000000000000000 ) ;
#5014 = AXIS2_PLACEMENT_3D ( 'NONE', #546, #4421, #4013 ) ;
#5015 = LINE ( 'NONE', #3725, #2039 ) ;
#5016 = CARTESIAN_POINT ( 'NONE',  ( 2.400000000000000400, -0.02500000000000000100, 0.3000000000000012700 ) ) ;
#5017 = EDGE_CURVE ( 'NONE', #1067, #2773, #552, .T. ) ;
#5018 = ADVANCED_FACE ( 'NONE', ( #2289 ), #3902, .T. ) ;
#5019 = ORIENTED_EDGE ( 'NONE', *, *, #5272, .T. ) ;
#5020 = DIRECTION ( 'NONE',  ( -4.336808689942019300E-015, 0.0000000000000000000, 1.000000000000000000 ) ) ;
#5021 = CARTESIAN_POINT ( 'NONE',  ( 0.6249999999999845700, 0.5250000000000000200, -0.2500000000000082700 ) ) ;
#5022 = DIRECTION ( 'NONE',  ( 4.336808689942019300E-015, 0.0000000000000000000, -1.000000000000000000 ) ) ;
#5023 = CARTESIAN_POINT ( 'NONE',  ( -0.008349065841095756500, 0.7000145223148579500, 0.0000000000000000000 ) ) ;
#5024 = VERTEX_POINT ( 'NONE', #124 ) ;
#5025 = ORIENTED_EDGE ( 'NONE', *, *, #121, .F. ) ;
#5026 = COORDINATED_UNIVERSAL_TIME_OFFSET ( 1, 0, .AHEAD. ) ;
#5027 = DIRECTION ( 'NONE',  ( -7.047314121155778800E-015, 0.0000000000000000000, 1.000000000000000000 ) ) ;
#5028 = EDGE_LOOP ( 'NONE', ( #3326, #3736, #3145, #4535 ) ) ;
#5029 = EDGE_CURVE ( 'NONE', #1554, #402, #3631, .T. ) ;
#5030 = EDGE_CURVE ( 'NONE', #5560, #2837, #1395, .T. ) ;
#5031 = PERSON_AND_ORGANIZATION ( #5627, #2878 ) ;
#5032 = VECTOR ( 'NONE', #2980, 1000.000000000000000 ) ;
#5033 = ORIENTED_EDGE ( 'NONE', *, *, #4671, .T. ) ;
#5034 = EDGE_LOOP ( 'NONE', ( #1694, #866, #3571, #4791 ) ) ;
#5035 = VECTOR ( 'NONE', #2156, 1000.000000000000000 ) ;
#5036 = VECTOR ( 'NONE', #4576, 1000.000000000000000 ) ;
#5037 = DIRECTION ( 'NONE',  ( -1.000000000000000000, 0.0000000000000000000, -3.488302641909928300E-015 ) ) ;
#5038 = CARTESIAN_POINT ( 'NONE',  ( -0.1500000000000001100, 0.5249999999999999100, -1.050000000000000500 ) ) ;
#5039 = VECTOR ( 'NONE', #2751, 1000.000000000000000 ) ;
#5040 = DIRECTION ( 'NONE',  ( -3.407492542097298400E-015, 0.0000000000000000000, 1.000000000000000000 ) ) ;
#5041 = CARTESIAN_POINT ( 'NONE',  ( 3.634658711570457200E-015, 0.6000000000000000900, -1.100000000000001000 ) ) ;
#5042 = VECTOR ( 'NONE', #1112, 1000.000000000000000 ) ;
#5043 = DIRECTION ( 'NONE',  ( -8.673617379884021300E-015, 0.0000000000000000000, -1.000000000000000000 ) ) ;
#5044 = DIRECTION ( 'NONE',  ( 1.000000000000000000, 0.0000000000000000000, -0.0000000000000000000 ) ) ;
#5045 = AXIS2_PLACEMENT_3D ( 'NONE', #4488, #1898, #561 ) ;
#5046 = CIRCLE ( 'NONE', #3653, 0.2500000000000002200 ) ;
#5047 = ADVANCED_FACE ( 'NONE', ( #5437 ), #69, .F. ) ;
#5048 = FACE_OUTER_BOUND ( 'NONE', #3658, .T. ) ;
#5049 = CARTESIAN_POINT ( 'NONE',  ( 2.399999999999999900, -0.02500000000000000100, -2.449999999999999700 ) ) ;
#5050 = VECTOR ( 'NONE', #2556, 1000.000000000000000 ) ;
#5051 = VERTEX_POINT ( 'NONE', #4885 ) ;
#5052 = FACE_OUTER_BOUND ( 'NONE', #5034, .T. ) ;
#5053 = CARTESIAN_POINT ( 'NONE',  ( -0.3500000000000011400, 0.6049999999999999800, -0.3500000000000000300 ) ) ;
#5054 = VERTEX_POINT ( 'NONE', #4869 ) ;
#5055 = VECTOR ( 'NONE', #5622, 1000.000000000000000 ) ;
#5056 = ORIENTED_EDGE ( 'NONE', *, *, #4887, .F. ) ;
#5057 = EDGE_LOOP ( 'NONE', ( #3785, #4941, #2778, #2343 ) ) ;
#5058 = ORIENTED_EDGE ( 'NONE', *, *, #5030, .F. ) ;
#5059 = CARTESIAN_POINT ( 'NONE',  ( -1.100000000000001400, 0.6049999999999999800, -1.399999999999999700 ) ) ;
#5060 = EDGE_CURVE ( 'NONE', #3805, #523, #692, .T. ) ;
#5061 = CARTESIAN_POINT ( 'NONE',  ( 0.0000000000000000000, 0.6049999999999999800, -1.400000000000000100 ) ) ;
#5062 = DIRECTION ( 'NONE',  ( -1.000000000000000000, 0.0000000000000000000, -1.046490792572978700E-014 ) ) ;
#5063 = PLANE ( 'NONE',  #4804 ) ;
#5064 = VERTEX_POINT ( 'NONE', #4439 ) ;
#5065 = CARTESIAN_POINT ( 'NONE',  ( -8.279362044434763700E-016, -0.02500000000000000100, -2.099999999999999600 ) ) ;
#5066 = CARTESIAN_POINT ( 'NONE',  ( 2.600000000000000100, 0.5000000000000000000, -2.600000000000000500 ) ) ;
#5067 = VERTEX_POINT ( 'NONE', #531 ) ;
#5068 = ORIENTED_EDGE ( 'NONE', *, *, #514, .T. ) ;
#5069 = ORIENTED_EDGE ( 'NONE', *, *, #1566, .F. ) ;
#5070 = EDGE_CURVE ( 'NONE', #3968, #3748, #4030, .T. ) ;
#5071 = CARTESIAN_POINT ( 'NONE',  ( 0.3876676039486853200, 0.6050000000028154000, -0.5223933322423406400 ) ) ;
#5072 = DIRECTION ( 'NONE',  ( 0.0000000000000000000, 1.000000000000000000, 0.0000000000000000000 ) ) ;
#5073 = EDGE_CURVE ( 'NONE', #2536, #5123, #1320, .T. ) ;
#5074 = DIRECTION ( 'NONE',  ( -1.548860246407861400E-016, 0.0000000000000000000, -1.000000000000000000 ) ) ;
#5075 = VERTEX_POINT ( 'NONE', #990 ) ;
#5076 = CARTESIAN_POINT ( 'NONE',  ( 0.6249999999999845700, 0.5000000000000000000, -0.2500000000000082700 ) ) ;
#5077 = ADVANCED_FACE ( 'NONE', ( #1870 ), #3939, .F. ) ;
#5078 = FACE_OUTER_BOUND ( 'NONE', #3183, .T. ) ;
#5079 = VECTOR ( 'NONE', #2268, 1000.000000000000000 ) ;
#5080 = DIRECTION ( 'NONE',  ( 1.032573497605242000E-014, 0.0000000000000000000, -1.000000000000000000 ) ) ;
#5081 = CARTESIAN_POINT ( 'NONE',  ( 0.0000000000000000000, -0.02500000000000000100, 2.450000000000000600 ) ) ;
#5082 = CARTESIAN_POINT ( 'NONE',  ( 4.625929269271487700E-015, 0.6000000000000000900, -1.400000000000000800 ) ) ;
#5083 = CARTESIAN_POINT ( 'NONE',  ( 0.2500000000000060500, 0.5250000000000000200, 1.124999999999969800 ) ) ;
#5084 = ADVANCED_FACE ( 'NONE', ( #3755 ), #106, .F. ) ;
#5085 = LINE ( 'NONE', #4153, #5013 ) ;
#5086 = CARTESIAN_POINT ( 'NONE',  ( 4.921335078586426400E-015, 0.5250000000000000200, -1.449999999999995700 ) ) ;
#5087 = CARTESIAN_POINT ( 'NONE',  ( -0.2500000000000006700, 0.5250000000000000200, -1.500000000000000900 ) ) ;
#5088 = ORIENTED_EDGE ( 'NONE', *, *, #414, .T. ) ;
#5089 = PLANE ( 'NONE',  #1513 ) ;
#5090 = ORIENTED_EDGE ( 'NONE', *, *, #5608, .F. ) ;
#5091 = DIRECTION ( 'NONE',  ( -3.355863867217037300E-015, 0.0000000000000000000, 1.000000000000000000 ) ) ;
#5092 = VERTEX_POINT ( 'NONE', #1850 ) ;
#5093 = EDGE_CURVE ( 'NONE', #4856, #3005, #3561, .T. ) ;
#5094 = APPROVAL_DATE_TIME ( #608, #1399 ) ;
#5096 = ORIENTED_EDGE ( 'NONE', *, *, #3204, .F. ) ;
#5095 = ORIENTED_EDGE ( 'NONE', *, *, #5420, .F. ) ;
#5097 = CARTESIAN_POINT ( 'NONE',  ( -0.1935534813419279000, 1.027660447005099400, -1.051880234608604900 ) ) ;
#5098 = PLANE ( 'NONE',  #5184 ) ;
#5099 = CARTESIAN_POINT ( 'NONE',  ( 0.2499999999999932800, 0.5250000000000000200, -1.499999999999994900 ) ) ;
#5100 = LINE ( 'NONE', #5609, #1459 ) ;
#5101 = EDGE_CURVE ( 'NONE', #1614, #1556, #3694, .T. ) ;
#5102 = VERTEX_POINT ( 'NONE', #3178 ) ;
#5103 = ADVANCED_FACE ( 'NONE', ( #5303 ), #2660, .F. ) ;
#5104 = CARTESIAN_POINT ( 'NONE',  ( 0.0000000000000000000, 0.6049999999999999800, 0.0000000000000000000 ) ) ;
#5105 = CARTESIAN_POINT ( 'NONE',  ( 0.0000000000000000000, 0.5000000000000000000, 0.0000000000000000000 ) ) ;
#5106 = LINE ( 'NONE', #3440, #5296 ) ;
#5107 = EDGE_CURVE ( 'NONE', #2140, #786, #1602, .T. ) ;
#5108 = DIRECTION ( 'NONE',  ( -1.000000000000000000, 0.0000000000000000000, -3.488302641909915700E-015 ) ) ;
#5109 = EDGE_CURVE ( 'NONE', #4441, #5601, #4099, .T. ) ;
#5110 = LINE ( 'NONE', #471, #558 ) ;
#5111 = ORIENTED_EDGE ( 'NONE', *, *, #811, .T. ) ;
#5112 = ADVANCED_FACE ( 'NONE', ( #5114 ), #4425, .F. ) ;
#5113 = PLANE ( 'NONE',  #4942 ) ;
#5114 = FACE_OUTER_BOUND ( 'NONE', #4290, .T. ) ;
#5115 = VECTOR ( 'NONE', #1506, 1000.000000000000000 ) ;
#5116 = VECTOR ( 'NONE', #1159, 1000.000000000000000 ) ;
#5117 = DIRECTION ( 'NONE',  ( 0.0000000000000000000, 0.0000000000000000000, -1.000000000000000000 ) ) ;
#5118 = PLANE ( 'NONE',  #5587 ) ;
#5119 = VECTOR ( 'NONE', #1293, 1000.000000000000000 ) ;
#5120 = VERTEX_POINT ( 'NONE', #2240 ) ;
#5121 = DIRECTION ( 'NONE',  ( 1.000000000000000000, 0.0000000000000000000, -6.938893903907232300E-015 ) ) ;
#5122 = FACE_OUTER_BOUND ( 'NONE', #1316, .T. ) ;
#5123 = VERTEX_POINT ( 'NONE', #1083 ) ;
#5124 = CARTESIAN_POINT ( 'NONE',  ( 0.3822198078109221300, 0.6049999999999995400, -0.4822027271307811100 ) ) ;
#5125 = LINE ( 'NONE', #1590, #2968 ) ;
#5126 = ORIENTED_EDGE ( 'NONE', *, *, #4524, .F. ) ;
#5127 = CARTESIAN_POINT ( 'NONE',  ( -3.632077277826450900E-015, 0.6049999999999999800, 0.3500000000000010900 ) ) ;
#5128 = VERTEX_POINT ( 'NONE', #1062 ) ;
#5129 = PLANE ( 'NONE',  #4225 ) ;
#5130 = ORIENTED_EDGE ( 'NONE', *, *, #4890, .F. ) ;
#5131 = ORIENTED_EDGE ( 'NONE', *, *, #1519, .F. ) ;
#5132 = EDGE_LOOP ( 'NONE', ( #169, #2166, #2504, #251 ) ) ;
#5133 = CARTESIAN_POINT ( 'NONE',  ( 2.600000000000000100, 0.5000000000000000000, 2.599999999999999600 ) ) ;
#5134 = EDGE_LOOP ( 'NONE', ( #4074, #4084, #5001, #642 ) ) ;
#5135 = ADVANCED_FACE ( 'NONE', ( #5576 ), #194, .F. ) ;
#5136 = ADVANCED_FACE ( 'NONE', ( #4163 ), #4089, .T. ) ;
#5137 = ORIENTED_EDGE ( 'NONE', *, *, #3699, .T. ) ;
#5138 = DIRECTION ( 'NONE',  ( 1.000000000000000000, 0.0000000000000000000, -1.084202172485505800E-016 ) ) ;
#5139 = CARTESIAN_POINT ( 'NONE',  ( -1.449999999999993100, 0.5250000000000000200, -1.531082024449102000E-014 ) ) ;
#5140 = CARTESIAN_POINT ( 'NONE',  ( 1.500000000000040900, 0.5000000000000000000, 0.2500000000000028300 ) ) ;
#5141 = ORIENTED_EDGE ( 'NONE', *, *, #1376, .F. ) ;
#5142 = ADVANCED_FACE ( 'NONE', ( #832 ), #2347, .F. ) ;
#5143 = EDGE_CURVE ( 'NONE', #2349, #2242, #3961, .T. ) ;
#5144 = EDGE_CURVE ( 'NONE', #3187, #200, #2819, .T. ) ;
#5145 = EDGE_CURVE ( 'NONE', #3334, #2689, #2003, .T. ) ;
#5146 = FACE_OUTER_BOUND ( 'NONE', #4178, .T. ) ;
#5147 = VERTEX_POINT ( 'NONE', #5363 ) ;
#5148 = LINE ( 'NONE', #3087, #2721 ) ;
#5149 = DIRECTION ( 'NONE',  ( 0.0000000000000000000, 1.000000000000000000, 0.0000000000000000000 ) ) ;
#5150 = CARTESIAN_POINT ( 'NONE',  ( -0.3000000000000062100, 0.6000000000000000900, -0.3000000000000080900 ) ) ;
#5151 = VECTOR ( 'NONE', #187, 1000.000000000000000 ) ;
#5152 = LINE ( 'NONE', #4950, #5274 ) ;
#5153 = AXIS2_PLACEMENT_3D ( 'NONE', #1402, #21, #4009 ) ;
#5154 = DIRECTION ( 'NONE',  ( 0.0000000000000000000, 0.0000000000000000000, -1.000000000000000000 ) ) ;
#5155 = CARTESIAN_POINT ( 'NONE',  ( -2.375090593447391400, 0.5000000000000000000, 0.5867487305952322500 ) ) ;
#5156 = ORIENTED_EDGE ( 'NONE', *, *, #2372, .T. ) ;
#5157 = CARTESIAN_POINT ( 'NONE',  ( -2.600000000000000100, 0.0000000000000000000, 2.600000000000000100 ) ) ;
#5158 = PLANE ( 'NONE',  #1721 ) ;
#5159 = CC_DESIGN_PERSON_AND_ORGANIZATION_ASSIGNMENT ( #4220, #3599, ( #184 ) ) ;
#5160 = AXIS2_PLACEMENT_3D ( 'NONE', #1521, #5342, #1488 ) ;
#5161 = ORIENTED_EDGE ( 'NONE', *, *, #3754, .F. ) ;
#5162 = ORIENTED_EDGE ( 'NONE', *, *, #5607, .T. ) ;
#5163 = COORDINATED_UNIVERSAL_TIME_OFFSET ( 1, 0, .AHEAD. ) ;
#5164 = ADVANCED_FACE ( 'NONE', ( #3025 ), #3212, .T. ) ;
#5165 = VERTEX_POINT ( 'NONE', #1026 ) ;
#5166 = AXIS2_PLACEMENT_3D ( 'NONE', #2067, #2691, #4850 ) ;
#5167 = FACE_OUTER_BOUND ( 'NONE', #1586, .T. ) ;
#5168 = FACE_OUTER_BOUND ( 'NONE', #1690, .T. ) ;
#5169 = ORIENTED_EDGE ( 'NONE', *, *, #5243, .T. ) ;
#5170 = CARTESIAN_POINT ( 'NONE',  ( -0.6500000000000012400, 0.6049999999999999800, -1.400000000000000100 ) ) ;
#5171 = CARTESIAN_POINT ( 'NONE',  ( 0.0000000000000000000, -0.02500000000000000100, 0.0000000000000000000 ) ) ;
#5172 = VERTEX_POINT ( 'NONE', #3624 ) ;
#5173 = EDGE_CURVE ( 'NONE', #1926, #4592, #4571, .T. ) ;
#5174 = VECTOR ( 'NONE', #5275, 1000.000000000000000 ) ;
#5175 = LINE ( 'NONE', #1180, #91 ) ;
#5176 = FACE_OUTER_BOUND ( 'NONE', #1561, .T. ) ;
#5177 = VECTOR ( 'NONE', #3320, 1000.000000000000000 ) ;
#5178 = DIRECTION ( 'NONE',  ( -0.0000000000000000000, -1.000000000000000000, -0.0000000000000000000 ) ) ;
#5179 = CARTESIAN_POINT ( 'NONE',  ( 0.2499999999999958900, 0.5000000000000000000, 0.2500000000000028300 ) ) ;
#5180 = EDGE_CURVE ( 'NONE', #1828, #5147, #2420, .T. ) ;
#5181 = FACE_BOUND ( 'NONE', #4934, .T. ) ;
#5182 = VECTOR ( 'NONE', #3084, 1000.000000000000000 ) ;
#5183 = CARTESIAN_POINT ( 'NONE',  ( -0.6500000000000011300, 0.6000000000000000900, -0.3500000000000000300 ) ) ;
#5184 = AXIS2_PLACEMENT_3D ( 'NONE', #2142, #5527, #770 ) ;
#5185 = VECTOR ( 'NONE', #32, 1000.000000000000000 ) ;
#5186 = EDGE_LOOP ( 'NONE', ( #1485, #934, #148, #5419 ) ) ;
#5187 = VECTOR ( 'NONE', #4205, 1000.000000000000000 ) ;
#5188 = DIRECTION ( 'NONE',  ( 0.0000000000000000000, 0.0000000000000000000, -1.000000000000000000 ) ) ;
#5189 = DIRECTION ( 'NONE',  ( 0.0000000000000000000, 1.000000000000000000, 0.0000000000000000000 ) ) ;
#5190 = CARTESIAN_POINT ( 'NONE',  ( -0.2499999999999954500, 0.5250000000000000200, 0.2500000000000084400 ) ) ;
#5191 = ORIENTED_EDGE ( 'NONE', *, *, #3767, .T. ) ;
#5192 = CARTESIAN_POINT ( 'NONE',  ( 0.3000000000000007700, 0.0000000000000000000, 2.100000000000000500 ) ) ;
#5193 = FACE_OUTER_BOUND ( 'NONE', #2279, .T. ) ;
#5194 = ORIENTED_EDGE ( 'NONE', *, *, #1588, .T. ) ;
#5195 = EDGE_LOOP ( 'NONE', ( #5225, #551, #3583, #5299 ) ) ;
#5196 = ADVANCED_FACE ( 'NONE', ( #4974 ), #2810, .F. ) ;
#5197 = EDGE_LOOP ( 'NONE', ( #3045, #179, #4623, #3279 ) ) ;
#5198 = DIRECTION ( 'NONE',  ( 1.000000000000000000, 0.0000000000000000000, 0.0000000000000000000 ) ) ;
#5199 = EDGE_LOOP ( 'NONE', ( #39, #4267, #417, #366 ) ) ;
#5200 = VERTEX_POINT ( 'NONE', #648 ) ;
#5201 = DIRECTION ( 'NONE',  ( -0.0000000000000000000, 0.0000000000000000000, 1.000000000000000000 ) ) ;
#5202 = CARTESIAN_POINT ( 'NONE',  ( 1.900000000000000800, -0.02500000000000000100, 2.450000000000000600 ) ) ;
#5203 = EDGE_LOOP ( 'NONE', ( #2264, #5501, #2738 ) ) ;
#5204 = EDGE_CURVE ( 'NONE', #3252, #2851, #4641, .T. ) ;
#5205 = CARTESIAN_POINT ( 'NONE',  ( 0.0000000000000000000, -0.02500000000000000100, -2.449999999999999700 ) ) ;
#5206 = CARTESIAN_POINT ( 'NONE',  ( -0.2999999999999991000, 0.0000000000000000000, -2.449999999999999700 ) ) ;
#5207 = DIRECTION ( 'NONE',  ( 0.2670722855255386900, -0.9605230838007321500, -0.07789608327828123600 ) ) ;
#5208 = ORIENTED_EDGE ( 'NONE', *, *, #816, .F. ) ;
#5209 = CARTESIAN_POINT ( 'NONE',  ( 0.1500000000000060700, 0.5250000000000000200, 1.124999999999969800 ) ) ;
#5210 = CARTESIAN_POINT ( 'NONE',  ( -1.899999999999999200, -0.02500000000000000100, 2.450000000000000600 ) ) ;
#5211 = LINE ( 'NONE', #3750, #4546 ) ;
#5212 = LINE ( 'NONE', #3867, #1476 ) ;
#5213 = EDGE_CURVE ( 'NONE', #786, #37, #4093, .T. ) ;
#5214 = DIRECTION ( 'NONE',  ( 1.000000000000000000, 0.0000000000000000000, 0.0000000000000000000 ) ) ;
#5215 = FACE_BOUND ( 'NONE', #137, .T. ) ;
#5216 = DIRECTION ( 'NONE',  ( 0.0000000000000000000, 0.0000000000000000000, -1.000000000000000000 ) ) ;
#5217 = CARTESIAN_POINT ( 'NONE',  ( -0.3500000000000010900, 0.6049999999999999800, 3.614007241618359000E-017 ) ) ;
#5218 = PLANE ( 'NONE',  #390 ) ;
#5219 =( BOUNDED_CURVE ( )  B_SPLINE_CURVE ( 3, ( #3455, #810, #1263, #1300 ),
 .UNSPECIFIED., .F., .F. ) 
 B_SPLINE_CURVE_WITH_KNOTS ( ( 4, 4 ),
 ( 0.0000000000000000000, 0.9962244521830625500 ),
 .UNSPECIFIED. ) 
 CURVE ( )  GEOMETRIC_REPRESENTATION_ITEM ( )  RATIONAL_B_SPLINE_CURVE ( ( 1.000000000000000000, 0.4291591536073534100, 0.4270039166959369000, 0.9935342892657504900 ) ) 
 REPRESENTATION_ITEM ( '' )  );
#5220 = ORIENTED_EDGE ( 'NONE', *, *, #5348, .F. ) ;
#5221 = AXIS2_PLACEMENT_3D ( 'NONE', #3466, #3881, #1294 ) ;
#5222 = ORIENTED_EDGE ( 'NONE', *, *, #2573, .F. ) ;
#5223 = DIRECTION ( 'NONE',  ( -1.000000000000000000, 0.0000000000000000000, -1.055918637551113500E-014 ) ) ;
#5224 = CALENDAR_DATE ( 2019, 28, 10 ) ;
#5226 = ORIENTED_EDGE ( 'NONE', *, *, #3593, .T. ) ;
#5225 = ORIENTED_EDGE ( 'NONE', *, *, #5029, .F. ) ;
#5227 = CARTESIAN_POINT ( 'NONE',  ( -0.2499999999999954500, 0.5250000000000000200, 0.2500000000000084400 ) ) ;
#5228 = DIRECTION ( 'NONE',  ( 2.065146995210484400E-016, 0.0000000000000000000, 1.000000000000000000 ) ) ;
#5229 = CC_DESIGN_APPROVAL ( #397, ( #1288 ) ) ;
#5230 = CARTESIAN_POINT ( 'NONE',  ( -1.100000000000001400, 0.6049999999999999800, -1.399999999999999700 ) ) ;
#5231 = CARTESIAN_POINT ( 'NONE',  ( 1.400000000000001500, 0.6049999999999999800, -0.3499999999999963700 ) ) ;
#5232 = ORIENTED_EDGE ( 'NONE', *, *, #4249, .F. ) ;
#5233 = DIRECTION ( 'NONE',  ( -0.0000000000000000000, -1.000000000000000000, -0.0000000000000000000 ) ) ;
#5234 = VECTOR ( 'NONE', #2794, 1000.000000000000000 ) ;
#5235 = CARTESIAN_POINT ( 'NONE',  ( 0.3863054514437192500, 0.6050000000000017600, -1.271005756670996500 ) ) ;
#5236 = EDGE_CURVE ( 'NONE', #2911, #2480, #905, .T. ) ;
#5237 = VECTOR ( 'NONE', #2912, 1000.000000000000000 ) ;
#5238 = LINE ( 'NONE', #2914, #289 ) ;
#5239 = LINE ( 'NONE', #4287, #2681 ) ;
#5240 = EDGE_CURVE ( 'NONE', #3035, #1011, #4234, .T. ) ;
#5241 = CARTESIAN_POINT ( 'NONE',  ( 0.0000000000000000000, -0.02500000000000000100, 0.0000000000000000000 ) ) ;
#5242 = LINE ( 'NONE', #4579, #2684 ) ;
#5243 = EDGE_CURVE ( 'NONE', #607, #80, #4835, .T. ) ;
#5244 = VECTOR ( 'NONE', #3681, 1000.000000000000000 ) ;
#5245 = EDGE_CURVE ( 'NONE', #1454, #2425, #3821, .T. ) ;
#5246 = VECTOR ( 'NONE', #1709, 1000.000000000000000 ) ;
#5247 = ORIENTED_EDGE ( 'NONE', *, *, #3986, .F. ) ;
#5248 = CARTESIAN_POINT ( 'NONE',  ( -0.3000000000000112600, 0.6000000000000000900, 0.3000000000000030400 ) ) ;
#5249 = CARTESIAN_POINT ( 'NONE',  ( 0.6249999999999845700, 0.5000000000000000000, -0.1500000000000082700 ) ) ;
#5250 = CARTESIAN_POINT ( 'NONE',  ( 1.011922027653136900E-015, 0.6000000000000000900, -1.399999999999998800 ) ) ;
#5251 = VECTOR ( 'NONE', #3179, 1000.000000000000000 ) ;
#5252 = CARTESIAN_POINT ( 'NONE',  ( 0.2851200706794352900, 1.091632514127298700, -1.191493353948167600 ) ) ;
#5253 = ORIENTED_EDGE ( 'NONE', *, *, #4233, .F. ) ;
#5254 = VECTOR ( 'NONE', #1779, 1000.000000000000000 ) ;
#5255 = EDGE_LOOP ( 'NONE', ( #2913, #4471, #2574, #3680 ) ) ;
#5256 = ORIENTED_EDGE ( 'NONE', *, *, #193, .F. ) ;
#5257 = DIRECTION ( 'NONE',  ( -1.000000000000000000, 0.0000000000000000000, -6.608470384673549400E-015 ) ) ;
#5258 = CARTESIAN_POINT ( 'NONE',  ( -1.399999999999999700, -0.02500000000000000100, 0.0000000000000000000 ) ) ;
#5260 = DIRECTION ( 'NONE',  ( 1.000000000000000000, 0.0000000000000000000, 0.0000000000000000000 ) ) ;
#5259 = DIRECTION ( 'NONE',  ( 3.071906155375597300E-015, 0.0000000000000000000, -1.000000000000000000 ) ) ;
#5261 = EDGE_LOOP ( 'NONE', ( #2055, #5141, #2947, #5019 ) ) ;
#5262 = VERTEX_POINT ( 'NONE', #263 ) ;
#5263 = ORIENTED_EDGE ( 'NONE', *, *, #4086, .F. ) ;
#5264 = ORIENTED_EDGE ( 'NONE', *, *, #1265, .T. ) ;
#5265 = CARTESIAN_POINT ( 'NONE',  ( 2.399999999999999900, 0.0000000000000000000, -2.449999999999999700 ) ) ;
#5266 = VERTEX_POINT ( 'NONE', #5401 ) ;
#5267 = CARTESIAN_POINT ( 'NONE',  ( -0.2433075571673790900, 1.101985991729322200, -0.6980480375071530500 ) ) ;
#5268 = ORIENTED_EDGE ( 'NONE', *, *, #48, .T. ) ;
#5269 = DIRECTION ( 'NONE',  ( 0.0000000000000000000, -0.0000000000000000000, -1.000000000000000000 ) ) ;
#5270 = CARTESIAN_POINT ( 'NONE',  ( 0.4131747151231454600, 0.6069474020819570800, -1.228842625244249000 ) ) ;
#5271 = PLANE ( 'NONE',  #2887 ) ;
#5272 = EDGE_CURVE ( 'NONE', #3004, #3549, #4299, .T. ) ;
#5273 = DIRECTION ( 'NONE',  ( 0.0000000000000000000, 1.000000000000000000, 0.0000000000000000000 ) ) ;
#5274 = VECTOR ( 'NONE', #5121, 1000.000000000000000 ) ;
#5275 = DIRECTION ( 'NONE',  ( -0.0000000000000000000, -1.000000000000000000, -0.0000000000000000000 ) ) ;
#5276 = ORIENTED_EDGE ( 'NONE', *, *, #4816, .F. ) ;
#5277 = LINE ( 'NONE', #3452, #802 ) ;
#5278 = EDGE_CURVE ( 'NONE', #1930, #1885, #2413, .T. ) ;
#5279 = FACE_OUTER_BOUND ( 'NONE', #4365, .T. ) ;
#5280 = FACE_OUTER_BOUND ( 'NONE', #5057, .T. ) ;
#5281 = CARTESIAN_POINT ( 'NONE',  ( -0.1500000000000002700, 0.5249999999999999100, -0.7000000000000007300 ) ) ;
#5282 = EDGE_CURVE ( 'NONE', #2851, #4475, #825, .T. ) ;
#5283 = CARTESIAN_POINT ( 'NONE',  ( 0.3730322788201659300, 0.5932916848317065800, -0.5474489186774524900 ) ) ;
#5284 = CARTESIAN_POINT ( 'NONE',  ( -0.1935534813419279000, 1.027660447005099400, -1.051880234608604900 ) ) ;
#5285 = EDGE_LOOP ( 'NONE', ( #2175, #2976, #2131, #1130 ) ) ;
#5286 = AXIS2_PLACEMENT_3D ( 'NONE', #5241, #2223, #4369 ) ;
#5287 = CARTESIAN_POINT ( 'NONE',  ( -0.3500000000000109100, 0.6000000000000000900, 1.040056992122276900 ) ) ;
#5288 = EDGE_LOOP ( 'NONE', ( #624, #1550, #2910, #706 ) ) ;
#5289 = EDGE_LOOP ( 'NONE', ( #5321, #4727, #1394, #5162 ) ) ;
#5290 = DATE_AND_TIME ( #3424, #4894 ) ;
#5291 = AXIS2_PLACEMENT_3D ( 'NONE', #4826, #3545, #947 ) ;
#5292 = PLANE ( 'NONE',  #4182 ) ;
#5294 = ORIENTED_EDGE ( 'NONE', *, *, #3347, .T. ) ;
#5293 = ORIENTED_EDGE ( 'NONE', *, *, #2801, .F. ) ;
#5295 = CARTESIAN_POINT ( 'NONE',  ( 0.3954953942859793500, 0.6049999999999999800, -1.225222762611033500 ) ) ;
#5296 = VECTOR ( 'NONE', #1214, 1000.000000000000000 ) ;
#5297 = VECTOR ( 'NONE', #4492, 1000.000000000000000 ) ;
#5298 = ORIENTED_EDGE ( 'NONE', *, *, #1192, .T. ) ;
#5299 = ORIENTED_EDGE ( 'NONE', *, *, #2367, .T. ) ;
#5300 = APPROVAL_ROLE ( '' ) ;
#5301 = EDGE_CURVE ( 'NONE', #1286, #2911, #5502, .T. ) ;
#5302 = CARTESIAN_POINT ( 'NONE',  ( 1.400000000000001200, 0.6000000000000000900, 9.830099697201915300E-015 ) ) ;
#5303 = FACE_OUTER_BOUND ( 'NONE', #4228, .T. ) ;
#5304 = CARTESIAN_POINT ( 'NONE',  ( 0.3000000000000090900, 0.6000000000000000900, -0.3000000000000051500 ) ) ;
#5305 = VECTOR ( 'NONE', #1612, 1000.000000000000000 ) ;
#5306 = CARTESIAN_POINT ( 'NONE',  ( 2.400000000000000400, 0.0000000000000000000, 0.3000000000000012700 ) ) ;
#5307 = LINE ( 'NONE', #3024, #4166 ) ;
#5308 = VECTOR ( 'NONE', #5445, 1000.000000000000000 ) ;
#5309 = CARTESIAN_POINT ( 'NONE',  ( -0.6249999999999937800, 0.5250000000000000200, 0.1500000000000071000 ) ) ;
#5310 = CARTESIAN_POINT ( 'NONE',  ( -0.2500000000000006700, 0.5250000000000000200, -1.500000000000000900 ) ) ;
#5311 = LINE ( 'NONE', #67, #2012 ) ;
#5312 = VECTOR ( 'NONE', #1863, 1000.000000000000000 ) ;
#5313 = CARTESIAN_POINT ( 'NONE',  ( 1.400000000000005000, 0.6049999999999999800, -1.399999999999996400 ) ) ;
#5314 = CARTESIAN_POINT ( 'NONE',  ( -0.1433075571673792800, 0.9319468683535534500, -0.6480480375071529000 ) ) ;
#5315 = EDGE_CURVE ( 'NONE', #800, #2773, #2351, .T. ) ;
#5316 = VECTOR ( 'NONE', #1654, 1000.000000000000000 ) ;
#5317 = ORIENTED_EDGE ( 'NONE', *, *, #811, .F. ) ;
#5318 = EDGE_CURVE ( 'NONE', #3628, #4118, #3494, .T. ) ;
#5319 = FACE_OUTER_BOUND ( 'NONE', #3597, .T. ) ;
#5320 = PERSON_AND_ORGANIZATION_ROLE ( 'creator' ) ;
#5321 = ORIENTED_EDGE ( 'NONE', *, *, #5093, .F. ) ;
#5322 = DIRECTION ( 'NONE',  ( 0.0000000000000000000, 0.0000000000000000000, -1.000000000000000000 ) ) ;
#5323 = VECTOR ( 'NONE', #5351, 1000.000000000000000 ) ;
#5324 = ORIENTED_EDGE ( 'NONE', *, *, #2406, .F. ) ;
#5325 = ORIENTED_EDGE ( 'NONE', *, *, #4125, .T. ) ;
#5326 = PLANE ( 'NONE',  #1876 ) ;
#5327 = ORIENTED_EDGE ( 'NONE', *, *, #5458, .T. ) ;
#5328 = ORIENTED_EDGE ( 'NONE', *, *, #2584, .T. ) ;
#5329 = CARTESIAN_POINT ( 'NONE',  ( -0.6249999999999937800, 0.5000000000000000000, 0.1500000000000071000 ) ) ;
#5330 = ORIENTED_EDGE ( 'NONE', *, *, #2680, .T. ) ;
#5331 = AXIS2_PLACEMENT_3D ( 'NONE', #1910, #1090, #4959 ) ;
#5332 = ORIENTED_EDGE ( 'NONE', *, *, #4493, .F. ) ;
#5333 = ORIENTED_EDGE ( 'NONE', *, *, #3463, .T. ) ;
#5334 = CARTESIAN_POINT ( 'NONE',  ( 1.900000000000000800, -0.02500000000000000100, 0.3000000000000012100 ) ) ;
#5335 = CARTESIAN_POINT ( 'NONE',  ( -0.2000000000000002100, 0.5250000000000000200, -0.7000000000000006200 ) ) ;
#5336 = DIRECTION ( 'NONE',  ( 1.000000000000000000, -0.0000000000000000000, 3.433306879537430400E-015 ) ) ;
#5337 = LINE ( 'NONE', #2434, #3139 ) ;
#5338 = ORIENTED_EDGE ( 'NONE', *, *, #3374, .F. ) ;
#5339 = DATE_TIME_ROLE ( 'creation_date' ) ;
#5340 = DIRECTION ( 'NONE',  ( -0.0000000000000000000, -1.000000000000000000, -0.0000000000000000000 ) ) ;
#5341 = LINE ( 'NONE', #1020, #5543 ) ;
#5342 = DIRECTION ( 'NONE',  ( -1.000000000000000000, 0.0000000000000000000, 0.0000000000000000000 ) ) ;
#5343 = VECTOR ( 'NONE', #4807, 1000.000000000000000 ) ;
#5344 = DIRECTION ( 'NONE',  ( -3.614007241618360200E-015, 0.0000000000000000000, 1.000000000000000000 ) ) ;
#5345 = EDGE_CURVE ( 'NONE', #1115, #5380, #17, .T. ) ;
#5346 = DIRECTION ( 'NONE',  ( 1.000000000000000000, 0.0000000000000000000, 3.758567531283069900E-015 ) ) ;
#5347 = VECTOR ( 'NONE', #2357, 1000.000000000000000 ) ;
#5348 = EDGE_CURVE ( 'NONE', #5560, #4017, #2675, .T. ) ;
#5349 = EDGE_CURVE ( 'NONE', #4755, #1815, #1176, .T. ) ;
#5350 = ORIENTED_EDGE ( 'NONE', *, *, #2037, .T. ) ;
#5351 = DIRECTION ( 'NONE',  ( -1.000000000000000000, 0.0000000000000000000, -6.866613759074865600E-015 ) ) ;
#5352 = ADVANCED_FACE ( 'NONE', ( #4510 ), #1546, .F. ) ;
#5353 = CARTESIAN_POINT ( 'NONE',  ( 1.449999999999993700, 0.6000000000000000900, 0.3000000000000183600 ) ) ;
#5354 = ORIENTED_EDGE ( 'NONE', *, *, #152, .F. ) ;
#5355 = DIRECTION ( 'NONE',  ( 0.2799999999999992500, 0.0000000000000000000, -0.9600000000000001900 ) ) ;
#5356 = PERSON_AND_ORGANIZATION ( #5627, #2878 ) ;
#5357 = DIRECTION ( 'NONE',  ( -1.000000000000000000, 0.0000000000000000000, -6.814985084194595100E-015 ) ) ;
#5358 = DIRECTION ( 'NONE',  ( 0.0000000000000000000, -1.000000000000000000, 0.0000000000000000000 ) ) ;
#5360 = VERTEX_POINT ( 'NONE', #681 ) ;
#5359 = ORIENTED_EDGE ( 'NONE', *, *, #5204, .F. ) ;
#5361 = CARTESIAN_POINT ( 'NONE',  ( 0.3000000000000007700, -0.02500000000000000100, -2.099999999999999600 ) ) ;
#5362 = VECTOR ( 'NONE', #5178, 1000.000000000000000 ) ;
#5363 = CARTESIAN_POINT ( 'NONE',  ( -1.500000000000000000, 0.5000000000000000000, 1.500000000000004000 ) ) ;
#5364 = ORIENTED_EDGE ( 'NONE', *, *, #265, .T. ) ;
#5365 = ORIENTED_EDGE ( 'NONE', *, *, #2650, .F. ) ;
#5366 = AXIS2_PLACEMENT_3D ( 'NONE', #4383, #3143, #2676 ) ;
#5367 = VECTOR ( 'NONE', #726, 1000.000000000000000 ) ;
#5368 = AXIS2_PLACEMENT_3D ( 'NONE', #4722, #2108, #2126 ) ;
#5369 = DIRECTION ( 'NONE',  ( 0.0000000000000000000, 0.0000000000000000000, -1.000000000000000000 ) ) ;
#5370 = LINE ( 'NONE', #4784, #1604 ) ;
#5371 = VECTOR ( 'NONE', #5010, 1000.000000000000000 ) ;
#5372 = CARTESIAN_POINT ( 'NONE',  ( -0.2999999999999988200, -0.02500000000000000100, 2.100000000000001000 ) ) ;
#5373 = VECTOR ( 'NONE', #3362, 1000.000000000000000 ) ;
#5374 = EDGE_CURVE ( 'NONE', #3414, #1199, #620, .T. ) ;
#5375 = CARTESIAN_POINT ( 'NONE',  ( -0.2500000000000006700, 0.5000000000000000000, -1.500000000000000900 ) ) ;
#5376 = VECTOR ( 'NONE', #3625, 1000.000000000000000 ) ;
#5377 = CARTESIAN_POINT ( 'NONE',  ( 2.400000000000000400, -0.02500000000000000100, 0.3000000000000012700 ) ) ;
#5378 = CARTESIAN_POINT ( 'NONE',  ( 1.400000000000000100, 0.0000000000000000000, 2.100000000000000500 ) ) ;
#5379 = VECTOR ( 'NONE', #5216, 1000.000000000000000 ) ;
#5380 = VERTEX_POINT ( 'NONE', #5477 ) ;
#5381 = ADVANCED_FACE ( 'NONE', ( #2217 ), #2846, .F. ) ;
#5382 = LINE ( 'NONE', #808, #3578 ) ;
#5383 = DIRECTION ( 'NONE',  ( -1.000000000000000000, 0.0000000000000000000, -3.632077277826439900E-015 ) ) ;
#5384 = EDGE_CURVE ( 'NONE', #1315, #4734, #3367, .T. ) ;
#5385 = ORIENTED_EDGE ( 'NONE', *, *, #1962, .T. ) ;
#5386 = FACE_OUTER_BOUND ( 'NONE', #2813, .T. ) ;
#5387 = VERTEX_POINT ( 'NONE', #2460 ) ;
#5388 = VERTEX_POINT ( 'NONE', #2419 ) ;
#5389 = UNCERTAINTY_MEASURE_WITH_UNIT (LENGTH_MEASURE( 1.000000000000000100E-005 ), #4416, 'distance_accuracy_value', 'NONE');
#5390 = EDGE_CURVE ( 'NONE', #2167, #3940, #3158, .T. ) ;
#5391 = DIRECTION ( 'NONE',  ( 1.000000000000000000, 0.0000000000000000000, 1.055918637551113500E-014 ) ) ;
#5392 = EDGE_CURVE ( 'NONE', #2720, #2096, #1932, .T. ) ;
#5393 = EDGE_LOOP ( 'NONE', ( #4548, #4800, #223, #1002 ) ) ;
#5394 = PLANE ( 'NONE',  #2275 ) ;
#5395 = VERTEX_POINT ( 'NONE', #225 ) ;
#5396 = EDGE_LOOP ( 'NONE', ( #1218, #4981, #3124, #271 ) ) ;
#5397 = VERTEX_POINT ( 'NONE', #1622 ) ;
#5398 = DIRECTION ( 'NONE',  ( 0.0000000000000000000, 0.0000000000000000000, -1.000000000000000000 ) ) ;
#5399 = PLANE ( 'NONE',  #2988 ) ;
#5400 = ORIENTED_EDGE ( 'NONE', *, *, #2931, .F. ) ;
#5401 = CARTESIAN_POINT ( 'NONE',  ( -0.1999999999999987900, 0.5250000000000000200, -1.050000000000000700 ) ) ;
#5402 = ORIENTED_EDGE ( 'NONE', *, *, #5093, .T. ) ;
#5403 = AXIS2_PLACEMENT_3D ( 'NONE', #2657, #78, #1325 ) ;
#5404 = AXIS2_PLACEMENT_3D ( 'NONE', #4918, #5344, #2824 ) ;
#5405 = FACE_OUTER_BOUND ( 'NONE', #1449, .T. ) ;
#5406 = PRODUCT_DEFINITION_SHAPE ( 'NONE', 'NONE',  #1288 ) ;
#5407 = ORIENTED_EDGE ( 'NONE', *, *, #3909, .F. ) ;
#5408 = PLANE ( 'NONE',  #2348 ) ;
#5409 = LINE ( 'NONE', #4698, #253 ) ;
#5410 = PLANE ( 'NONE',  #2198 ) ;
#5411 = ADVANCED_FACE ( 'NONE', ( #3553 ), #2861, .F. ) ;
#5412 = CARTESIAN_POINT ( 'NONE',  ( -0.008349065841095756500, 0.7000145223148579500, 0.0000000000000000000 ) ) ;
#5413 = CARTESIAN_POINT ( 'NONE',  ( -1.399999999999999700, -0.02500000000000000100, -0.0000000000000000000 ) ) ;
#5414 = ORIENTED_EDGE ( 'NONE', *, *, #4322, .F. ) ;
#5415 = CARTESIAN_POINT ( 'NONE',  ( -2.399999999999999500, -0.02500000000000000100, 4.841088770167832500E-016 ) ) ;
#5416 = PLANE ( 'NONE',  #5160 ) ;
#5417 = CARTESIAN_POINT ( 'NONE',  ( 0.4000000000000045200, 0.6049999999999998700, -1.249999999999999800 ) ) ;
#5418 = EDGE_CURVE ( 'NONE', #3318, #5456, #3226, .T. ) ;
#5419 = ORIENTED_EDGE ( 'NONE', *, *, #2686, .T. ) ;
#5420 = EDGE_CURVE ( 'NONE', #655, #2477, #4157, .T. ) ;
#5421 = EDGE_CURVE ( 'NONE', #1890, #4568, #210, .T. ) ;
#5422 = ORIENTED_EDGE ( 'NONE', *, *, #1960, .T. ) ;
#5423 = VERTEX_POINT ( 'NONE', #3407 ) ;
#5424 = APPROVAL_PERSON_ORGANIZATION ( #3214, #2280, #1902 ) ;
#5425 = CARTESIAN_POINT ( 'NONE',  ( -0.7400569921222808200, 0.6000000000000000900, -1.400000000000000400 ) ) ;
#5427 = ORIENTED_EDGE ( 'NONE', *, *, #1894, .F. ) ;
#5426 = ORIENTED_EDGE ( 'NONE', *, *, #226, .F. ) ;
#5428 = DIRECTION ( 'NONE',  ( -3.942553354492746000E-016, 0.0000000000000000000, -1.000000000000000000 ) ) ;
#5429 = CARTESIAN_POINT ( 'NONE',  ( 1.400000000000003900, 0.6000000000000000900, -1.040056992122275800 ) ) ;
#5430 = FACE_BOUND ( 'NONE', #2500, .T. ) ;
#5431 = DIRECTION ( 'NONE',  ( -0.0000000000000000000, -1.000000000000000000, -0.0000000000000000000 ) ) ;
#5432 = LINE ( 'NONE', #725, #5297 ) ;
#5433 = ORIENTED_EDGE ( 'NONE', *, *, #4373, .F. ) ;
#5434 = ORIENTED_EDGE ( 'NONE', *, *, #3593, .F. ) ;
#5435 = ADVANCED_FACE ( 'NONE', ( #3428 ), #335, .F. ) ;
#5436 = DIRECTION ( 'NONE',  ( 1.000000000000000000, 0.0000000000000000000, -1.084202172485504400E-016 ) ) ;
#5437 = FACE_OUTER_BOUND ( 'NONE', #2967, .T. ) ;
#5438 = LINE ( 'NONE', #4742, #1872 ) ;
#5439 = VECTOR ( 'NONE', #3046, 1000.000000000000000 ) ;
#5440 = LINE ( 'NONE', #2034, #3028 ) ;
#5441 = AXIS2_PLACEMENT_3D ( 'NONE', #2063, #3322, #735 ) ;
#5442 = DIRECTION ( 'NONE',  ( 0.0000000000000000000, 0.0000000000000000000, -1.000000000000000000 ) ) ;
#5443 = VECTOR ( 'NONE', #2098, 1000.000000000000000 ) ;
#5444 = LINE ( 'NONE', #4000, #2693 ) ;
#5445 = DIRECTION ( 'NONE',  ( 1.000000000000000000, 0.0000000000000000000, 1.084202172485504400E-016 ) ) ;
#5446 = EDGE_CURVE ( 'NONE', #2349, #1175, #1247, .T. ) ;
#5447 = CARTESIAN_POINT ( 'NONE',  ( 0.0000000000000000000, -0.02500000000000000100, -2.449999999999999700 ) ) ;
#5448 = VECTOR ( 'NONE', #4801, 1000.000000000000000 ) ;
#5449 = ORIENTED_EDGE ( 'NONE', *, *, #629, .T. ) ;
#5450 = DIRECTION ( 'NONE',  ( 0.2670722855255381300, -0.9605230838007323700, 0.07789608327828172200 ) ) ;
#5451 = LINE ( 'NONE', #4455, #434 ) ;
#5452 = CARTESIAN_POINT ( 'NONE',  ( 1.400000000000000800, 0.6049999999999999800, 4.047688110612554900E-015 ) ) ;
#5453 = CARTESIAN_POINT ( 'NONE',  ( -1.449999999999996400, 0.6000000000000000900, 0.2999999999999910500 ) ) ;
#5454 = ORIENTED_EDGE ( 'NONE', *, *, #2372, .F. ) ;
#5455 = FACE_OUTER_BOUND ( 'NONE', #1564, .T. ) ;
#5456 = VERTEX_POINT ( 'NONE', #5157 ) ;
#5457 = ORIENTED_EDGE ( 'NONE', *, *, #4045, .T. ) ;
#5458 = EDGE_CURVE ( 'NONE', #4732, #5092, #5569, .T. ) ;
#5459 = EDGE_LOOP ( 'NONE', ( #4274, #51, #4213, #4971 ) ) ;
#5460 = ORIENTED_EDGE ( 'NONE', *, *, #1087, .F. ) ;
#5461 = EDGE_CURVE ( 'NONE', #5123, #4122, #3956, .T. ) ;
#5462 = ORIENTED_EDGE ( 'NONE', *, *, #3525, .T. ) ;
#5463 = CARTESIAN_POINT ( 'NONE',  ( 0.3500000000000022500, 0.6000000000000000900, -0.6500000000000000200 ) ) ;
#5464 = CARTESIAN_POINT ( 'NONE',  ( 2.399999999999999900, -0.02500000000000000100, -2.449999999999999700 ) ) ;
#5465 = ORIENTED_EDGE ( 'NONE', *, *, #92, .T. ) ;
#5466 = ADVANCED_FACE ( 'NONE', ( #1110 ), #377, .F. ) ;
#5467 = EDGE_LOOP ( 'NONE', ( #1462, #2807, #4398, #2017 ) ) ;
#5468 = CARTESIAN_POINT ( 'NONE',  ( 0.2499999999999958900, 0.5000000000000000000, 0.2500000000000028300 ) ) ;
#5469 = AXIS2_PLACEMENT_3D ( 'NONE', #5171, #2162, #1241 ) ;
#5470 = CARTESIAN_POINT ( 'NONE',  ( -0.1435534813419278300, 0.9534615568047636300, -1.051880234608604900 ) ) ;
#5471 = CARTESIAN_POINT ( 'NONE',  ( -8.279362044434763700E-016, -0.02500000000000000100, -2.099999999999999600 ) ) ;
#5472 = DIRECTION ( 'NONE',  ( -1.011922027653137300E-014, 0.0000000000000000000, 1.000000000000000000 ) ) ;
#5473 = FACE_BOUND ( 'NONE', #3061, .T. ) ;
#5474 = CARTESIAN_POINT ( 'NONE',  ( 0.6499999999999988000, 0.6000000000000000900, 0.3500000000000047500 ) ) ;
#5475 = ORIENTED_EDGE ( 'NONE', *, *, #776, .F. ) ;
#5476 = DIRECTION ( 'NONE',  ( 1.029992063861229800E-014, 0.0000000000000000000, -1.000000000000000000 ) ) ;
#5477 = CARTESIAN_POINT ( 'NONE',  ( -1.399999999999999700, -0.0000000000000000000, 2.100000000000001000 ) ) ;
#5478 = AXIS2_PLACEMENT_3D ( 'NONE', #4986, #1986, #5398 ) ;
#5479 = VECTOR ( 'NONE', #1881, 1000.000000000000000 ) ;
#5480 = VECTOR ( 'NONE', #2225, 1000.000000000000000 ) ;
#5481 = CYLINDRICAL_SURFACE ( 'NONE', #5331, 0.2500000000000002200 ) ;
#5482 = EDGE_CURVE ( 'NONE', #4525, #2036, #5106, .T. ) ;
#5483 = ORIENTED_EDGE ( 'NONE', *, *, #4820, .T. ) ;
#5484 = DIRECTION ( 'NONE',  ( 0.0000000000000000000, 1.000000000000000000, 0.0000000000000000000 ) ) ;
#5485 = CARTESIAN_POINT ( 'NONE',  ( 0.3464843811753258200, 0.5896989836417660900, -1.244807944509468900 ) ) ;
#5486 = DIRECTION ( 'NONE',  ( 1.000000000000000000, -0.0000000000000000000, 0.0000000000000000000 ) ) ;
#5487 = CARTESIAN_POINT ( 'NONE',  ( -2.276824562219564800E-015, 0.6049999999999999800, 0.3500000000000007000 ) ) ;
#5488 = PLANE ( 'NONE',  #3040 ) ;
#5489 = PLANE ( 'NONE',  #5166 ) ;
#5490 = ORIENTED_EDGE ( 'NONE', *, *, #3550, .F. ) ;
#5491 = ADVANCED_FACE ( 'NONE', ( #3291 ), #483, .F. ) ;
#5492 = ADVANCED_FACE ( 'NONE', ( #5430, #1864, #1528 ), #1691, .F. ) ;
#5493 = PERSON_AND_ORGANIZATION ( #5627, #2878 ) ;
#5494 = CARTESIAN_POINT ( 'NONE',  ( 0.3750030250919052000, 0.6050000000081301500, -0.5073132731145373300 ) ) ;
#5495 = EDGE_CURVE ( 'NONE', #3155, #2520, #413, .T. ) ;
#5496 = PLANE ( 'NONE',  #915 ) ;
#5498 = ORIENTED_EDGE ( 'NONE', *, *, #5418, .F. ) ;
#5497 = ORIENTED_EDGE ( 'NONE', *, *, #5461, .F. ) ;
#5499 = EDGE_CURVE ( 'NONE', #3918, #4186, #3817, .T. ) ;
#5500 = ORIENTED_EDGE ( 'NONE', *, *, #3801, .T. ) ;
#5501 = ORIENTED_EDGE ( 'NONE', *, *, #198, .T. ) ;
#5502 = LINE ( 'NONE', #1116, #2814 ) ;
#5503 = DIRECTION ( 'NONE',  ( 1.000000000000000000, -0.0000000000000000000, 0.0000000000000000000 ) ) ;
#5504 = LINE ( 'NONE', #4861, #4236 ) ;
#5505 = DIRECTION ( 'NONE',  ( 0.0000000000000000000, 0.0000000000000000000, -1.000000000000000000 ) ) ;
#5506 = LINE ( 'NONE', #5086, #3439 ) ;
#5507 = DIRECTION ( 'NONE',  ( 0.0000000000000000000, -0.0000000000000000000, 1.000000000000000000 ) ) ;
#5508 = AXIS2_PLACEMENT_3D ( 'NONE', #56, #1818, #2221 ) ;
#5509 = AXIS2_PLACEMENT_3D ( 'NONE', #5258, #492, #2624 ) ;
#5510 = CARTESIAN_POINT ( 'NONE',  ( 0.3748752451445686600, 0.6049999999999997600, -1.255652414354458300 ) ) ;
#5511 = LINE ( 'NONE', #4636, #4243 ) ;
#5512 = VECTOR ( 'NONE', #1219, 1000.000000000000100 ) ;
#5513 = DIRECTION ( 'NONE',  ( -1.000000000000000000, 0.0000000000000000000, -3.394024192128579300E-015 ) ) ;
#5514 = VECTOR ( 'NONE', #4882, 1000.000000000000000 ) ;
#5515 = ORIENTED_EDGE ( 'NONE', *, *, #2939, .T. ) ;
#5516 = VECTOR ( 'NONE', #391, 1000.000000000000000 ) ;
#5517 = CC_DESIGN_DATE_AND_TIME_ASSIGNMENT ( #1922, #3579, ( #1288 ) ) ;
#5518 = DIRECTION ( 'NONE',  ( 0.0000000000000000000, 0.0000000000000000000, 1.000000000000000000 ) ) ;
#5519 = ORIENTED_EDGE ( 'NONE', *, *, #2120, .F. ) ;
#5520 = ADVANCED_FACE ( 'NONE', ( #1592 ), #322, .T. ) ;
#5521 = LINE ( 'NONE', #2201, #4391 ) ;
#5522 = ORIENTED_EDGE ( 'NONE', *, *, #1742, .F. ) ;
#5523 = EDGE_LOOP ( 'NONE', ( #5465, #2631, #4695, #1688 ) ) ;
#5524 = EDGE_CURVE ( 'NONE', #3585, #3213, #2669, .T. ) ;
#5525 = CARTESIAN_POINT ( 'NONE',  ( -0.2000000000000002100, 0.5250000000000000200, -1.050000000000000500 ) ) ;
#5526 = DIRECTION ( 'NONE',  ( 9.396418828207710400E-015, 0.0000000000000000000, -1.000000000000000000 ) ) ;
#5527 = DIRECTION ( 'NONE',  ( -1.000000000000000000, 0.0000000000000000000, -1.011922027653137300E-014 ) ) ;
#5528 = EDGE_LOOP ( 'NONE', ( #1583, #4251, #1523, #939 ) ) ;
#5529 = DIRECTION ( 'NONE',  ( 0.0000000000000000000, 1.000000000000000000, -0.0000000000000000000 ) ) ;
#5530 = CARTESIAN_POINT ( 'NONE',  ( -1.124999999999993800, 0.5250000000000000200, 0.1500000000000052700 ) ) ;
#5531 = ORIENTED_EDGE ( 'NONE', *, *, #4134, .F. ) ;
#5532 = ORIENTED_EDGE ( 'NONE', *, *, #5240, .T. ) ;
#5533 = ADVANCED_FACE ( 'NONE', ( #4764 ), #5089, .F. ) ;
#5534 = ORIENTED_EDGE ( 'NONE', *, *, #3308, .F. ) ;
#5535 = EDGE_CURVE ( 'NONE', #4340, #5024, #341, .T. ) ;
#5536 = EDGE_CURVE ( 'NONE', #3356, #5388, #4505, .T. ) ;
#5537 = DIRECTION ( 'NONE',  ( 0.0000000000000000000, -0.0000000000000000000, -1.000000000000000000 ) ) ;
#5538 = DIRECTION ( 'NONE',  ( 0.0000000000000000000, 0.0000000000000000000, -1.000000000000000000 ) ) ;
#5539 = EDGE_CURVE ( 'NONE', #4118, #995, #2809, .T. ) ;
#5540 = ORIENTED_EDGE ( 'NONE', *, *, #4627, .F. ) ;
#5541 = CARTESIAN_POINT ( 'NONE',  ( 1.400000000000003900, 0.6049999999999999800, -1.040056992122275800 ) ) ;
#5542 = ORIENTED_EDGE ( 'NONE', *, *, #4493, .T. ) ;
#5543 = VECTOR ( 'NONE', #1539, 1000.000000000000000 ) ;
#5544 = ORIENTED_EDGE ( 'NONE', *, *, #1048, .T. ) ;
#5545 = LINE ( 'NONE', #2670, #61 ) ;
#5546 = AXIS2_PLACEMENT_3D ( 'NONE', #989, #122, #4867 ) ;
#5547 = PLANE ( 'NONE',  #3174 ) ;
#5548 = FACE_OUTER_BOUND ( 'NONE', #1312, .T. ) ;
#5549 = ADVANCED_FACE ( 'NONE', ( #3361 ), #1362, .T. ) ;
#5550 = ADVANCED_FACE ( 'NONE', ( #3489 ), #4395, .F. ) ;
#5551 = CARTESIAN_POINT ( 'NONE',  ( 0.2999999999999961600, 0.6000000000000000900, 1.449999999999995500 ) ) ;
#5552 = CARTESIAN_POINT ( 'NONE',  ( 1.449999999999993700, 0.6000000000000000900, 0.3000000000000183600 ) ) ;
#5553 = DIRECTION ( 'NONE',  ( -3.304235192336774700E-015, 0.0000000000000000000, 1.000000000000000000 ) ) ;
#5554 = PRODUCT_RELATED_PRODUCT_CATEGORY ( 'detail', '', ( #4341 ) ) ;
#5555 = AXIS2_PLACEMENT_3D ( 'NONE', #4749, #882, #3922 ) ;
#5556 = CARTESIAN_POINT ( 'NONE',  ( 0.3000000000000090900, 0.6000000000000000900, -0.3000000000000051500 ) ) ;
#5557 = ADVANCED_FACE ( 'NONE', ( #1928 ), #896, .T. ) ;
#5558 = ORIENTED_EDGE ( 'NONE', *, *, #4858, .T. ) ;
#5559 = EDGE_CURVE ( 'NONE', #209, #1555, #1656, .T. ) ;
#5560 = VERTEX_POINT ( 'NONE', #1804 ) ;
#5561 = DIRECTION ( 'NONE',  ( 0.0000000000000000000, 0.0000000000000000000, -1.000000000000000000 ) ) ;
#5562 = PLANE ( 'NONE',  #2385 ) ;
#5563 = CARTESIAN_POINT ( 'NONE',  ( 0.3500000000000035900, 0.6049999999999999800, -1.040056992122279300 ) ) ;
#5564 = APPROVAL_DATE_TIME ( #4151, #3791 ) ;
#5565 = EDGE_CURVE ( 'NONE', #2575, #3575, #2605, .T. ) ;
#5566 = ORIENTED_EDGE ( 'NONE', *, *, #5392, .T. ) ;
#5567 = DIRECTION ( 'NONE',  ( -0.0000000000000000000, -1.000000000000000000, -0.0000000000000000000 ) ) ;
#5568 = DIRECTION ( 'NONE',  ( -0.0000000000000000000, -1.000000000000000000, -0.0000000000000000000 ) ) ;
#5569 = LINE ( 'NONE', #814, #4438 ) ;
#5570 = EDGE_CURVE ( 'NONE', #4998, #5128, #77, .T. ) ;
#5571 = DIRECTION ( 'NONE',  ( 0.0000000000000000000, 1.000000000000000000, 0.0000000000000000000 ) ) ;
#5572 = LINE ( 'NONE', #4320, #4440 ) ;
#5573 = EDGE_LOOP ( 'NONE', ( #2786, #1379, #4788, #2129 ) ) ;
#5574 = ORIENTED_EDGE ( 'NONE', *, *, #2499, .F. ) ;
#5575 = CARTESIAN_POINT ( 'NONE',  ( -0.6249999999999937800, 0.5250000000000000200, 0.1500000000000071000 ) ) ;
#5576 = FACE_OUTER_BOUND ( 'NONE', #3753, .T. ) ;
#5577 = PLANE ( 'NONE',  #1319 ) ;
#5578 = LINE ( 'NONE', #2933, #4447 ) ;
#5579 = ADVANCED_FACE ( 'NONE', ( #1172 ), #2232, .F. ) ;
#5580 = SPHERICAL_SURFACE ( 'NONE', #571, 2.374999999999999600 ) ;
#5581 = VECTOR ( 'NONE', #2922, 1000.000000000000000 ) ;
#5582 = DIRECTION ( 'NONE',  ( -4.336808689942016200E-015, 0.0000000000000000000, 1.000000000000000000 ) ) ;
#5583 = CARTESIAN_POINT ( 'NONE',  ( -5.808951952269991700E-015, 3.099999999999999600, 0.0000000000000000000 ) ) ;
#5584 = PLANE ( 'NONE',  #1714 ) ;
#5585 = LINE ( 'NONE', #473, #5251 ) ;
#5586 = ADVANCED_FACE ( 'NONE', ( #5167 ), #20, .F. ) ;
#5587 = AXIS2_PLACEMENT_3D ( 'NONE', #3472, #5603, #5223 ) ;
#5588 = LINE ( 'NONE', #2549, #4855 ) ;
#5589 = ORIENTED_EDGE ( 'NONE', *, *, #3311, .F. ) ;
#5590 = CARTESIAN_POINT ( 'NONE',  ( 0.3500000000000035900, 0.6049999999999999800, -1.040056992122279300 ) ) ;
#5591 = PLANE ( 'NONE',  #1029 ) ;
#5592 = LINE ( 'NONE', #2271, #2628 ) ;
#5593 = EDGE_CURVE ( 'NONE', #4838, #3386, #898, .T. ) ;
#5594 = ORIENTED_EDGE ( 'NONE', *, *, #1045, .T. ) ;
#5595 = LINE ( 'NONE', #3501, #2023 ) ;
#5596 = ORIENTED_EDGE ( 'NONE', *, *, #3875, .F. ) ;
#5597 = EDGE_LOOP ( 'NONE', ( #4016, #2165, #5222, #464 ) ) ;
#5598 = ORIENTED_EDGE ( 'NONE', *, *, #1007, .T. ) ;
#5599 = CARTESIAN_POINT ( 'NONE',  ( 2.600000000000000100, 0.0000000000000000000, -2.600000000000000500 ) ) ;
#5600 = EDGE_LOOP ( 'NONE', ( #2705, #4296, #2748, #3248 ) ) ;
#5601 = VERTEX_POINT ( 'NONE', #3076 ) ;
#5602 = CARTESIAN_POINT ( 'NONE',  ( -1.100000000000001200, 0.6049999999999999800, -0.3500000000000000300 ) ) ;
#5603 = DIRECTION ( 'NONE',  ( 1.055918637551113500E-014, 0.0000000000000000000, -1.000000000000000000 ) ) ;
#5604 = DIRECTION ( 'NONE',  ( 0.0000000000000000000, 0.0000000000000000000, 1.000000000000000000 ) ) ;
#5605 = CARTESIAN_POINT ( 'NONE',  ( 0.3000000000000090900, 0.5250000000000000200, -0.3000000000000051500 ) ) ;
#5606 = ORIENTED_EDGE ( 'NONE', *, *, #669, .F. ) ;
#5607 = EDGE_CURVE ( 'NONE', #3250, #3005, #1383, .T. ) ;
#5608 = EDGE_CURVE ( 'NONE', #3334, #5064, #5100, .T. ) ;
#5609 = CARTESIAN_POINT ( 'NONE',  ( -1.011922027653138500E-015, 0.6049999999999999800, -1.400000000000000800 ) ) ;
#5610 = EDGE_CURVE ( 'NONE', #3052, #1341, #207, .T. ) ;
#5611 = CARTESIAN_POINT ( 'NONE',  ( 0.3930000000000041800, 0.6049999999999999800, -1.274000000000000000 ) ) ;
#5612 = CIRCLE ( 'NONE', #2811, 2.391650934158903400 ) ;
#5613 = VERTEX_POINT ( 'NONE', #1304 ) ;
#5614 = VERTEX_POINT ( 'NONE', #433 ) ;
#5615 = ADVANCED_FACE ( 'NONE', ( #3086 ), #3917, .F. ) ;
#5616 = LINE ( 'NONE', #586, #3602 ) ;
#5617 = VECTOR ( 'NONE', #2138, 1000.000000000000000 ) ;
#5618 = AXIS2_PLACEMENT_3D ( 'NONE', #3542, #5201, #5214 ) ;
#5619 = AXIS2_PLACEMENT_3D ( 'NONE', #3735, #3335, #764 ) ;
#5620 = DIRECTION ( 'NONE',  ( -1.000000000000000000, 0.0000000000000000000, -1.032573497605242600E-014 ) ) ;
#5621 = DIRECTION ( 'NONE',  ( -0.0000000000000000000, 0.0000000000000000000, 1.000000000000000000 ) ) ;
#5622 = DIRECTION ( 'NONE',  ( -3.642919299551309100E-015, 0.0000000000000000000, 1.000000000000000000 ) ) ;
#5623 = CARTESIAN_POINT ( 'NONE',  ( 0.3000000000000004900, -0.02500000000000000100, -4.646580739223585300E-017 ) ) ;
#5624 = VERTEX_POINT ( 'NONE', #4451 ) ;
#5625 = DIRECTION ( 'NONE',  ( 1.000000000000000000, -0.0000000000000000000, 0.0000000000000000000 ) ) ;
#5626 = CC_DESIGN_APPROVAL ( #3791, ( #184 ) ) ;
#5627 = PERSON ( 'UNSPECIFIED', 'UNSPECIFIED', 'UNSPECIFIED', ('UNSPECIFIED'), ('UNSPECIFIED'), ('UNSPECIFIED') ) ;
#5628 = DIRECTION ( 'NONE',  ( 0.0000000000000000000, 1.000000000000000000, 0.0000000000000000000 ) ) ;
#5629 = CARTESIAN_POINT ( 'NONE',  ( 1.499999999999995300, 0.5250000000000000200, -1.500000000000005800 ) ) ;
#5630 = ORIENTED_EDGE ( 'NONE', *, *, #3339, .F. ) ;
ENDSEC;
END-ISO-10303-21;
